# Blender 4.3.2
# www.blender.org
mtllib Cloud1.mtl
o Sphere.001
v -1.842099 0.013456 -0.061577
v -1.837055 0.154924 -0.017283
v -1.840861 0.236072 -0.057426
v -1.862665 0.067188 -0.179019
v -1.866018 0.150655 -0.169352
v -1.834934 0.311089 -0.125908
v -1.844629 0.294260 -0.227396
v -1.934121 -0.405106 -0.619503
v -1.940049 -0.325615 -0.587732
v -1.936378 -0.230341 -0.572104
v -1.934734 -0.462326 -0.690348
v -1.973377 -0.321067 -0.681703
v -1.976962 -0.225773 -0.681703
v -1.945713 -0.459862 -0.774604
v -1.986476 -0.318012 -0.811310
v -1.987533 -0.208081 -0.771141
v -1.936914 -0.461389 -0.864994
v -1.980949 -0.219073 -0.861576
v -1.947079 -0.352248 -0.957791
v -1.924157 -0.249744 -1.051119
v -1.812376 -0.235205 -0.412622
v -1.852078 -0.454205 -0.522837
v -1.842321 -0.324728 -0.455124
v -1.844043 -0.565311 -0.643452
v -1.859119 -0.577429 -0.779916
v -1.846340 -0.571951 -0.904506
v -1.884379 -0.466727 -0.996040
v -1.916665 -0.316474 -1.055615
v -2.031625 0.284160 -0.829059
v -2.030392 0.491484 -0.832756
v -2.041009 0.353045 -0.927400
v -2.029754 0.265230 -1.005071
v -2.032445 0.479872 -1.010993
v -1.942022 -0.115088 -0.627086
v -1.944131 0.163083 -0.646407
v -1.962233 0.250661 -0.632682
v -1.940855 0.395751 -0.568837
v -1.926468 0.585420 -0.607154
v -1.916363 0.053008 -0.687077
v -2.003747 0.396231 -0.700945
v -1.963873 0.559009 -0.672451
v -1.941785 -0.034680 -0.781868
v -1.948515 0.058865 -0.781868
v -1.986816 0.155400 -0.776996
v -1.943323 -0.035187 -0.872290
v -1.957680 0.033294 -0.929268
v -2.005803 0.156048 -0.912961
v -1.941350 -0.128161 -0.943515
v -1.931928 -0.043682 -0.962943
v -1.843277 0.009596 -0.315274
v -1.847964 0.158297 -0.329853
v -1.838675 0.246304 -0.371242
v -1.848091 0.355122 -0.431289
v -1.821317 -0.100053 -0.438417
v -1.863232 -0.036497 -0.543252
v -1.827201 0.068532 -0.487404
v -1.869016 0.244368 -0.482843
v -1.917698 -0.034680 -0.672519
v -1.921503 0.014409 -0.748824
v -2.032135 -0.171968 -1.661994
v -2.027055 -0.188100 -1.749735
v -1.934193 -0.268846 -1.210926
v -1.933526 -0.338501 -1.344924
v -1.939186 -0.234599 -1.417793
v -1.913075 -0.321232 -1.613923
v -1.956831 -0.232274 -1.538565
v -1.942904 -0.291526 -1.761546
v -1.861268 -0.478709 -1.067241
v -1.846056 -0.563099 -1.228478
v -1.907627 -0.367106 -1.162514
v -1.917612 -0.213837 -1.159263
v -1.922293 -0.385039 -1.265687
v -1.837081 -0.589311 -1.350803
v -1.901659 -0.458524 -1.376765
v -1.841152 -0.557338 -1.481551
v -1.915686 -0.310437 -1.541641
v -1.848484 -0.442959 -1.598799
v -1.840318 -0.408008 -1.669867
v -1.852671 -0.358186 -1.765646
v -2.021287 0.355462 -1.101318
v -2.043299 -0.062399 -1.557498
v -2.033878 0.062078 -1.517671
v -2.030753 0.150779 -1.544962
v -2.037372 0.206293 -1.602260
v -2.069352 -0.035187 -1.634636
v -2.074410 0.060106 -1.634636
v -2.074989 -0.056976 -1.729895
v -2.080901 0.057373 -1.779029
v -2.056499 0.192061 -1.728509
v -1.908943 -0.024430 -1.086293
v -1.973052 0.134365 -1.106284
v -1.973722 0.242600 -1.196841
v -1.995903 0.484404 -1.151655
v -1.935836 -0.123841 -1.334776
v -1.948634 0.444223 -1.264052
v -1.936375 0.569350 -1.243591
v -1.934893 -0.066671 -1.364371
v -1.912821 0.087113 -1.343674
v -1.928338 0.166245 -1.389857
v -1.961628 -0.152262 -1.447902
v -1.919049 0.234858 -1.420109
v -1.954264 0.331402 -1.617050
v -1.991825 0.302814 -1.730844
v -1.903050 -0.130480 -1.062876
v -1.896898 -0.028257 -1.225037
v -1.913820 0.121404 -1.251961
v -1.896920 0.060106 -1.253463
v -1.927233 0.291718 -1.304875
v -1.910076 0.250693 -1.348756
v -1.901393 0.345986 -1.348756
v -1.852977 0.451806 -1.409758
v -1.842888 0.546739 -1.383228
v -1.867766 0.355237 -1.453082
v -1.910540 0.325483 -1.510845
v -1.812385 0.438955 -1.599944
v -1.914034 0.379907 -1.734480
v -1.171380 -0.181433 0.605087
v -1.066104 -0.180756 0.736547
v -1.060448 -0.235341 0.522044
v -1.552420 0.479647 0.795465
v -1.552517 0.306180 0.716793
v -1.551143 0.201462 0.600399
v -1.603660 0.384109 0.608962
v -1.603858 0.590912 0.650060
v -1.623286 0.422545 0.514768
v -1.622900 0.593325 0.550380
v -1.465582 0.326365 0.893319
v -1.482676 0.432546 0.900999
v -1.450305 0.536606 0.953526
v -1.460355 0.215036 0.831673
v -1.461780 0.099279 0.704645
v -1.463492 0.050143 0.559316
v -1.368182 0.272956 0.986246
v -1.411278 0.444104 0.990438
v -1.367195 0.140110 0.899951
v -1.354574 0.084417 0.860637
v -1.368908 0.000578 0.724995
v -1.267333 0.309338 1.084119
v -1.302695 0.437069 1.086607
v -1.309665 0.586918 1.085814
v -1.247741 0.127479 1.001317
v -1.255974 0.011020 0.889207
v -1.283612 -0.092075 0.674955
v -1.341168 -0.080631 0.552022
v -1.169489 0.194592 1.091394
v -1.165104 0.450618 1.168746
v -1.166290 0.588306 1.170423
v -1.141153 0.011892 0.974469
v -1.207981 -0.090441 0.787980
v -1.083160 0.343421 1.181237
v -1.051845 0.110010 1.093557
v -1.057150 -0.003762 0.999254
v -1.075725 -0.086559 0.898646
v -1.760039 -0.190810 -0.091837
v -1.751752 -0.231684 -0.285900
v -1.655282 -0.179792 0.130925
v -1.670427 -0.294003 -0.087737
v -1.677642 -0.304183 -0.218936
v -1.544847 -0.281394 0.128613
v -1.563296 -0.375689 -0.084132
v -1.641075 -0.276996 0.025227
v -1.570953 -0.380627 -0.205237
v -1.535401 -0.178021 0.231646
v -1.489465 -0.371537 0.032524
v -1.480224 -0.415968 -0.122941
v -1.376878 -0.272662 0.224419
v -1.405596 -0.367941 0.091461
v -1.409646 -0.431229 -0.071892
v -1.348080 -0.455672 -0.197285
v -1.317029 -0.189515 0.311766
v -1.313096 -0.369765 0.114719
v -1.261326 -0.430697 -0.011997
v -1.267173 -0.455956 -0.118452
v -1.219863 -0.180361 0.396401
v -1.209171 -0.243451 0.264506
v -1.223268 -0.372701 0.107183
v -1.217959 -0.457759 -0.205237
v -1.122665 -0.212988 0.366523
v -1.114365 -0.245182 0.250820
v -1.095676 -0.315985 0.149772
v -1.116877 -0.398553 0.010228
v -1.123463 -0.440993 -0.146712
v -1.758725 0.044468 0.130970
v -1.764059 0.155708 0.130863
v -1.747109 0.289001 0.126839
v -1.745998 -0.085985 0.087294
v -1.759231 0.393748 0.022494
v -1.743926 -0.174945 -0.008208
v -1.745754 0.485175 -0.124386
v -1.835255 -0.057710 -0.197961
v -1.807117 0.384719 -0.213019
v -1.661902 0.029502 0.236221
v -1.623812 0.165329 0.289637
v -1.630292 0.273041 0.266535
v -1.643734 0.372725 0.215870
v -1.634312 0.438193 0.180496
v -1.728951 0.459992 -0.015170
v -1.695115 0.552883 -0.137006
v -1.561278 0.195496 0.459062
v -1.628846 0.595915 0.411192
v -1.583712 0.073938 0.309912
v -1.568628 0.170924 0.377619
v -1.605324 0.345986 0.366523
v -1.617394 0.443814 0.271768
v -1.638583 -0.069257 0.222398
v -1.597827 0.536573 0.175936
v -1.622703 0.547298 0.056902
v -1.488081 0.071611 0.464115
v -1.436173 -0.099064 0.330800
v -1.526866 -0.006824 0.323737
v -1.512317 0.049140 0.372773
v -1.429715 -0.012104 0.407828
v -1.306458 -0.113767 0.461816
v -1.331932 -0.107452 0.402940
v -1.722345 -0.296116 -0.321097
v -1.755219 -0.226931 -0.306776
v -1.748428 -0.488943 -0.456496
v -1.806639 -0.412179 -0.458748
v -1.760357 -0.312238 -0.378033
v -1.764179 -0.567164 -0.544526
v -1.749085 -0.658849 -0.755869
v -1.750749 -0.652428 -0.847763
v -1.797145 -0.576407 -0.973702
v -1.604218 -0.380178 -0.277372
v -1.694135 -0.415156 -0.383219
v -1.697077 -0.563425 -0.493975
v -1.684862 -0.658582 -0.630322
v -1.613837 -0.700980 -0.774171
v -1.690261 -0.656261 -0.972680
v -1.591519 -0.449151 -0.361788
v -1.599586 -0.571577 -0.468815
v -1.600564 -0.658067 -0.585741
v -1.599132 -0.690575 -0.681703
v -1.600425 -0.689884 -0.952393
v -1.503838 -0.432294 -0.300530
v -1.507561 -0.536533 -0.430791
v -1.489971 -0.456305 -0.351931
v -1.504151 -0.631028 -0.538331
v -1.460200 -0.667431 -0.609655
v -1.518899 -0.698200 -0.702784
v -1.503838 -0.701699 -0.872290
v -1.511853 -0.737002 -0.985718
v -1.338617 -0.450487 -0.314826
v -1.324452 -0.492790 -0.413455
v -1.379062 -0.660121 -0.655559
v -1.352488 -0.668183 -0.783372
v -1.342459 -0.690069 -0.868715
v -1.413117 -0.790751 -1.041205
v -1.408545 -0.734365 -0.945076
v -1.303163 -0.586568 -0.554147
v -1.280584 -0.627016 -0.691494
v -1.304416 -0.789825 -1.025059
v -1.227333 -0.450707 -0.356295
v -1.169625 -0.563216 -0.533693
v -1.110970 -0.569082 -0.568397
v -1.126316 -0.598409 -0.770088
v -1.270314 -0.646836 -0.824848
v -1.194308 -0.771597 -1.013999
v -1.122665 -0.431881 -0.300530
v -1.120579 -0.448615 -0.389949
v -1.122665 -0.596910 -0.681703
v -1.113146 -0.628192 -0.865161
v -1.822884 0.331426 -0.296964
v -1.747633 0.486224 -0.297245
v -1.803861 -0.125969 -0.386586
v -1.825288 0.038327 -0.394436
v -1.834492 0.206784 -0.442365
v -1.822805 0.345986 -0.375531
v -1.808689 0.445899 -0.401778
v -1.725258 0.579882 -0.359219
v -1.878151 0.556428 -0.523562
v -1.780131 -0.585707 -1.065286
v -1.760748 -0.673082 -1.230850
v -1.752157 -0.672669 -1.473731
v -1.745346 -0.640856 -1.555129
v -1.749522 -0.551650 -1.658716
v -1.797792 -0.417099 -1.738790
v -1.690904 -0.670832 -1.064870
v -1.649834 -0.768629 -1.237944
v -1.733443 -0.666476 -1.129330
v -1.705537 -0.736932 -1.349108
v -1.646995 -0.759721 -1.476253
v -1.629390 -0.659762 -1.676225
v -1.672549 -0.519569 -1.760926
v -1.691284 -0.444948 -1.806690
v -1.604790 -0.758466 -1.119189
v -1.558230 -0.822322 -1.347927
v -1.551478 -0.764861 -1.587269
v -1.453064 -0.847673 -1.206066
v -1.463007 -0.852688 -1.390114
v -1.476662 -0.738183 -1.674712
v -1.453692 -0.657794 -1.779825
v -1.380651 -0.845143 -1.494330
v -1.391187 -0.757256 -1.679509
v -1.313175 -0.857296 -1.189607
v -1.313896 -0.866604 -1.370588
v -1.248578 -0.844109 -1.498578
v -1.313567 -0.806871 -1.594159
v -1.293817 -0.754136 -1.690809
v -1.183452 -0.845283 -1.199300
v -1.165940 -0.848399 -1.246440
v -1.158390 -0.852105 -1.345995
v -1.168969 -0.846917 -1.423951
v -1.205567 -0.758442 -1.665783
v -1.184275 -0.654685 -1.782543
v -1.071580 -0.754298 -1.060268
v -1.088997 -0.766306 -1.588766
v -1.088772 -0.674693 -1.716769
v -1.085628 -0.584858 -1.794842
v -1.836969 0.394093 -1.487831
v -1.730505 0.609838 -1.477227
v -1.777221 0.477891 -1.534743
v -1.751584 0.499276 -1.715020
v -1.661114 0.661220 -1.541168
v -1.647394 0.631836 -1.730251
v -0.421776 0.411075 1.280490
v -0.467020 0.578748 1.280468
v -0.313631 0.573153 1.369833
v -0.323783 0.285132 1.283332
v -1.004348 -0.221596 0.663244
v -0.953371 -0.178751 0.801576
v -0.860549 -0.270923 0.556283
v -0.840729 -0.170262 0.831653
v -0.814807 -0.236729 0.695564
v -0.812347 -0.298009 0.571063
v -0.735789 -0.203380 0.761400
v -0.684901 -0.369020 0.620486
v -0.724419 -0.303330 0.641385
v -0.741492 -0.259475 0.677148
v -0.753618 -0.359367 0.549544
v -0.578808 -0.145490 0.845292
v -0.609102 -0.307042 0.729497
v -0.651237 -0.228764 0.757921
v -0.587504 -0.540539 0.596954
v -0.498677 -0.330405 0.793315
v -0.546318 -0.220810 0.810492
v -0.507463 -0.491749 0.699026
v -0.535479 -0.672060 0.499184
v -0.398098 -0.428512 0.803415
v -0.432461 -0.576935 0.687794
v -0.415278 -0.664358 0.613639
v -0.342245 -0.279959 0.887985
v -0.399305 -0.745487 0.522940
v -0.974122 0.245151 1.180942
v -1.022710 0.589492 1.218294
v -0.961994 0.418453 1.226410
v -0.896675 0.536406 1.239211
v -0.940511 0.110819 1.118102
v -0.929659 0.012715 1.046531
v -0.932933 -0.089788 0.941337
v -0.781906 0.350283 1.220708
v -0.777238 0.448582 1.236736
v -0.784695 0.052312 1.085610
v -0.777444 0.201626 1.174339
v -0.795729 -0.071157 0.972946
v -0.745152 0.595680 1.234759
v -0.652329 -0.149236 0.838258
v -0.562242 0.284449 1.162255
v -0.629754 0.347555 1.193899
v -0.647688 0.481763 1.218330
v -0.649749 0.102451 1.094330
v -0.614159 0.000164 1.001555
v -0.551770 -0.063549 0.915108
v -0.542453 0.334096 1.190561
v -0.550906 0.441279 1.218124
v -0.549420 0.592567 1.226887
v -0.550906 0.173542 1.099731
v -0.531507 0.058420 1.015190
v -0.415815 0.210847 1.177696
v -0.449773 0.349469 1.237596
v -0.454189 0.175049 1.116058
v -0.438166 0.074582 1.028558
v -0.458150 -0.135389 0.883017
v -0.486940 -0.072038 0.899872
v -0.428527 0.022561 0.977092
v -0.197932 -0.033967 1.034246
v -0.355232 -0.031253 0.960470
v -0.314532 -0.944792 -0.024284
v -0.974813 -0.260866 0.321286
v -0.990318 -0.266122 0.245144
v -1.019932 -0.288380 0.180789
v -1.033141 -0.341349 0.072940
v -0.977509 -0.369375 -0.061377
v -1.018272 -0.394113 -0.101665
v -1.027372 -0.407955 -0.205237
v -0.930059 -0.272460 0.450935
v -0.949828 -0.324872 0.174730
v -0.900734 -0.415818 0.103855
v -0.882004 -0.464977 -0.084193
v -0.941236 -0.408860 -0.101665
v -0.936906 -0.413049 -0.228071
v -0.794610 -0.393330 0.449444
v -0.783648 -0.501201 0.349234
v -0.870738 -0.360389 0.334759
v -0.791640 -0.558939 0.233952
v -0.804445 -0.581960 0.054756
v -0.796196 -0.584313 -0.117984
v -0.802652 -0.547372 -0.229371
v -0.876401 -0.455991 -0.205237
v -0.699479 -0.566966 0.425099
v -0.707073 -0.669828 0.195584
v -0.718307 -0.687001 0.034555
v -0.672628 -0.725365 -0.097905
v -0.702099 -0.661029 -0.241842
v -0.626918 -0.638803 0.436639
v -0.599925 -0.761726 0.225222
v -0.675173 -0.656540 0.316103
v -0.631681 -0.767502 0.044217
v -0.596630 -0.754463 -0.258435
v -0.502302 -0.756831 0.404043
v -0.502840 -0.858740 0.052286
v -0.500045 -0.847728 -0.160188
v -0.416092 -0.846661 0.320125
v -0.488435 -0.840695 0.218936
v -0.313437 -0.846465 0.424009
v -0.315161 -0.937741 0.123992
v -0.316373 -0.934125 -0.143144
v -0.969881 -0.377901 -0.402632
v -1.053997 -0.444258 -0.439874
v -1.061289 -0.561244 -0.602020
v -1.030784 -0.562668 -0.680177
v -1.042948 -0.565520 -0.781889
v -1.053114 -0.600145 -0.870777
v -0.958921 -0.514268 -0.858194
v -0.978819 -0.666231 -1.015717
v -0.940529 -0.371815 -0.387875
v -0.914398 -0.349025 -0.414341
v -0.954712 -0.393440 -0.491117
v -0.907065 -0.353808 -0.491117
v -0.962580 -0.466428 -0.567725
v -0.900503 -0.391528 -0.564425
v -0.884644 -0.368527 -0.540095
v -0.939291 -0.479865 -0.692422
v -0.955369 -0.491742 -0.776996
v -0.886222 -0.382857 -0.776958
v -0.883148 -0.364133 -0.821557
v -0.953752 -0.597061 -0.961250
v -0.900488 -0.433157 -0.872934
v -0.847100 -0.438705 -0.309682
v -0.828823 -0.408047 -0.386946
v -0.862060 -0.349025 -0.414341
v -0.737619 -0.420829 -0.526490
v -0.832891 -0.356069 -0.498282
v -0.834506 -0.343035 -0.643574
v -0.843564 -0.335457 -0.782962
v -0.878002 -0.566539 -1.025784
v -0.805223 -0.359312 -0.978428
v -0.688762 -0.569270 -0.442666
v -0.778752 -0.365997 -0.549272
v -0.745926 -0.322373 -0.669865
v -0.741492 -0.292623 -0.776996
v -0.710977 -0.271618 -0.905925
v -0.697744 -0.264203 -1.005013
v -0.616543 -0.661168 -0.411719
v -0.604967 -0.563707 -0.552460
v -0.642326 -0.361578 -0.681222
v -0.641914 -0.278218 -0.868605
v -0.646655 -0.239617 -1.059384
v -0.502040 -0.752990 -0.411052
v -0.504140 -0.657326 -0.549610
v -0.505735 -0.570404 -0.639087
v -0.473617 -0.413211 -0.783379
v -0.509525 -0.351601 -0.811362
v -0.591470 -0.268933 -0.916575
v -0.502535 -0.311434 -1.025710
v -0.402695 -0.848705 -0.333213
v -0.389028 -0.747110 -0.528810
v -0.394803 -0.654713 -0.635461
v -0.450388 -0.379424 -0.873713
v -0.295501 -0.842990 -0.443410
v -0.361835 -0.493524 -0.799265
v -0.351386 -0.471262 -0.866275
v -0.309157 -0.488863 -1.068556
v -0.981334 -0.751408 -1.175727
v -0.975032 -0.761721 -1.235396
v -0.979230 -0.769428 -1.357456
v -0.985364 -0.755258 -1.476833
v -0.992186 -0.641097 -1.684524
v -0.974913 -0.477877 -1.792221
v -0.886504 -0.642427 -1.117096
v -0.871754 -0.680549 -1.346265
v -0.873226 -0.659542 -1.471241
v -0.917504 -0.661917 -1.560289
v -0.879522 -0.501445 -1.688254
v -0.859789 -0.372298 -1.738644
v -0.782938 -0.474283 -1.105370
v -0.867138 -0.667340 -1.236225
v -0.786814 -0.570595 -1.351649
v -0.787668 -0.557240 -1.432177
v -0.874622 -0.585324 -1.602946
v -0.771398 -0.444693 -1.553695
v -0.781385 -0.396235 -1.611704
v -0.820294 -0.342898 -1.719862
v -0.795567 -0.267450 -1.784022
v -0.745043 -0.329369 -1.054913
v -0.696888 -0.270468 -1.062876
v -0.714544 -0.315018 -1.160012
v -0.788204 -0.559708 -1.210479
v -0.728080 -0.438297 -1.306337
v -0.696904 -0.264242 -1.205722
v -0.692853 -0.325685 -1.336574
v -0.702389 -0.355844 -1.436213
v -0.713499 -0.349185 -1.539343
v -0.743740 -0.334902 -1.635493
v -0.746183 -0.291739 -1.738460
v -0.642633 -0.213983 -1.152372
v -0.648066 -0.224125 -1.257254
v -0.612477 -0.263838 -1.425691
v -0.624657 -0.293188 -1.461159
v -0.646199 -0.302512 -1.634636
v -0.646199 -0.300560 -1.729929
v -0.551165 -0.247053 -1.071913
v -0.552285 -0.208637 -1.152372
v -0.552285 -0.199533 -1.259129
v -0.550906 -0.228337 -1.348756
v -0.538005 -0.289407 -1.492657
v -0.534714 -0.332591 -1.680517
v -0.402429 -0.410679 -1.065648
v -0.500536 -0.258614 -1.147596
v -0.402555 -0.377758 -1.168815
v -0.455493 -0.264993 -1.270381
v -0.432159 -0.279051 -1.345497
v -0.474052 -0.272632 -1.400666
v -0.470069 -0.333994 -1.605418
v -0.449264 -0.354701 -1.777576
v -0.317532 -0.464784 -1.138808
v -0.333467 -0.342809 -1.335117
v -0.360319 -0.309581 -1.444049
v -0.312871 -0.331943 -1.528318
v -0.315057 -0.355248 -1.645299
v -0.312222 -0.368184 -1.777583
v -0.594768 -0.163903 -1.182466
v -0.600013 -0.163639 -1.229115
v -1.949038 0.674716 -0.754890
v -1.969831 0.673347 -0.868592
v -1.989343 0.623604 -1.017386
v -1.929190 0.753779 -0.964061
v -1.915805 0.682628 -0.677667
v -1.819861 0.817486 -0.672730
v -1.881497 0.797466 -0.798508
v -1.914606 0.770769 -0.874766
v -1.937679 0.711281 -1.069737
v -1.935050 0.669814 -1.156127
v -1.835214 0.849594 -1.063747
v -1.847658 0.770656 -1.207582
v -1.850007 0.665946 -1.308585
v -1.552933 0.626803 0.778711
v -1.558565 0.758809 0.695777
v -1.604923 0.725842 0.508051
v -1.551227 0.868954 0.534966
v -1.456686 0.630309 0.939381
v -1.460909 0.741154 0.895581
v -1.462226 0.873795 0.797456
v -1.461078 0.965985 0.689218
v -1.483879 0.987492 0.503188
v -1.366273 0.769678 0.992700
v -1.359131 0.951911 0.876319
v -1.374965 1.066689 0.679574
v -1.414628 1.071026 0.507877
v -1.264733 0.739563 1.087760
v -1.260833 0.913251 0.999255
v -1.253633 1.040427 0.894322
v -1.326731 1.065015 0.771299
v -1.307622 1.168468 0.507785
v -1.162836 0.864764 1.090038
v -1.166976 0.992391 1.002560
v -1.160917 1.077473 0.922244
v -1.259087 1.161531 0.683362
v -1.166037 1.247811 0.541808
v -1.081625 0.712283 1.182639
v -1.060284 1.064775 0.992705
v -1.162766 1.166703 0.796368
v -1.644199 0.627947 -0.132975
v -1.652481 0.656599 -0.195313
v -1.642363 0.846210 -0.175603
v -1.646307 1.032663 -0.257568
v -1.606801 0.698605 0.339853
v -1.551049 0.867325 0.343728
v -1.567681 0.765738 0.244480
v -1.563917 0.635984 0.104603
v -1.544560 0.708752 0.116029
v -1.585823 0.636573 -0.013371
v -1.547145 0.716816 0.008199
v -1.556066 0.918047 -0.024788
v -1.556903 1.043927 -0.068122
v -1.632707 0.681809 -0.156206
v -1.565271 1.157777 -0.155043
v -1.561848 1.263880 -0.250598
v -1.454051 1.025266 0.369376
v -1.437815 0.996439 0.203261
v -1.503634 0.873073 0.198067
v -1.542259 0.672239 0.025424
v -1.521213 0.815475 0.065140
v -1.485554 0.921439 0.087911
v -1.464993 1.159108 0.009976
v -1.461005 1.267156 -0.057599
v -1.380952 1.081182 0.271229
v -1.451773 0.955358 0.127919
v -1.377759 1.101704 0.178524
v -1.400745 1.133114 0.110105
v -1.445525 1.013039 0.112157
v -1.287712 1.173822 0.277126
v -1.289294 1.213451 0.184021
v -1.367106 1.280191 0.050929
v -1.209072 1.226461 0.364198
v -1.205466 1.230639 0.288759
v -1.183818 1.330924 0.187311
v -1.270773 1.437881 0.022368
v -1.169999 1.252775 0.442467
v -1.126723 1.264166 0.375350
v -1.122665 1.297487 0.271397
v -1.458642 1.424743 -0.241176
v -1.361869 1.415634 -0.064697
v -1.374111 1.519748 -0.236415
v -1.278198 1.562881 -0.154092
v -1.120332 1.561290 0.018996
v -1.164261 1.640349 -0.144257
v -1.060070 1.721989 -0.186516
v -1.764585 0.707683 -0.466484
v -1.736270 0.812942 -0.499711
v -1.736622 0.878542 -0.572495
v -1.837513 0.864579 -0.933926
v -1.683861 0.638336 -0.289362
v -1.687660 0.933589 -0.348618
v -1.725243 0.742672 -0.422303
v -1.689230 1.023362 -0.427739
v -1.650372 1.168760 -0.432898
v -1.715390 0.973236 -0.601093
v -1.659184 1.181448 -0.582307
v -1.731099 0.948047 -0.699970
v -1.697998 1.028826 -0.751584
v -1.647230 1.201126 -0.687322
v -1.724453 0.968346 -0.913866
v -1.654204 1.084318 -0.872290
v -1.643149 1.061435 -0.939882
v -1.563983 1.352910 -0.440439
v -1.567393 1.369405 -0.646444
v -1.644009 1.162683 -0.823213
v -1.558025 1.344026 -0.822671
v -1.552191 1.234978 -1.016357
v -1.447392 1.501968 -0.395377
v -1.517780 1.440784 -0.531030
v -1.446215 1.524674 -0.717346
v -1.460354 1.441768 -0.928746
v -1.435455 1.540445 -0.530549
v -1.374231 1.542179 -0.924089
v -1.340877 1.631979 -0.534801
v -1.328146 1.637695 -0.724776
v -1.277085 1.622226 -0.933691
v -1.279134 1.645260 -0.342032
v -1.202379 1.726847 -0.477540
v -1.231861 1.717835 -0.637198
v -1.172510 1.729985 -0.829594
v -1.168352 1.724527 -0.350327
v -1.060508 1.808933 -0.550531
v -1.024944 1.822333 -0.684753
v -1.072164 1.725045 -1.002975
v -1.779078 0.770177 -1.301555
v -1.681241 0.977124 -1.049570
v -1.638011 0.963952 -1.159356
v -1.756495 0.867016 -1.200897
v -1.662140 0.854628 -1.315035
v -1.684533 0.718034 -1.433144
v -1.607321 1.024439 -1.105340
v -1.575082 1.108832 -1.066106
v -1.508602 1.091690 -1.196762
v -1.575780 0.957280 -1.245458
v -1.564916 0.758534 -1.487131
v -1.604331 0.719900 -1.531929
v -1.577529 0.706255 -1.757810
v -1.463684 1.337166 -1.071444
v -1.517133 1.029582 -1.232717
v -1.454769 1.226710 -1.191659
v -1.459592 0.836195 -1.450161
v -1.478939 0.901100 -1.369587
v -1.491997 0.791868 -1.539343
v -1.522528 0.778238 -1.637501
v -1.479727 0.782060 -1.758979
v -1.447803 0.994751 -1.322344
v -1.339042 0.932315 -1.455102
v -1.325141 0.987990 -1.435052
v -1.349712 0.866162 -1.531428
v -1.435262 0.817957 -1.687377
v -1.366020 1.227478 -1.301304
v -1.324161 1.102673 -1.398667
v -1.269871 0.875003 -1.640204
v -1.269823 0.867010 -1.747541
v -1.224664 1.266926 -1.400580
v -1.265939 0.962179 -1.490134
v -1.238637 0.950221 -1.526219
v -1.117410 1.120417 -1.550874
v -1.165304 0.973095 -1.634435
v -1.195483 0.942245 -1.819098
v -1.155231 1.355181 -1.393227
v -1.171529 0.966367 -1.585359
v -1.089967 1.230521 -1.506762
v -1.087808 1.119506 -1.625469
v -1.361765 1.443466 -1.111656
v -1.364979 1.351724 -1.201704
v -1.276692 1.536576 -1.096950
v -1.262026 1.393990 -1.279564
v -1.160337 1.628292 -1.090508
v -1.181669 1.441314 -1.303427
v -1.170651 1.535884 -1.213768
v -1.065678 1.538618 -1.290356
v -0.428594 0.783086 1.274945
v -0.388606 0.858208 1.274839
v -0.289964 0.939569 1.281299
v -0.976543 0.802391 1.182646
v -1.056123 0.960565 1.082487
v -1.047727 1.166665 0.872751
v -1.065158 1.254452 0.689649
v -1.042218 1.292369 0.527012
v -0.905095 0.654618 1.231119
v -0.945139 0.975783 1.098911
v -0.932079 1.082813 1.007754
v -0.950147 1.165436 0.910392
v -0.925943 1.234347 0.801339
v -0.943406 1.278233 0.692266
v -0.948662 1.309229 0.535292
v -0.786732 0.720844 1.216624
v -0.790792 0.866893 1.165727
v -0.837003 1.000969 1.086640
v -0.803476 1.100389 0.998458
v -0.796877 1.249562 0.783872
v -0.793591 1.298262 0.647620
v -0.788401 1.316431 0.551882
v -0.717534 0.987083 1.087710
v -0.776934 1.172459 0.911935
v -0.650442 0.706150 1.194794
v -0.651549 0.816707 1.160354
v -0.597608 0.755815 1.171486
v -0.642632 0.924447 1.109235
v -0.597141 0.958793 1.078443
v -0.653093 1.048630 1.020167
v -0.646671 1.165850 0.883301
v -0.645332 1.255087 0.713666
v -0.556552 0.724532 1.200511
v -0.566015 0.829455 1.161533
v -0.549475 0.916937 1.128130
v -0.491841 0.989341 1.109395
v -0.555134 1.041085 1.023763
v -0.554069 1.107800 0.931518
v -0.554136 1.194768 0.778054
v -0.467187 1.215684 0.651533
v -0.606719 1.277663 0.584867
v -0.442258 0.961179 1.171508
v -0.468053 1.059921 1.052746
v -0.454094 1.130583 0.940523
v -0.469769 1.171592 0.820130
v -0.451279 1.236955 0.475156
v -0.310442 1.065102 1.171595
v -0.365336 1.166879 0.985126
v -0.309847 1.254539 0.793511
v -0.371623 1.229891 0.728664
v -0.346412 1.222477 0.524591
v -0.956000 1.328726 0.371652
v -0.773153 1.321619 0.466007
v -0.839062 1.335814 0.391983
v -0.736270 1.335064 0.395727
v -0.589673 1.288081 0.473479
v -0.573347 1.327073 0.372615
v -0.392996 1.244947 0.408053
v -0.325795 1.227247 0.413608
v -0.282615 1.320058 0.304074
v -0.955421 1.390592 0.276123
v -1.117189 1.455707 0.129605
v -0.993278 1.642519 -0.000698
v -0.972157 1.740573 -0.152580
v -0.930767 1.354201 0.332557
v -0.963506 1.542524 0.132704
v -0.883667 1.724990 -0.065511
v -0.843833 1.433995 0.271188
v -0.831722 1.608994 0.110964
v -0.842350 1.822214 -0.258073
v -0.730754 1.405653 0.317291
v -0.739306 1.542899 0.196648
v -0.693924 1.629032 0.113504
v -0.758943 1.731517 -0.037484
v -0.754304 1.825011 -0.225073
v -0.587137 1.527810 0.217826
v -0.594963 1.717207 0.001401
v -0.610159 1.808656 -0.166968
v -0.511200 1.622989 0.115497
v -0.535358 1.837316 -0.257651
v -0.423314 1.350012 0.326401
v -0.458173 1.497029 0.226056
v -0.405348 1.729688 -0.057619
v -0.411962 1.821698 -0.253925
v -0.320247 1.544060 0.145275
v -0.340129 1.630838 0.052213
v -0.958451 1.816316 -0.343470
v -0.979471 1.827208 -0.424605
v -0.975558 1.822603 -0.818493
v -0.859514 1.873711 -0.624503
v -0.781708 1.877874 -0.451662
v -0.770414 1.869498 -0.814055
v -0.878919 1.823980 -0.920784
v -0.739421 1.891320 -0.640701
v -0.690576 1.820709 -1.013028
v -0.643227 1.871191 -0.364257
v -0.595935 1.891642 -0.496017
v -0.600233 1.896739 -0.633478
v -0.603206 1.878830 -0.816846
v -0.506248 1.872326 -0.400261
v -0.517151 1.816559 -1.011993
v -0.393755 1.867272 -0.485293
v -0.417121 1.879195 -0.630831
v -0.455613 1.869494 -0.776996
v -0.391091 1.825731 -0.925104
v -0.313848 1.823736 -0.347565
v -0.954803 1.375470 -1.485443
v -1.053855 1.165893 -1.584766
v -1.004038 1.224404 -1.580471
v -1.020685 1.200124 -1.634636
v -0.984896 1.252529 -1.753615
v -0.912673 1.316172 -1.570673
v -0.922431 1.296461 -1.632966
v -0.871588 1.350930 -1.779580
v -0.988909 1.643958 -1.207257
v -1.017956 1.452817 -1.398068
v -0.911090 1.730075 -1.120212
v -0.945211 1.552593 -1.337722
v -0.798940 1.637153 -1.294983
v -0.784726 1.450465 -1.494237
v -0.808006 1.406196 -1.543312
v -0.822848 1.369333 -1.634636
v -0.740518 1.722827 -1.190957
v -0.769295 1.521081 -1.426250
v -0.685026 1.441394 -1.608626
v -0.705674 1.446782 -1.718247
v -0.587725 1.724799 -1.200127
v -0.662416 1.623173 -1.327025
v -0.652239 1.496300 -1.470966
v -0.657070 1.456937 -1.549993
v -0.501583 1.641241 -1.299606
v -0.577118 1.475891 -1.544097
v -0.505706 1.511974 -1.730765
v -0.459470 1.720542 -1.181453
v -0.384588 1.557074 -1.372740
v -0.380088 1.516880 -1.429904
v -0.394979 1.519685 -1.645807
v -0.319645 1.725802 -1.114128
v -0.326293 1.527553 -1.387188
v -0.360319 1.499430 -1.539343
v -0.313131 1.536624 -1.777576
v -1.931211 -0.273240 -1.869203
v -1.946682 -0.173016 -1.973240
v -1.833087 -0.286065 -1.968302
v -1.829968 -0.234284 -2.021541
v -2.034456 -0.119703 -1.866896
v -2.046062 -0.051575 -1.890893
v -2.034744 0.202070 -1.853474
v -2.030336 0.059426 -1.932972
v -2.028989 0.156020 -1.901178
v -1.951126 0.320417 -1.857532
v -1.925584 0.264287 -1.974344
v -1.938469 -0.034598 -2.045039
v -1.922807 0.055363 -2.065528
v -1.956124 0.190576 -1.992554
v -1.891675 0.381632 -1.825584
v -1.857060 0.378273 -1.899199
v -1.836756 -0.163812 -2.073378
v -1.863040 0.185384 -2.074877
v -1.834097 0.317961 -1.999678
v -1.826417 -0.046734 -2.116326
v -1.738065 -0.395612 -1.844451
v -1.694734 -0.254038 -2.057448
v -1.575713 -0.574462 -1.787502
v -1.608885 -0.424251 -1.870743
v -1.589568 -0.384862 -1.916478
v -1.608967 -0.241754 -2.069251
v -1.513322 -0.439258 -1.892377
v -1.491043 -0.344121 -1.950272
v -1.474260 -0.185165 -2.073152
v -1.403922 -0.530095 -1.874343
v -1.415701 -0.316285 -1.955595
v -1.313252 -0.664932 -1.786978
v -1.317001 -0.546537 -1.872598
v -1.313252 -0.416360 -1.923056
v -1.325362 -0.251470 -1.960709
v -1.406979 -0.076329 -2.081314
v -1.177851 -0.496944 -1.881326
v -1.208143 -0.365889 -1.925182
v -1.256952 -0.115469 -1.953980
v -1.074376 -0.402494 -1.878076
v -1.079822 -0.295556 -1.897043
v -1.755966 0.476592 -1.790531
v -1.755021 0.382426 -1.969482
v -1.747653 0.291761 -2.069471
v -1.766342 0.058273 -2.145610
v -1.789718 0.155400 -2.117206
v -1.700424 0.457716 -1.895604
v -1.689888 0.533054 -1.804337
v -1.694425 -0.130480 -2.126942
v -1.677898 -0.006880 -2.161873
v -1.654086 0.113624 -2.161589
v -1.562065 0.659631 -1.863131
v -1.639942 0.491440 -1.911782
v -1.530024 0.604815 -1.945151
v -1.669981 0.400668 -1.980607
v -1.595351 0.437589 -1.988000
v -1.523432 0.547364 -1.984574
v -1.604038 -0.109237 -2.137765
v -1.609822 0.117062 -2.157490
v -1.571587 0.303195 -2.070269
v -1.496433 0.345923 -2.064873
v -1.436327 0.449193 -2.066743
v -1.473201 -0.138313 -2.094534
v -1.550105 0.011400 -2.159130
v -1.448891 0.213804 -2.087795
v -1.320328 0.040814 -2.043242
v -1.388440 0.525441 -2.062960
v -1.360177 0.088316 -2.072841
v -1.379792 0.206620 -2.080815
v -1.329952 0.348341 -2.101102
v -1.302249 0.143659 -2.067953
v -1.229968 0.262545 -2.107423
v -1.303980 0.465322 -2.098935
v -1.147630 -0.025195 -1.937261
v -1.206064 0.045096 -1.998734
v -1.214346 0.170552 -2.072115
v -1.216629 0.366863 -2.140295
v -1.227234 0.556815 -2.117254
v -1.152534 0.351517 -2.185372
v -1.164111 0.427218 -2.186891
v -1.182943 0.566183 -2.167073
v -1.122665 -0.130480 -1.901590
v -1.121444 0.060927 -2.020210
v -1.057500 0.072424 -2.090550
v -1.119055 0.158176 -2.107244
v -1.162773 0.294798 -2.151143
v -0.998524 0.344744 -2.385028
v -0.952111 -0.259986 -1.840007
v -1.027249 -0.216912 -1.881610
v -0.932079 -0.182286 -1.880242
v -0.882783 -0.254630 -1.816317
v -0.846215 -0.195611 -1.917444
v -0.785036 -0.190509 -2.054108
v -0.754291 -0.263984 -1.828682
v -0.688670 -0.273580 -1.921416
v -0.705302 -0.190572 -2.158839
v -0.583523 -0.279320 -2.070267
v -0.592618 -0.188381 -2.252047
v -0.549846 -0.329162 -1.872477
v -0.405903 -0.348923 -1.920959
v -0.396965 -0.326865 -2.028173
v -0.402989 -0.277333 -2.167753
v -0.458812 -0.183577 -2.313604
v -0.305643 -0.184242 -2.333992
v -1.027372 -0.130480 -1.899090
v -1.075180 0.011748 -1.967028
v -1.057300 0.026489 -2.015172
v -1.082530 0.206851 -2.184138
v -0.982932 0.119897 -2.258426
v -0.981840 0.214580 -2.335741
v -1.068663 0.504865 -2.341049
v -0.981388 0.472787 -2.443549
v -0.939025 -0.114544 -1.951354
v -0.882502 -0.080292 -2.148079
v -0.908049 0.005271 -2.231843
v -0.875535 0.218699 -2.445947
v -0.911540 0.332741 -2.464637
v -0.859086 0.490328 -2.545454
v -0.786337 -0.089368 -2.253999
v -0.867135 0.079537 -2.358547
v -0.785215 0.118405 -2.453121
v -0.794175 0.328381 -2.552007
v -0.674591 -0.079558 -2.353545
v -0.664328 0.010561 -2.444586
v -0.718828 0.208159 -2.545701
v -0.594584 0.110685 -2.548281
v -0.544113 -0.089909 -2.402718
v -0.496761 0.038758 -2.528944
v -0.389834 -0.084501 -2.449015
v -0.356133 0.025643 -2.541046
v -0.689276 0.423510 -2.632627
v -0.703034 0.587592 -2.643197
v -0.611875 0.309345 -2.632363
v -0.507296 0.218267 -2.631700
v -0.507122 0.330833 -2.667840
v -0.553208 0.499650 -2.689584
v -0.449192 0.491072 -2.709708
v -0.367548 0.188781 -2.637185
v -0.365876 0.366491 -2.698681
v -0.312577 0.584219 -2.729699
v -1.485984 0.727337 -1.855222
v -1.325118 0.801011 -1.857958
v -1.450731 0.638461 -1.975310
v -1.336625 0.748748 -1.930815
v -1.323268 0.706222 -1.981588
v -1.268640 0.622042 -2.054703
v -1.247413 0.819353 -1.925113
v -1.250104 0.760196 -1.997864
v -1.185388 0.935108 -1.909423
v -1.190915 0.827205 -2.044833
v -1.190037 0.716933 -2.120724
v -1.089774 1.122041 -1.850908
v -1.085980 1.062553 -2.042949
v -1.087153 0.978459 -2.154185
v -1.078525 0.876958 -2.252675
v -1.076645 0.678187 -2.329527
v -0.984205 1.252736 -1.859500
v -0.999633 1.157194 -2.092477
v -0.988919 1.054384 -2.244860
v -1.012157 0.825308 -2.366501
v -0.982131 0.636022 -2.448559
v -0.939844 1.253107 -2.017659
v -0.883341 1.232612 -2.174289
v -0.975663 0.963120 -2.338656
v -0.961112 0.784940 -2.441623
v -0.890161 1.068077 -2.353228
v -0.841709 1.356669 -1.922832
v -0.787783 1.358038 -2.056285
v -0.789310 1.254631 -2.255619
v -0.870965 0.951171 -2.448171
v -0.786552 1.042231 -2.457943
v -0.790668 1.156298 -2.360086
v -0.857718 0.680685 -2.545839
v -0.792550 0.843469 -2.551685
v -0.693482 1.356064 -2.176637
v -0.691667 1.247813 -2.342611
v -0.640524 1.163600 -2.454110
v -0.731021 0.966258 -2.536762
v -0.594519 1.065403 -2.544237
v -0.551463 1.252883 -2.405455
v -0.457255 1.358159 -2.304583
v -0.397477 1.254724 -2.446568
v -0.398197 1.131811 -2.545958
v -0.323319 1.352371 -2.334362
v -0.701737 1.445791 -1.875215
v -0.560616 1.496410 -1.859359
v -0.591066 1.448207 -2.059297
v -0.573316 1.359220 -2.258618
v -0.414993 1.522481 -1.879896
v -0.395490 1.497318 -2.021635
v -0.411430 1.446823 -2.164063
v -0.687914 0.743927 -2.633388
v -0.584817 0.865965 -2.639811
v -0.508417 0.678944 -2.700248
v -0.417195 0.971751 -2.637532
v -0.395231 0.830020 -2.688260
v -0.301501 0.759037 -2.709023
v -0.196415 0.203180 1.282525
v -0.220273 0.398080 1.368091
v -0.113574 0.538960 1.412753
v -0.027740 0.452548 1.404002
v -0.072879 0.171711 1.277577
v -0.072415 0.315759 1.360528
v 0.021359 0.338509 1.367371
v 0.048743 0.535571 1.410648
v 0.028680 0.188478 1.289059
v 0.114358 0.384417 1.368317
v 0.146505 0.203335 1.274743
v 0.201461 0.498638 1.369671
v 0.254288 0.304412 1.285288
v 0.349044 0.409827 1.274034
v 0.362747 0.530430 1.291102
v -0.224346 -0.373400 0.895618
v -0.191295 -0.102165 0.982497
v -0.219809 -0.556220 0.797689
v -0.124009 -0.693830 0.703392
v -0.305466 -0.634995 0.700869
v -0.219709 -0.751732 0.613883
v -0.129442 -0.848573 0.508345
v -0.072735 -0.401560 0.907627
v -0.044309 -0.579732 0.807472
v -0.021988 -0.750727 0.652027
v 0.067964 -0.429914 0.893794
v 0.070819 -0.311133 0.940072
v 0.070770 -0.690265 0.712480
v 0.024017 -0.864203 0.495880
v 0.130382 -0.570799 0.805410
v 0.132833 -0.764974 0.619297
v 0.239272 -0.373370 0.891304
v 0.211440 -0.225773 0.941755
v 0.226630 -0.557235 0.795174
v 0.251980 -0.660392 0.699972
v 0.290779 -0.756594 0.578347
v 0.357389 -0.238061 0.897319
v 0.413324 -0.663649 0.615480
v 0.425142 -0.392697 0.809316
v 0.441427 -0.556176 0.700548
v -0.201843 0.094988 1.188086
v -0.279888 0.114907 1.175027
v -0.041391 0.076281 1.193345
v -0.078516 -0.032486 1.058159
v -0.076617 -0.123642 0.992343
v 0.020330 -0.029141 1.058664
v 0.018995 -0.122157 0.994598
v 0.167560 0.104936 1.181901
v 0.121447 -0.012191 1.057097
v 0.207715 0.004397 1.035429
v 0.143883 -0.091534 0.988053
v 0.317908 0.202223 1.179874
v 0.321885 0.026946 0.985052
v 0.303884 -0.034110 0.955766
v 0.388753 0.306601 1.192547
v 0.436827 0.231601 1.089564
v 0.393150 0.062851 0.957852
v 0.387561 -0.033335 0.918174
v 0.552273 -0.125392 0.818147
v 0.472344 0.041406 0.877945
v -0.251274 -0.937804 0.229765
v -0.213630 -0.939682 -0.255847
v -0.169733 -0.976536 0.080643
v -0.162517 -0.979718 -0.070064
v -0.030764 -0.994176 0.040106
v -0.027816 -0.984809 -0.152358
v 0.088978 -0.939810 0.319353
v -0.021161 -0.977895 0.186437
v 0.117571 -0.981240 0.119564
v 0.138343 -0.984268 -0.073576
v 0.141825 -0.952867 -0.250007
v 0.257668 -0.938339 0.217164
v 0.206918 -0.973315 0.031683
v 0.254192 -0.934304 -0.237736
v 0.351624 -0.932500 0.032379
v 0.344831 -0.928846 -0.104390
v -0.117625 -0.936644 0.320785
v 0.167341 -0.845177 0.500772
v 0.286903 -0.858629 0.417560
v 0.456783 -0.747861 0.468870
v 0.439361 -0.841857 0.304288
v 0.461438 -0.851862 -0.230912
v -0.103772 -0.930419 -0.342014
v 0.066751 -0.931890 -0.348705
v -0.254265 -0.733837 -0.620296
v -0.234430 -0.553491 -0.814669
v -0.111355 -0.839899 -0.525673
v -0.123764 -0.752398 -0.640149
v -0.045834 -0.625648 -0.782597
v -0.173477 -0.607602 -0.777648
v -0.184436 -0.561183 -0.864505
v -0.141351 -0.559208 -1.094094
v -0.016142 -0.587817 -0.870665
v 0.065340 -0.843446 -0.527173
v 0.035459 -0.754630 -0.644740
v 0.179174 -0.749698 -0.628454
v 0.164093 -0.613763 -0.774854
v 0.121138 -0.570538 -0.884398
v 0.274615 -0.853542 -0.435482
v 0.208556 -0.811158 -0.535352
v 0.202821 -0.549396 -0.873115
v 0.334470 -0.757373 -0.552028
v 0.334491 -0.523339 -0.791153
v 0.315730 -0.492016 -0.877445
v 0.405529 -0.843884 -0.339712
v 0.437129 -0.756371 -0.475164
v 0.368487 -0.673728 -0.631696
v 0.464856 -0.423887 -0.794188
v 0.401375 -0.436203 -0.863704
v -0.254191 -0.472924 -1.214053
v -0.216294 -0.351595 -1.417365
v -0.265026 -0.329356 -1.444049
v -0.160244 -0.466723 -1.295158
v -0.088609 -0.318209 -1.543672
v -0.136141 -0.349001 -1.769109
v -0.081852 -0.563089 -1.120390
v -0.097902 -0.483175 -1.297043
v -0.068068 -0.347592 -1.460207
v -0.074440 -0.321145 -1.634636
v 0.063341 -0.567671 -1.117828
v 0.017874 -0.535616 -1.211817
v 0.029375 -0.473171 -1.323478
v 0.020854 -0.346613 -1.465162
v 0.025907 -0.299685 -1.545310
v 0.072907 -0.268572 -1.578298
v 0.061165 -0.272676 -1.614363
v 0.162877 -0.560006 -1.036554
v 0.156137 -0.468632 -1.297930
v 0.148197 -0.374398 -1.406952
v 0.109793 -0.308684 -1.483635
v 0.079280 -0.278850 -1.718559
v 0.267802 -0.476607 -1.193129
v 0.249392 -0.385113 -1.340316
v 0.193728 -0.266211 -1.483412
v 0.205684 -0.219640 -1.529613
v 0.210233 -0.193259 -1.638731
v 0.242389 -0.185033 -1.778176
v 0.332165 -0.472495 -1.061381
v 0.329272 -0.357651 -1.306737
v 0.277383 -0.197065 -1.472369
v 0.289712 -0.135232 -1.533295
v 0.503485 -0.329633 -1.040371
v 0.379956 -0.386881 -1.194804
v 0.454688 -0.322170 -1.159198
v 0.477180 -0.234562 -1.250910
v 0.408734 -0.247226 -1.317085
v 0.343919 -0.068394 -1.479962
v 0.379158 -0.021991 -1.543962
v 0.353240 -0.087004 -1.690458
v 0.439841 -0.089386 -1.380054
v 0.404390 -0.039232 -1.447416
v 0.432662 0.030649 -1.478398
v 0.465151 0.078815 -1.545029
v 0.452752 0.028626 -1.734155
v 0.543191 -0.244058 0.797607
v 0.544069 -0.412699 0.720677
v 0.545821 -0.564580 0.611740
v 0.544430 -0.660563 0.505430
v 0.628701 -0.293554 0.711344
v 0.641365 -0.446523 0.614201
v 0.634747 -0.569433 0.514272
v 0.729354 -0.276361 0.614266
v 0.738453 -0.421289 0.516554
v 0.834661 -0.182522 0.510314
v 0.451325 0.389563 1.179403
v 0.476870 0.598478 1.195142
v 0.548481 0.450106 1.078224
v 0.559421 0.522996 1.084581
v 0.473698 0.157415 0.942972
v 0.549630 0.320238 0.992428
v 0.468886 0.090737 0.897875
v 0.568957 0.251193 0.858043
v 0.640315 0.505392 0.894256
v 0.554489 0.125933 0.826948
v 0.621875 0.334202 0.772133
v 0.706417 -0.036837 0.698242
v 0.645190 0.612517 0.891523
v 0.713480 -0.122011 0.679910
v 0.721005 0.101523 0.677815
v 0.614737 0.240953 0.766695
v 0.654831 0.258713 0.718051
v 0.649591 0.346506 0.703330
v 0.662554 0.515623 0.737582
v 0.662921 0.441279 0.652402
v 0.714213 0.423932 0.554731
v 0.697876 0.494321 0.522709
v 0.670425 0.536573 0.557109
v 0.752467 0.240452 0.599357
v 0.842127 0.016927 0.528285
v 0.834336 0.193801 0.507418
v 0.553987 -0.753080 0.339440
v 0.446913 -0.865815 0.200924
v 0.530263 -0.836324 0.115301
v 0.530952 -0.841476 -0.058693
v 0.643648 -0.642207 0.402854
v 0.639854 -0.752328 0.130949
v 0.629888 -0.750534 -0.170987
v 0.653716 -0.687604 0.292865
v 0.742287 -0.618918 0.228893
v 0.686471 -0.717955 -0.014775
v 0.739648 -0.646397 -0.159768
v 0.833036 -0.363044 0.405688
v 0.745509 -0.562371 0.348987
v 0.838373 -0.447930 0.288063
v 0.737893 -0.657914 0.107288
v 0.828488 -0.553307 0.031960
v 0.826097 -0.546135 -0.103042
v 0.845889 -0.474455 -0.214177
v 0.925071 -0.176274 0.319979
v 0.825549 -0.521452 0.183152
v 0.928985 -0.270558 0.225818
v 0.918235 -0.366196 0.110589
v 0.922522 -0.369246 -0.058975
v 0.976370 -0.178432 -0.014485
v 0.938380 -0.280731 -0.166197
v 0.664463 0.614609 0.462401
v 0.704188 0.591319 0.391435
v 0.843886 0.303402 0.427187
v 0.836193 0.395862 0.365634
v 0.842516 0.472759 0.232824
v 0.805498 0.570503 0.121443
v 0.822636 0.555162 -0.070022
v 0.827784 0.488813 -0.257243
v 0.910574 -0.059834 0.392628
v 0.925202 0.063354 0.352555
v 0.927114 0.180720 0.309852
v 0.924708 0.291444 0.218038
v 0.913060 0.386678 0.074513
v 0.915003 0.386625 -0.059876
v 0.912562 0.324338 -0.222904
v 0.859003 0.448901 -0.210594
v 0.968165 -0.033793 0.216117
v 0.967253 0.103743 0.199485
v 0.971123 -0.165195 0.125684
v 0.992609 0.011495 0.032249
v 0.973246 0.199789 0.032254
v 0.978286 -0.080917 -0.153512
v 0.980342 0.108743 -0.110104
v 0.941485 0.278636 -0.145453
v 0.964730 0.114319 -0.200259
v 0.553235 -0.751542 -0.346340
v 0.532489 -0.661541 -0.517752
v 0.499174 -0.581325 -0.636153
v 0.506629 -0.461188 -0.720383
v 0.574954 -0.346490 -0.795445
v 0.497014 -0.363170 -0.882289
v 0.617407 -0.553181 -0.551649
v 0.580065 -0.381528 -0.735236
v 0.689848 -0.277366 -0.851109
v 0.590071 -0.289675 -1.013761
v 0.652726 -0.662742 -0.351846
v 0.732228 -0.563242 -0.373538
v 0.745132 -0.413088 -0.511717
v 0.674057 -0.327226 -0.678254
v 0.774285 -0.230004 -0.598570
v 0.685159 -0.286840 -0.764401
v 0.643190 -0.274098 -0.996702
v 0.838767 -0.393113 -0.368547
v 0.808440 -0.181195 -0.664669
v 0.828254 -0.178896 -0.830855
v 0.789831 -0.182479 -0.976538
v 0.920943 -0.241407 -0.286735
v 0.834583 -0.167031 -0.529102
v 0.781993 0.618518 -0.294828
v 0.820367 -0.168168 -0.586410
v 0.929719 -0.085111 -0.340060
v 0.923042 0.112351 -0.362334
v 0.906582 0.326684 -0.299798
v 0.868454 0.448901 -0.292367
v 0.904607 -0.089183 -0.401638
v 0.923555 0.164776 -0.400366
v 0.919405 0.285682 -0.356790
v 0.903833 0.424618 -0.347175
v 0.937114 0.563689 -0.458969
v 0.890679 -0.035187 -0.491117
v 0.919229 0.065416 -0.470543
v 0.853066 -0.122988 -0.589262
v 0.930414 0.012724 -0.563922
v 0.925852 -0.063578 -0.743101
v 0.908996 -0.081717 -0.874391
v 0.863345 -0.102786 -0.991069
v 0.938646 0.004790 -0.998778
v 0.949063 0.461028 -0.431293
v 1.018449 0.290160 -0.568289
v 1.022398 0.191092 -0.628924
v 1.027564 0.491896 -0.629184
v 1.004894 0.088217 -0.735371
v 1.019396 0.580570 -0.778493
v 0.970051 0.017388 -0.877637
v 1.027960 0.159040 -0.879123
v 1.020524 0.570964 -0.867669
v 1.014749 0.181167 -0.984749
v 1.023217 0.288183 -1.011967
v 1.022371 0.425737 -1.010949
v 1.016734 0.511937 -0.982488
v 1.045830 0.310682 -0.687142
v 1.044078 0.213868 -0.774661
v 1.053151 0.414147 -0.757721
v 1.051886 0.306681 -0.869553
v 1.047205 0.441279 -0.872290
v 0.525956 -0.247033 -1.175579
v 0.722582 -0.182442 -1.096292
v 0.493788 -0.151043 -1.314867
v 0.499369 0.061491 -1.459677
v 0.523333 0.152558 -1.544865
v 0.539528 0.205101 -1.581809
v 0.470293 0.075883 -1.634636
v 0.555596 0.237924 -1.626214
v 0.639388 -0.165850 -1.201235
v 0.633900 -0.071223 -1.301022
v 0.571552 0.155085 -1.474804
v 0.622087 0.250693 -1.474637
v 0.635126 0.355595 -1.482198
v 0.627292 0.478996 -1.482662
v 0.573610 0.245864 -1.544865
v 0.606225 0.345986 -1.539343
v 0.611226 0.513598 -1.546481
v 0.548276 0.191492 -1.721778
v 0.605975 0.400589 -1.637081
v 0.598436 0.333571 -1.731609
v 0.631117 0.494061 -1.781678
v 0.741913 -0.087596 -1.205242
v 0.729595 0.031062 -1.310697
v 0.675814 0.132976 -1.395716
v 0.722881 0.264809 -1.404791
v 0.721881 0.435361 -1.406907
v 0.677018 0.538081 -1.415514
v 0.828784 -0.087651 -1.093786
v 0.836395 0.028330 -1.206090
v 0.832442 0.195833 -1.303868
v 0.832072 0.544529 -1.287786
v 0.840281 0.342143 -1.312440
v 0.930045 0.090954 -1.114279
v 0.925090 0.221071 -1.200953
v 0.928650 0.425749 -1.209009
v 0.933976 0.558483 -1.143884
v 0.836522 0.474052 -1.307602
v 0.982634 0.345670 -1.109770
v -0.222879 0.778834 1.372446
v -0.311010 0.698640 1.359225
v -0.189248 0.986261 1.284787
v -0.169733 0.631866 1.403893
v -0.107143 0.870245 1.365385
v -0.073051 0.678972 1.412709
v -0.073935 1.036052 1.267547
v 0.045333 0.654386 1.412169
v -0.002303 0.869172 1.368757
v 0.024143 1.020310 1.276338
v 0.153594 0.776431 1.369517
v 0.163885 0.965642 1.283140
v 0.240615 0.630150 1.359791
v 0.275030 0.862779 1.288472
v 0.353493 0.752299 1.280412
v 0.382850 0.630855 1.277352
v -0.193819 1.083771 1.203215
v -0.290490 1.166351 1.055536
v -0.222855 1.261293 0.897864
v -0.310662 1.255226 0.645247
v -0.186800 1.268419 0.530501
v -0.187020 1.167609 1.108749
v -0.116810 1.252171 0.985608
v -0.169733 1.294010 0.747696
v -0.122971 1.302377 0.655316
v -0.073922 1.163223 1.138386
v -0.026802 1.297019 0.837662
v -0.023465 1.307410 0.746807
v -0.030766 1.293450 0.561168
v 0.017875 1.149097 1.154650
v 0.030436 1.250496 0.991386
v 0.059212 1.299207 0.649062
v 0.113151 1.085767 1.202447
v 0.167006 1.164834 1.085538
v 0.167488 1.258007 0.885682
v 0.146910 1.281599 0.752483
v 0.155280 1.254076 0.505918
v 0.240568 1.059115 1.172467
v 0.327800 1.205064 0.747932
v 0.226461 1.250370 0.617870
v 0.350389 0.955046 1.182864
v 0.282925 1.164450 0.990817
v 0.367467 1.176903 0.647931
v 0.352861 1.159194 0.519071
v 0.441791 0.838758 1.173503
v 0.362523 1.062072 1.064531
v 0.357025 1.163831 0.876757
v 0.461139 1.100514 0.713460
v 0.457618 1.071751 0.528086
v -0.200669 1.269352 0.324914
v -0.099490 1.247165 0.423189
v -0.189546 1.238065 0.372338
v -0.106643 1.239916 0.292832
v -0.176049 1.328665 0.249581
v -0.011443 1.284548 0.172165
v 0.006889 1.242115 0.194803
v 0.025482 1.257129 0.455860
v 0.020854 1.216250 0.366523
v 0.020854 1.196668 0.271229
v 0.153675 1.158429 0.313348
v 0.173516 1.080500 0.181254
v 0.094019 1.165355 0.271229
v 0.082201 1.174760 0.183176
v 0.174647 1.110701 0.087788
v 0.156226 1.217134 0.043471
v 0.078425 1.408335 -0.017752
v 0.168516 1.336840 -0.067032
v 0.215828 1.082269 0.249860
v 0.219808 1.046986 0.069765
v 0.269528 1.106676 -0.047413
v 0.260339 1.350276 -0.257306
v 0.261342 1.171425 0.416015
v 0.356022 1.082395 0.371956
v 0.283771 0.980304 0.179242
v 0.297344 0.968589 0.075752
v 0.361219 0.953616 -0.019513
v 0.324846 1.001520 -0.040034
v 0.267088 1.220728 -0.120169
v 0.335443 1.037570 -0.120355
v 0.349608 1.167946 -0.259185
v 0.466499 1.013215 0.439318
v 0.417695 0.942723 0.278484
v 0.417567 0.926457 -0.205237
v 0.437465 0.957822 -0.308558
v -0.308473 1.449520 0.224339
v -0.233156 1.620858 0.009980
v -0.231943 1.725999 -0.158574
v -0.114590 1.627701 -0.097972
v -0.130965 1.466513 0.117853
v -0.126139 1.535423 0.040136
v -0.021895 1.640839 -0.239813
v -0.017390 1.441807 0.046663
v -0.018423 1.539201 -0.065423
v 0.066101 1.530955 -0.164882
v 0.169510 1.447754 -0.208211
v 0.103191 1.554782 -0.284403
v 0.357622 1.260430 -0.432782
v 0.360578 1.281025 -0.647273
v 0.354876 1.248827 -0.821206
v 0.332154 1.139220 -1.034694
v 0.437691 1.074136 -0.467842
v 0.438986 1.122789 -0.632987
v 0.396010 1.200195 -0.636862
v 0.425717 1.130216 -0.776996
v 0.377872 1.197143 -0.816480
v 0.409596 1.108344 -0.911100
v 0.428566 1.045542 -1.021578
v -0.222570 1.812395 -0.458942
v -0.219051 1.821751 -0.586002
v -0.221091 1.817163 -0.713373
v -0.300554 1.825923 -0.829517
v -0.215251 1.732563 -1.017330
v -0.098157 1.724024 -0.323351
v -0.105079 1.721855 -0.904672
v -0.040050 1.722784 -0.493592
v -0.034017 1.726360 -0.639051
v -0.062982 1.725945 -0.786259
v -0.027942 1.629043 -1.004325
v 0.066809 1.633779 -0.430601
v 0.075558 1.637385 -0.704744
v 0.054626 1.628678 -0.834756
v 0.120291 1.604383 -0.586221
v 0.166644 1.552421 -0.712814
v 0.159025 1.522758 -0.858704
v 0.258948 1.430522 -0.437594
v 0.166333 1.546344 -0.452183
v 0.261124 1.437602 -0.724896
v 0.261663 1.364380 -0.919878
v 0.262655 1.444441 -0.583744
v 0.072880 1.339976 -1.292908
v 0.172847 1.313660 -1.163147
v 0.093919 1.336824 -1.347717
v 0.269644 1.271172 -1.028877
v 0.250226 1.135865 -1.207915
v 0.236723 1.202502 -1.156561
v 0.223744 1.198424 -1.254428
v 0.172767 1.262510 -1.253463
v 0.235065 1.229606 -1.339463
v 0.167444 1.358785 -1.513685
v 0.219311 1.354552 -1.630249
v 0.242956 1.353189 -1.769521
v 0.286899 1.190532 -1.065105
v 0.329994 1.038095 -1.174713
v 0.316108 1.081318 -1.140684
v 0.301804 1.087597 -1.255982
v 0.279028 1.159349 -1.304955
v 0.376019 1.160700 -1.474937
v 0.303378 1.260168 -1.528898
v 0.414398 0.980166 -1.171610
v 0.403854 0.974407 -1.257612
v 0.459097 0.939448 -1.344750
v 0.387745 1.038326 -1.332405
v 0.460796 1.110070 -1.636668
v 0.357129 1.254714 -1.699686
v 0.453840 1.142042 -1.784077
v -0.228590 1.631769 -1.200323
v -0.247061 1.483828 -1.449936
v -0.219649 1.518509 -1.641690
v -0.177765 1.493478 -1.340640
v -0.132565 1.439728 -1.399374
v -0.164990 1.460615 -1.437778
v -0.176081 1.523139 -1.777575
v -0.073135 1.500845 -1.248999
v -0.116845 1.630181 -1.112936
v -0.082299 1.432539 -1.359956
v -0.025438 1.447410 -1.504272
v -0.070105 1.482517 -1.597004
v -0.057632 1.495899 -1.731450
v 0.032672 1.512665 -1.117600
v 0.020276 1.412717 -1.258370
v 0.028918 1.377321 -1.342702
v 0.012084 1.411338 -1.452751
v 0.075979 1.445717 -1.677903
v 0.159063 1.437834 -1.034961
v 0.082253 1.536876 -1.005955
v 0.459380 0.758708 1.186844
v 0.459269 0.949504 1.070892
v 0.551324 0.756680 1.068142
v 0.559126 0.861660 0.989433
v 0.455172 1.038806 0.958962
v 0.548627 0.957964 0.878283
v 0.458389 1.077192 0.867585
v 0.548472 0.955132 0.531202
v 0.552898 0.650645 1.095065
v 0.606573 0.646874 0.991080
v 0.631879 0.698204 0.908811
v 0.641153 0.788251 0.776257
v 0.560215 0.975256 0.756752
v 0.642051 0.781597 0.632445
v 0.562260 0.970104 0.641509
v 0.647085 0.651608 0.538761
v 0.604287 0.834767 0.544738
v 0.664528 0.661429 0.723937
v 0.548795 0.834195 0.369246
v 0.458465 0.883364 0.247785
v 0.435077 0.886793 0.181080
v 0.479619 0.869882 0.001353
v 0.468666 0.869875 -0.202237
v 0.614716 0.727159 0.461816
v 0.614446 0.712986 0.374217
v 0.552153 0.802339 0.262575
v 0.619345 0.773759 0.076797
v 0.598432 0.792313 -0.072008
v 0.576821 0.790853 -0.205975
v 0.614722 0.727307 0.303993
v 0.730047 0.663681 0.134402
v 0.739007 0.663305 -0.048602
v 0.682461 0.705463 -0.204498
v 0.741435 0.589342 0.304240
v 0.757082 0.613452 -0.205237
v 0.520501 0.844683 -0.282204
v 0.460785 0.992167 -0.385764
v 0.505090 1.029460 -0.539871
v 0.525488 1.045559 -0.681703
v 0.505123 1.060882 -0.791533
v 0.470213 1.067120 -0.876609
v 0.595501 0.794309 -0.283684
v 0.547741 0.921975 -0.407380
v 0.567746 0.967405 -0.503750
v 0.646981 0.962917 -0.575126
v 0.609092 1.002133 -0.660879
v 0.691729 0.716960 -0.275066
v 0.661063 0.863247 -0.409053
v 0.726122 0.870258 -0.483608
v 0.722548 0.948691 -0.684605
v 0.715287 0.965128 -0.778215
v 0.688404 0.976602 -0.874965
v 0.647544 0.972548 -0.994376
v 0.762958 0.767229 -0.394084
v 0.844876 0.777998 -0.514426
v 0.757079 0.885436 -0.557613
v 0.834687 0.870189 -0.717679
v 0.829518 0.872676 -0.885487
v 0.810579 0.869513 -0.967938
v 0.844601 0.672033 -0.403766
v 0.930370 0.680696 -0.552485
v 0.929873 0.761865 -0.837144
v 0.945148 0.716656 -0.671815
v 0.940185 0.701249 -0.983617
v 0.506501 0.980063 -1.106117
v 0.505925 0.897276 -1.263384
v 0.526131 0.844994 -1.348756
v 0.513219 0.901387 -1.443389
v 0.455899 1.069587 -1.510954
v 0.542163 0.949062 -1.591398
v 0.562756 0.965309 -1.102719
v 0.646381 0.874316 -1.187690
v 0.615003 0.741538 -1.353067
v 0.578202 0.867698 -1.245151
v 0.645181 0.642638 -1.397840
v 0.569998 0.797347 -1.348756
v 0.617384 0.635339 -1.441609
v 0.583586 0.727159 -1.444049
v 0.553583 0.799905 -1.444049
v 0.593805 0.709219 -1.536110
v 0.578776 0.846909 -1.604233
v 0.625188 0.690192 -1.691433
v 0.546228 0.981725 -1.724301
v 0.596479 0.842495 -1.732224
v 0.733261 0.876776 -1.094799
v 0.753152 0.673322 -1.287681
v 0.837254 0.676772 -1.200096
v 0.745050 0.780407 -1.209041
v 0.926843 0.681638 -1.045847
v 0.834629 0.776201 -1.104030
v -0.220252 -0.350283 -1.912011
v -0.233278 -0.327933 -2.026875
v -0.214511 -0.277546 -2.166522
v -0.168946 -0.190691 -2.303550
v -0.062162 -0.326906 -1.861688
v -0.034169 -0.279603 -2.059775
v -0.053169 -0.190238 -2.260379
v 0.162707 -0.190459 -2.053440
v 0.066848 -0.188009 -2.177320
v 0.074704 -0.278209 -1.874757
v 0.216364 -0.188231 -1.922832
v -0.228109 -0.086446 -2.446757
v -0.224358 0.036023 -2.545110
v -0.076189 -0.086934 -2.403742
v -0.048818 0.105549 -2.551383
v 0.063159 -0.080221 -2.343340
v 0.005941 0.004394 -2.456758
v 0.181006 0.031242 -2.365668
v 0.160967 0.122443 -2.455390
v 0.098163 0.201117 -2.541176
v 0.263473 -0.073904 -2.149895
v 0.168904 -0.083154 -2.254499
v 0.267566 0.107139 -2.356165
v 0.245718 0.205565 -2.442075
v 0.172265 0.326111 -2.548760
v 0.221033 0.440715 -2.544788
v 0.248012 0.583540 -2.540919
v 0.357216 -0.085847 -1.856771
v 0.326001 -0.077258 -2.007416
v 0.333100 0.049902 -2.218788
v 0.357725 0.129622 -2.269366
v 0.347377 0.230957 -2.356157
v 0.355036 0.483067 -2.445632
v 0.465032 0.044761 -1.822880
v 0.448907 0.042861 -1.923614
v 0.381560 -0.000436 -2.045927
v 0.458058 0.105779 -2.051069
v 0.459973 0.195738 -2.164131
v 0.454455 0.307897 -2.260046
v 0.454910 0.441388 -2.310855
v 0.453695 0.593049 -2.333589
v 0.340516 0.355934 -2.426776
v -0.261233 0.195269 -2.641127
v -0.216588 0.395396 -2.701679
v -0.154001 0.206626 -2.632576
v -0.179337 0.584219 -2.715091
v -0.038482 0.297069 -2.636592
v -0.075066 0.491150 -2.689118
v 0.060801 0.402295 -2.630514
v 0.080313 0.580767 -2.641802
v 0.547661 0.198502 -1.886468
v 0.557676 0.319985 -2.039030
v 0.540538 0.401299 -2.150157
v 0.598528 0.345154 -1.871948
v 0.610120 0.491053 -1.973565
v 0.552288 0.582425 -2.169078
v -0.230969 1.253167 -2.448752
v -0.268538 1.140591 -2.542290
v -0.168180 1.357366 -2.305911
v -0.072591 1.253107 -2.404748
v -0.124872 1.127239 -2.529849
v -0.028443 1.350407 -2.260769
v 0.084041 1.232613 -2.348243
v 0.033388 1.149495 -2.453892
v 0.086389 1.356064 -2.158384
v 0.154612 1.054384 -2.453822
v 0.213664 1.358877 -1.921230
v 0.252363 1.247813 -2.156570
v 0.165371 1.254631 -2.254213
v 0.248408 0.963121 -2.440566
v 0.228308 0.727066 -2.540331
v 0.357449 1.253852 -1.861128
v 0.315207 1.252883 -2.016366
v 0.363862 1.163600 -2.105427
v 0.367695 1.042232 -2.251455
v 0.357923 0.951171 -2.335868
v 0.269838 1.156298 -2.255572
v 0.356168 0.691360 -2.443949
v 0.338605 0.814723 -2.427781
v 0.262979 1.068078 -2.355064
v 0.451995 1.121676 -1.920323
v 0.454496 1.064212 -2.060061
v 0.446647 0.966115 -2.195831
v 0.456734 0.726664 -2.308279
v -0.219055 1.509306 -1.972057
v -0.258393 1.447236 -2.170285
v -0.145396 1.437201 -2.159312
v -0.073280 1.497120 -1.871891
v -0.030897 1.448168 -2.056026
v 0.075917 1.446713 -1.870975
v 0.169230 1.358775 -2.037971
v -0.261060 0.973230 -2.641007
v -0.155801 0.960229 -2.633553
v -0.170838 0.776414 -2.693434
v -0.063457 0.870368 -2.643995
v -0.040331 1.057475 -2.551496
v -0.069465 0.666830 -2.689015
v 0.057663 0.764801 -2.632084
v 0.062897 0.978430 -2.552618
v 0.168118 0.868322 -2.543476
v 0.547292 0.971739 -1.882020
v 0.549560 0.865682 -2.049796
v 0.543216 0.743856 -2.152602
v 0.462146 0.840235 -2.258303
v 0.628844 0.673692 -1.822412
v 0.598833 0.827878 -1.859495
v 0.610151 0.632812 -1.989775
v 0.603341 0.724739 -1.969890
vn -0.9802 0.1796 0.0832
vn -0.9970 0.0177 -0.0747
vn -0.7697 -0.4934 0.4051
vn -0.7739 -0.6176 0.1403
vn -0.8002 -0.5933 0.0869
vn -0.7876 -0.6068 -0.1075
vn -0.8048 -0.5897 -0.0684
vn -0.7882 -0.5407 -0.2940
vn -0.9974 0.0718 0.0068
vn -0.9016 -0.0559 0.4290
vn -0.9613 0.2254 0.1582
vn -0.9561 0.2605 0.1339
vn -0.9334 0.1736 0.3142
vn -0.9787 -0.2049 0.0116
vn -0.8217 0.4478 0.3525
vn -0.8985 -0.3348 0.2841
vn -0.7962 -0.5680 0.2082
vn -0.9424 -0.0840 -0.3237
vn -0.9265 -0.0682 0.3700
vn -0.9161 -0.3522 0.1915
vn -0.9893 -0.1311 0.0632
vn -0.9670 -0.2250 -0.1198
vn -0.9857 -0.1293 -0.1078
vn -0.8766 -0.4662 0.1191
vn -0.8087 -0.5581 -0.1860
vn -0.9932 -0.0273 -0.1130
vn -0.9439 -0.2153 -0.2504
vn -0.9644 0.0932 -0.2475
vn -0.9116 -0.0377 -0.4094
vn -0.9518 -0.1649 0.2584
vn -0.8230 0.0419 0.5665
vn -0.8567 -0.1975 0.4765
vn -0.8277 0.1914 0.5275
vn -0.8532 -0.4126 0.3190
vn -0.8605 0.5041 0.0735
vn -0.9425 0.1367 -0.3051
vn -0.9847 0.1741 -0.0018
vn -0.9762 0.1344 0.1703
vn -0.9959 -0.0278 -0.0857
vn -0.8588 -0.2125 -0.4662
vn -0.9649 0.1331 0.2264
vn -0.8998 0.0820 -0.4285
vn -0.6089 0.7848 0.1156
vn -0.9309 -0.1504 0.3328
vn -0.8373 -0.0154 0.5465
vn -0.8455 -0.2885 0.4494
vn -0.8522 -0.3939 0.3444
vn -0.8266 -0.5301 0.1890
vn -0.7598 -0.1677 0.6282
vn -0.7256 -0.3786 0.5746
vn -0.7385 -0.4925 0.4606
vn -0.5837 -0.5524 0.5952
vn -0.6119 -0.6423 0.4616
vn -0.7008 -0.5713 0.4272
vn -0.5662 -0.7008 0.4340
vn -0.5429 -0.8208 0.1778
vn -0.4227 -0.2207 0.8790
vn -0.3957 -0.5378 0.7444
vn -0.4778 -0.5915 0.6495
vn -0.4151 -0.7120 0.5663
vn -0.7341 -0.6271 0.2604
vn -0.5767 -0.6385 0.5096
vn -0.7029 -0.5681 0.4280
vn -0.5869 -0.8066 0.0700
vn -0.4932 -0.7580 0.4268
vn -0.4114 -0.9093 0.0631
vn -0.3652 -0.9006 0.2357
vn -0.1658 -0.7843 0.5978
vn -0.1287 -0.9833 0.1285
vn 0.0767 -0.7738 0.6288
vn 0.0071 -0.9001 0.4357
vn -0.0153 -0.9998 0.0121
vn -0.3837 -0.9196 0.0844
vn 0.2221 -0.8536 0.4713
vn 0.1409 -0.9072 0.3965
vn 0.1204 -0.9887 0.0888
vn -0.9032 0.3261 0.2791
vn -0.8732 0.4456 0.1973
vn -0.8882 -0.4557 0.0580
vn -0.9082 -0.3881 0.1569
vn -0.7480 -0.0352 0.6628
vn -0.7586 0.0927 0.6449
vn -0.7480 0.1149 0.6537
vn -0.7344 0.2262 0.6399
vn -0.6955 -0.3928 0.6016
vn -0.7370 -0.5025 0.4521
vn -0.8215 0.5149 0.2451
vn -0.7506 0.6091 0.2559
vn -0.9991 -0.0066 0.0426
vn -0.5868 -0.2465 0.7713
vn -0.8152 -0.2409 0.5267
vn -0.6456 -0.1158 0.7548
vn -0.8473 0.0622 0.5275
vn -0.9247 0.3499 0.1499
vn -0.9109 0.3481 0.2217
vn -0.7167 0.6361 0.2859
vn -0.8485 -0.5192 0.1021
vn -0.8595 -0.5044 0.0829
vn -0.6851 -0.3424 0.6430
vn -0.4863 -0.3950 0.7794
vn -0.7218 -0.6818 0.1192
vn -0.6489 -0.6808 0.3397
vn -0.3063 -0.5713 0.7615
vn -0.4983 -0.8582 0.1235
vn -0.6934 -0.7155 0.0858
vn -0.5340 -0.8335 0.1416
vn -0.5848 -0.4231 0.6921
vn -0.6325 -0.2879 0.7191
vn -0.6727 -0.3025 0.6753
vn -0.6084 -0.7818 0.1366
vn -0.6615 -0.6139 -0.4308
vn -0.5235 -0.3754 0.7649
vn -0.4906 -0.7835 0.3814
vn -0.5839 -0.7675 0.2645
vn -0.6173 -0.7581 0.2102
vn -0.3637 -0.7474 0.5560
vn -0.2658 -0.9524 0.1494
vn -0.3327 -0.9393 -0.0835
vn -0.1181 -0.6828 0.7210
vn 0.0131 -0.7509 0.6603
vn -0.0620 -0.6546 0.7534
vn 0.0200 -0.8855 0.4643
vn -0.0671 -0.8019 0.5937
vn -0.0623 -0.9907 0.1214
vn -0.0650 -0.9107 0.4079
vn -0.1768 -0.8453 0.5042
vn 0.2215 -0.8065 0.5481
vn 0.3680 -0.8894 0.2713
vn 0.0223 -0.9976 0.0653
vn 0.1953 -0.7983 0.5698
vn 0.1697 -0.9610 0.2185
vn 0.2443 -0.7614 0.6004
vn -0.9187 -0.3664 -0.1474
vn -0.9454 0.2955 -0.1376
vn -0.9166 0.3923 -0.0769
vn -0.9177 -0.3923 0.0631
vn -0.9540 -0.1372 -0.2666
vn -0.9693 -0.0541 -0.2399
vn -0.8889 0.1600 0.4293
vn -0.8697 0.2367 0.4332
vn -0.8446 0.4208 0.3310
vn -0.9480 -0.0020 0.3183
vn -0.9050 0.0893 0.4160
vn -0.8284 -0.5089 0.2340
vn -0.7927 0.1522 0.5903
vn -0.7931 -0.6030 -0.0861
vn -0.7608 -0.6337 -0.1403
vn -0.7770 -0.5849 0.2328
vn -0.7672 -0.6000 0.2268
vn -0.7466 -0.5961 -0.2955
vn -0.7598 -0.5114 -0.4014
vn -0.5787 -0.5448 -0.6068
vn -0.5672 -0.7576 0.3231
vn -0.5247 -0.7421 -0.4171
vn -0.3256 -0.8715 0.3668
vn -0.3944 -0.8908 0.2258
vn -0.3772 -0.7451 -0.5500
vn -0.2735 -0.8868 0.3725
vn -0.2764 -0.9179 -0.2849
vn -0.0751 -0.9885 -0.1309
vn -0.1127 -0.9001 -0.4208
vn 0.2649 -0.9107 -0.3169
vn 0.2065 -0.8913 -0.4036
vn -0.8571 0.3144 -0.4081
vn -0.7012 0.2600 -0.6638
vn -0.8478 0.4334 -0.3056
vn -0.5969 0.7958 0.1017
vn -0.7610 0.4661 -0.4513
vn -0.8384 0.5260 -0.1426
vn -0.5024 -0.1355 0.8539
vn -0.3082 -0.9175 0.2515
vn -0.2967 -0.9319 0.2086
vn -0.1319 -0.9321 0.3373
vn -0.5386 -0.7601 0.3635
vn 0.0117 -0.8976 0.4406
vn -0.6346 -0.5534 0.5394
vn -0.2191 -0.8053 0.5510
vn -0.6683 -0.4597 0.5848
vn -0.5232 -0.3493 0.7774
vn -0.5011 -0.6150 0.6089
vn -0.4186 -0.3063 0.8550
vn -0.2977 -0.3918 0.8706
vn -0.3137 -0.3507 0.8824
vn -0.3187 -0.7022 0.6367
vn -0.1692 -0.0133 0.9855
vn -0.1886 -0.4544 0.8706
vn -0.2584 -0.8418 0.4739
vn -0.0291 -0.1595 0.9868
vn -0.0123 -0.5104 0.8599
vn -0.0154 -0.6732 0.7393
vn -0.0548 -0.5924 0.8038
vn -0.0638 -0.7138 0.6975
vn 0.0770 -0.8525 0.5170
vn 0.0728 -0.8273 0.5571
vn 0.2149 -0.4305 0.8766
vn -0.0220 -0.0576 0.9981
vn 0.2884 -0.5863 0.7570
vn 0.3289 -0.6311 0.7025
vn 0.0880 -0.6627 0.7437
vn -0.3464 -0.4423 0.8272
vn 0.0056 -0.6562 0.7545
vn -0.1239 -0.6008 0.7897
vn -0.2519 -0.3541 0.9006
vn -0.4721 -0.3491 0.8095
vn -0.4351 -0.6342 0.6392
vn -0.2094 -0.5375 0.8169
vn -0.3114 -0.9502 -0.0120
vn 0.0585 -0.8124 0.5801
vn 0.2308 -0.8524 0.4693
vn -0.2702 -0.9628 0.0072
vn -0.6884 -0.7004 0.1885
vn -0.3803 -0.8059 0.4537
vn -0.3831 -0.8097 0.4446
vn -0.0372 -0.9812 0.1893
vn -0.1473 -0.7694 0.6215
vn -0.5387 -0.7586 0.3665
vn -0.7514 -0.5681 0.3356
vn -0.8621 -0.4558 0.2214
vn -0.8579 -0.5115 0.0483
vn -0.7639 -0.4791 0.4322
vn -0.7975 -0.4522 0.3995
vn -0.7493 -0.5699 0.3373
vn -0.7688 -0.6280 0.1206
vn -0.7460 -0.6628 -0.0653
vn -0.6454 -0.5703 0.5082
vn -0.7319 -0.5974 0.3278
vn -0.6793 -0.7336 -0.0218
vn -0.5785 -0.8057 0.1272
vn -0.5751 -0.8166 -0.0499
vn -0.6066 -0.7815 -0.1455
vn -0.4224 -0.7917 0.4414
vn -0.4248 -0.8013 0.4213
vn -0.4275 -0.8941 0.1338
vn 0.4303 -0.8854 0.1757
vn 0.4064 -0.7812 0.4739
vn 0.5106 -0.7080 0.4879
vn 0.6425 -0.7360 0.2132
vn -0.1001 -0.9789 -0.1782
vn 0.5360 -0.8110 0.2343
vn 0.6275 -0.7569 0.1825
vn 0.9741 -0.2245 -0.0271
vn 0.5310 -0.6346 0.5615
vn 0.7122 -0.6791 0.1778
vn 0.5979 -0.8015 0.0075
vn -0.7610 -0.4903 -0.4247
vn -0.6967 -0.5949 -0.4009
vn -0.5840 -0.6436 -0.4947
vn -0.2553 -0.9632 -0.0836
vn -0.6796 -0.6491 -0.3417
vn -0.5282 -0.6319 -0.5672
vn -0.3622 -0.8406 -0.4027
vn -0.5913 -0.6330 -0.4997
vn -0.5887 -0.6487 -0.4822
vn -0.5850 -0.5099 -0.6307
vn -0.5429 -0.5885 -0.5991
vn -0.0080 -0.9801 -0.1981
vn -0.5118 -0.7953 -0.3249
vn -0.4656 -0.6389 -0.6124
vn -0.5782 -0.8002 -0.1596
vn -0.3986 -0.8906 -0.2192
vn -0.4158 -0.7965 -0.4389
vn 0.4174 -0.7201 0.5543
vn 0.3717 -0.8923 -0.2561
vn 0.5268 -0.7537 0.3929
vn 0.5922 -0.7151 0.3714
vn 0.5041 -0.7498 -0.4287
vn 0.6386 -0.5301 -0.5579
vn 0.6383 -0.6202 0.4560
vn 0.8036 -0.3641 0.4708
vn 0.6465 -0.7374 0.1957
vn 0.7513 -0.6108 0.2499
vn 0.6574 -0.7510 0.0626
vn 0.7917 -0.6096 0.0400
vn 0.6564 -0.5558 -0.5102
vn 0.7943 -0.3743 0.4785
vn 0.7770 -0.6245 0.0791
vn 0.7990 -0.5989 0.0541
vn 0.9079 -0.4172 0.0411
vn 0.9206 -0.3836 -0.0734
vn 0.9184 -0.3902 -0.0661
vn 0.8933 -0.3830 -0.2351
vn 0.8567 -0.5006 -0.1246
vn 0.2946 -0.6733 -0.6782
vn 0.5157 -0.8510 0.0998
vn 0.7492 -0.6132 0.2502
vn 0.6006 -0.7912 -0.1158
vn -0.6648 -0.6963 -0.2706
vn -0.2680 -0.9632 -0.0197
vn -0.6339 -0.7058 -0.3163
vn -0.6418 -0.6955 -0.3231
vn -0.2756 -0.8935 0.3545
vn -0.2661 -0.9404 0.2115
vn -0.6422 -0.7636 -0.0676
vn 0.0318 -0.5369 -0.8430
vn -0.9255 0.3407 0.1652
vn -0.7929 0.5380 0.2861
vn -0.8839 0.4542 -0.1116
vn -0.8922 0.3960 -0.2172
vn -0.9031 0.2887 -0.3180
vn -0.7979 0.4276 -0.4248
vn -0.9322 0.3170 0.1746
vn -0.8571 0.0553 0.5122
vn -0.8469 0.4092 0.3396
vn -0.7300 0.2269 0.6447
vn -0.7312 0.5231 0.4378
vn -0.7638 0.6239 0.1657
vn -0.6433 0.1799 0.7442
vn -0.6318 0.4347 0.6418
vn -0.5085 0.4000 0.7625
vn -0.5014 0.5674 0.6532
vn -0.4931 0.7489 0.4427
vn -0.4262 0.2042 0.8813
vn -0.3796 0.6492 0.6591
vn -0.4249 0.8698 0.2509
vn -0.7863 0.5150 0.3412
vn -0.9804 0.1960 -0.0208
vn -0.9485 0.3143 -0.0403
vn -0.9360 0.3519 -0.0039
vn -0.9804 0.0879 -0.1764
vn -0.9356 0.3129 -0.1635
vn -0.8604 0.4831 0.1622
vn -0.8263 0.5357 -0.1737
vn -0.8739 0.4053 -0.2685
vn -0.9521 0.2744 -0.1348
vn -0.9733 0.2273 0.0302
vn -0.9946 -0.1028 0.0162
vn -0.8376 0.1704 0.5190
vn -0.8122 0.3152 0.4910
vn -0.7701 0.6379 0.0084
vn -0.8766 0.4717 -0.0948
vn -0.8571 0.5085 0.0830
vn -0.9848 0.1362 0.1082
vn -0.7672 0.2958 0.5691
vn -0.7029 0.6992 0.1306
vn -0.7624 0.5906 0.2643
vn -0.6997 0.5304 0.4786
vn -0.6892 0.4006 0.6038
vn -0.5700 0.8214 0.0182
vn -0.5676 0.7540 0.3306
vn -0.6736 0.5924 0.4419
vn -0.4309 0.6860 0.5862
vn -0.7402 0.5149 0.4325
vn -0.6581 0.5034 0.5599
vn -0.5422 0.6747 0.5008
vn -0.4959 0.6211 0.6069
vn -0.7188 0.3037 0.6254
vn -0.7513 0.3539 0.5570
vn -0.7529 0.3736 0.5418
vn -0.7739 0.4253 0.4693
vn -0.7648 0.5789 0.2826
vn -0.7413 0.6653 0.0889
vn -0.7346 0.6719 0.0944
vn -0.9544 0.0765 0.2885
vn -0.9016 0.1564 0.4034
vn -0.8074 0.2132 0.5501
vn -0.9550 0.1866 0.2307
vn -0.9398 0.2591 0.2229
vn -0.9677 0.2401 0.0766
vn -0.9650 0.2618 -0.0148
vn -0.9146 0.4021 0.0428
vn -0.7564 0.5720 -0.3173
vn -0.8822 0.4224 0.2080
vn -0.9410 0.3193 -0.1126
vn -0.8931 0.3365 -0.2986
vn -0.8723 0.4144 -0.2596
vn -0.8216 0.5125 0.2496
vn -0.7863 0.5912 -0.1793
vn -0.7664 0.6325 0.1124
vn -0.7709 0.6369 -0.0094
vn -0.5812 0.8114 0.0615
vn -0.5663 0.8150 -0.1232
vn -0.4434 0.8861 0.1348
vn -0.4564 0.8892 -0.0322
vn -0.5088 0.8003 -0.3173
vn -0.7555 0.6491 -0.0883
vn -0.6282 0.6263 -0.4616
vn -0.6949 0.5073 -0.5097
vn -0.7085 0.3436 -0.6164
vn -0.7649 0.6110 -0.2040
vn -0.5393 0.6641 -0.5179
vn -0.7580 0.4951 -0.4247
vn -0.6636 0.6865 -0.2972
vn -0.7478 0.4926 -0.4451
vn -0.4864 0.7708 -0.4113
vn -0.5586 0.6919 -0.4574
vn -0.4878 0.6154 -0.6192
vn -0.7544 0.4034 -0.5178
vn -0.7800 0.4309 -0.4538
vn -0.3601 0.7117 -0.6031
vn -0.5294 0.8206 -0.2155
vn -0.6477 0.7574 -0.0833
vn -0.6076 0.4588 -0.6483
vn -0.7352 0.3158 -0.5997
vn -0.7391 0.3136 -0.5961
vn -0.5276 0.5159 -0.6749
vn -0.4339 0.8597 -0.2696
vn -0.6942 0.4537 -0.5587
vn -0.6763 0.2985 -0.6734
vn -0.5521 0.6667 -0.5007
vn -0.5931 0.4570 -0.6629
vn -0.5240 0.4014 -0.7512
vn -0.5969 0.3185 -0.7364
vn -0.6627 0.7468 -0.0559
vn -0.6617 0.3775 -0.6478
vn -0.4860 0.4267 -0.7627
vn -0.4794 0.4404 -0.7591
vn -0.7933 0.4997 -0.3478
vn -0.6493 0.6544 -0.3876
vn -0.6126 0.6993 -0.3683
vn -0.6351 0.5523 -0.5400
vn -0.5576 0.7345 -0.3867
vn -0.5259 0.7011 -0.4816
vn -0.5700 0.5026 -0.6499
vn -0.4465 0.2389 0.8623
vn -0.3134 0.3654 0.8765
vn -0.2973 0.3995 0.8672
vn -0.2893 0.8521 0.4361
vn -0.1397 0.0577 0.9885
vn -0.1911 0.4547 0.8699
vn -0.1801 0.7332 0.6557
vn -0.1845 0.9012 0.3921
vn -0.0191 0.5031 0.8640
vn -0.0370 0.7734 0.6328
vn -0.0258 0.9415 0.3359
vn 0.0529 0.5208 0.8520
vn 0.0686 0.6489 0.7577
vn 0.2818 0.1035 0.9539
vn 0.1389 0.2958 0.9451
vn 0.1820 0.4092 0.8941
vn 0.1469 0.4740 0.8682
vn -0.0967 0.1900 0.9770
vn -0.1580 0.5522 0.8186
vn -0.0810 0.7227 0.6864
vn 0.0116 0.5493 0.8356
vn 0.2774 0.8359 0.4736
vn 0.3206 0.8741 0.3648
vn 0.2912 0.9236 0.2492
vn -0.4956 0.4075 0.7671
vn -0.2380 0.9095 0.3408
vn 0.1371 0.9578 0.2526
vn -0.4471 0.8902 0.0876
vn -0.3763 0.9265 0.0064
vn -0.1866 0.9745 0.1245
vn -0.0501 0.9974 0.0514
vn 0.3455 0.9280 0.1397
vn 0.3167 0.8697 0.3786
vn 0.3183 0.8657 0.3862
vn 0.1075 0.9922 0.0626
vn -0.4234 0.5566 0.7148
vn -0.3867 0.6616 0.6425
vn -0.3684 0.6277 0.6857
vn -0.3576 0.7072 0.6099
vn -0.2190 0.6671 0.7121
vn -0.2407 0.7770 0.5816
vn -0.2349 0.8870 0.3975
vn -0.0189 0.7438 0.6681
vn -0.1424 0.6485 0.7478
vn -0.1174 0.7210 0.6829
vn -0.0294 0.7022 0.7114
vn 0.0274 0.6116 0.7907
vn 0.1381 0.6323 0.7623
vn 0.1168 0.6825 0.7215
vn 0.1258 0.8083 0.5751
vn 0.1240 0.9001 0.4177
vn 0.1051 0.9201 0.3774
vn 0.2513 0.6381 0.7278
vn 0.2123 0.6423 0.7364
vn 0.2044 0.7373 0.6439
vn -0.3967 0.8906 0.2223
vn -0.4137 0.8978 -0.1509
vn -0.2149 0.9580 -0.1901
vn -0.1398 0.9894 0.0391
vn -0.1570 0.9829 -0.0957
vn -0.0146 0.9524 0.3043
vn -0.0401 0.9895 0.1392
vn -0.0581 0.9639 -0.2597
vn 0.0575 0.9668 0.2491
vn 0.0354 0.9855 0.1657
vn 0.1136 0.9593 0.2587
vn 0.1235 0.9650 -0.2313
vn 0.1899 0.9624 0.1940
vn 0.2291 0.9654 -0.1244
vn -0.7580 0.6496 -0.0582
vn -0.6979 0.7070 -0.1144
vn -0.8253 0.5647 0.0005
vn -0.3944 0.7877 -0.4734
vn -0.4375 0.5811 -0.6862
vn -0.4305 0.6033 -0.6713
vn -0.2951 0.8819 -0.3676
vn -0.2348 0.7878 -0.5695
vn -0.3011 0.5955 -0.7448
vn -0.2873 0.6403 -0.7124
vn -0.3668 0.7706 -0.5212
vn -0.5868 0.8041 0.0952
vn -0.1469 0.8835 -0.4448
vn -0.4010 0.8702 -0.2861
vn -0.0398 0.8801 -0.4730
vn -0.0819 0.7374 -0.6705
vn -0.2855 0.7751 -0.5637
vn -0.3210 0.9421 -0.0967
vn 0.0208 0.7744 -0.6324
vn 0.1113 0.8063 -0.5809
vn -0.0277 0.9551 -0.2950
vn 0.2071 0.8951 -0.3949
vn 0.2702 0.7975 -0.5395
vn -0.1130 0.9919 0.0573
vn -0.7723 -0.6071 -0.1870
vn -0.6337 -0.5357 -0.5581
vn -0.9375 -0.3231 -0.1294
vn -0.9573 -0.2263 -0.1796
vn -0.9617 0.2301 -0.1490
vn -0.9500 0.0164 -0.3118
vn -0.7771 0.4345 -0.4554
vn -0.5943 0.7407 -0.3133
vn -0.5346 0.6651 -0.5214
vn -0.5390 -0.2477 -0.8050
vn -0.4667 -0.8090 -0.3574
vn -0.4724 -0.7726 -0.4242
vn -0.2793 -0.6801 -0.6778
vn -0.2869 -0.5854 -0.7583
vn -0.3887 -0.6311 -0.6713
vn -0.2653 -0.5115 -0.8173
vn -0.2622 -0.6737 -0.6910
vn 0.0640 -0.7243 -0.6866
vn -0.2036 -0.7557 -0.6224
vn -0.2788 -0.4988 -0.8207
vn 0.1402 -0.5385 -0.8309
vn 0.1723 -0.6138 -0.7704
vn -0.0913 -0.5692 -0.8171
vn 0.4620 -0.3468 -0.8163
vn 0.0810 -0.7225 -0.6866
vn 0.0741 -0.5828 -0.8092
vn 0.0840 -0.2160 -0.9728
vn 0.3522 -0.6209 -0.7003
vn 0.2664 -0.5193 -0.8120
vn 0.2467 -0.0631 -0.9670
vn -0.4740 0.4509 -0.7563
vn -0.6605 0.7288 -0.1806
vn -0.5192 0.6876 -0.5076
vn -0.2421 0.7633 -0.5990
vn -0.0530 -0.2650 -0.9628
vn -0.4396 0.3142 -0.8414
vn 0.1565 0.3925 -0.9063
vn 0.3697 -0.2015 -0.9071
vn -0.2129 0.1063 -0.9713
vn 0.5857 -0.2566 -0.7689
vn 0.3393 -0.2757 -0.8994
vn -0.1409 -0.0916 -0.9858
vn -0.2440 0.0721 -0.9671
vn -0.2550 0.2070 -0.9445
vn 0.0623 -0.3484 -0.9353
vn -0.3389 0.0926 -0.9362
vn -0.5889 -0.1061 -0.8012
vn 0.3310 -0.2314 -0.9148
vn -0.1217 -0.5071 -0.8533
vn -0.5795 -0.5356 -0.6143
vn -0.4589 -0.2131 -0.8625
vn -0.6336 -0.3127 -0.7076
vn -0.5944 -0.3341 -0.7315
vn -0.8412 -0.0371 -0.5395
vn 0.5099 -0.5107 -0.6922
vn 0.3988 -0.4087 -0.8209
vn 0.6448 -0.3613 -0.6735
vn 0.5274 -0.2343 -0.8167
vn 0.1691 -0.6701 -0.7228
vn -0.4365 -0.8704 -0.2279
vn -0.0597 -0.9556 -0.2886
vn -0.4043 -0.8615 -0.3073
vn -0.3270 -0.9354 -0.1346
vn -0.3093 -0.9333 -0.1825
vn -0.2481 -0.9687 0.0023
vn -0.4083 -0.8193 -0.4025
vn -0.3856 -0.7883 -0.4794
vn -0.7482 -0.4144 -0.5181
vn -0.7760 -0.1733 -0.6065
vn -0.3728 -0.4990 -0.7823
vn -0.5875 -0.6865 -0.4284
vn -0.6887 -0.5574 -0.4636
vn -0.3755 -0.6891 -0.6198
vn -0.5748 -0.7622 -0.2978
vn -0.5080 -0.7699 -0.3863
vn -0.4931 -0.6161 -0.6142
vn -0.5102 -0.4052 -0.7586
vn -0.3922 -0.7770 -0.4924
vn -0.4007 -0.5095 -0.7615
vn -0.2814 -0.7593 -0.5868
vn -0.2409 -0.7751 -0.5841
vn -0.1243 -0.6135 -0.7798
vn -0.5173 -0.3648 -0.7741
vn -0.4041 -0.4947 -0.7694
vn -0.4107 -0.3025 -0.8601
vn -0.2826 -0.5881 -0.7579
vn -0.1053 -0.3243 -0.9401
vn -0.1297 -0.3029 -0.9442
vn -0.1622 -0.1941 -0.9675
vn -0.7636 0.5641 -0.3141
vn -0.7354 0.5796 -0.3510
vn -0.5700 0.7296 -0.3778
vn -0.2905 0.9154 -0.2785
vn -0.4078 0.4085 -0.8166
vn -0.3813 0.6569 -0.6505
vn -0.3765 0.8660 -0.3291
vn -0.3070 0.5027 -0.8081
vn -0.4459 0.8488 -0.2841
vn -0.8657 0.4821 -0.1348
vn -0.8101 0.4692 -0.3515
vn -0.8056 0.4789 -0.3488
vn -0.5815 0.3398 -0.7392
vn -0.7524 0.1610 -0.6387
vn -0.8644 0.4844 -0.1349
vn -0.8721 0.2727 -0.4063
vn -0.8648 0.1100 -0.4900
vn -0.7844 0.6201 0.0138
vn -0.7780 0.6282 -0.0038
vn -0.8003 0.2096 -0.5617
vn -0.7620 0.4070 -0.5037
vn -0.6655 0.6706 -0.3278
vn -0.7657 0.1805 -0.6173
vn -0.6142 0.7832 -0.0967
vn -0.5167 0.7616 -0.3911
vn -0.5716 0.6012 -0.5585
vn -0.6166 0.0028 -0.7873
vn -0.6387 0.1255 -0.7592
vn -0.4917 0.7745 -0.3980
vn -0.5204 0.4015 -0.7536
vn -0.3960 0.7671 -0.5047
vn -0.4433 0.6057 -0.6608
vn -0.4046 0.4992 -0.7662
vn -0.4032 0.5091 -0.7605
vn -0.2092 0.6205 -0.7558
vn -0.4952 0.8686 -0.0179
vn -0.4819 0.8563 -0.1860
vn -0.3362 0.9417 -0.0144
vn -0.3029 0.8599 -0.4109
vn -0.1817 0.9825 -0.0413
vn -0.1745 0.9340 -0.3116
vn -0.1828 0.8573 -0.4813
vn -0.0773 0.8544 -0.5139
vn -0.5318 0.0021 -0.8469
vn -0.3997 0.3053 -0.8643
vn -0.2877 0.0149 -0.9576
vn -0.3189 0.0900 -0.9435
vn -0.2820 0.1888 -0.9406
vn -0.2462 0.4091 -0.8786
vn -0.2007 0.2260 -0.9532
vn -0.1471 0.0034 -0.9891
vn -0.4007 -0.2225 0.8888
vn -0.1019 -0.2709 0.9572
vn -0.0920 -0.4967 0.8630
vn 0.0470 -0.4604 0.8865
vn 0.1428 -0.2090 0.9674
vn 0.3623 -0.2868 0.8869
vn 0.4040 -0.2699 0.8740
vn 0.4589 -0.1754 0.8710
vn -0.2691 -0.2639 0.9262
vn -0.2999 -0.4562 0.8378
vn -0.3158 -0.7051 0.6349
vn -0.3278 -0.7321 0.5971
vn -0.1149 -0.5006 0.8580
vn -0.1165 -0.7725 0.6243
vn 0.0184 -0.3633 0.9315
vn -0.0135 -0.4916 0.8707
vn -0.0357 -0.8134 0.5806
vn 0.0412 -0.6262 0.7786
vn 0.0681 -0.7558 0.6513
vn 0.0526 -0.8004 0.5972
vn 0.1653 -0.2909 0.9423
vn 0.1646 -0.7132 0.6814
vn 0.3256 -0.6883 0.6483
vn 0.3478 -0.6361 0.6887
vn -0.3838 -0.5641 0.7311
vn -0.3472 -0.7381 0.5784
vn -0.2902 -0.7370 0.6104
vn -0.3520 -0.5873 0.7288
vn -0.1192 -0.7573 0.6421
vn -0.1098 -0.7631 0.6369
vn 0.0233 -0.6572 0.7533
vn -0.0182 -0.2818 0.9593
vn 0.1353 -0.7469 0.6510
vn 0.1381 -0.7482 0.6489
vn 0.1111 -0.2473 0.9626
vn 0.3016 -0.5759 0.7598
vn 0.5457 -0.4126 0.7294
vn 0.4378 -0.6639 0.6063
vn 0.3992 -0.7012 0.5907
vn 0.6017 -0.3393 0.7230
vn 0.6490 -0.1784 0.7396
vn 0.6739 -0.4110 0.6139
vn 0.5310 -0.6025 0.5959
vn 0.5711 -0.6044 0.5554
vn 0.4062 -0.1517 0.9011
vn -0.2187 -0.9669 0.1315
vn -0.2468 -0.9655 -0.0828
vn -0.2154 -0.9651 -0.1487
vn -0.1306 -0.9702 0.2041
vn -0.1216 -0.9925 0.0151
vn -0.1414 -0.9750 -0.1712
vn 0.0284 -0.9937 0.1087
vn 0.0261 -0.9985 -0.0482
vn 0.1419 -0.9650 0.2204
vn 0.1156 -0.9929 0.0280
vn -0.2516 -0.8107 0.5287
vn -0.2320 -0.9067 0.3521
vn -0.0114 -0.9207 0.3901
vn -0.0580 -0.9051 0.4213
vn 0.1941 -0.7853 0.5879
vn 0.1737 -0.9019 0.3954
vn 0.3269 -0.8935 0.3077
vn 0.3651 -0.9177 0.1566
vn 0.3672 -0.9055 -0.2125
vn 0.0445 -0.9698 -0.2399
vn -0.3314 -0.9077 -0.2574
vn -0.3400 -0.7198 -0.6052
vn -0.3757 -0.6216 -0.6873
vn -0.2153 -0.9031 -0.3716
vn -0.1268 -0.7056 -0.6972
vn -0.1576 -0.9868 -0.0381
vn -0.0211 -0.7954 -0.6057
vn 0.0660 -0.7089 -0.7022
vn 0.1500 -0.8854 -0.4400
vn 0.1481 -0.8032 -0.5770
vn 0.2815 -0.8498 -0.4457
vn 0.4037 -0.8301 -0.3846
vn 0.2504 -0.9682 0.0017
vn 0.2509 -0.7696 -0.5872
vn 0.2664 -0.6925 -0.6704
vn 0.4056 -0.8274 -0.3885
vn 0.3087 -0.8913 -0.3321
vn 0.5461 -0.7424 -0.3882
vn 0.5563 -0.7407 -0.3768
vn 0.5500 -0.8342 -0.0394
vn -0.5682 -0.7188 -0.4005
vn -0.2011 -0.9689 0.1439
vn -0.4064 -0.8789 -0.2498
vn -0.4089 -0.7426 -0.5304
vn 0.0732 -0.9784 0.1935
vn -0.2128 -0.7320 -0.6472
vn -0.1634 -0.7544 -0.6358
vn -0.0660 -0.9462 -0.3168
vn -0.0298 -0.9954 -0.0907
vn -0.1168 -0.9088 -0.4005
vn -0.0743 -0.7603 -0.6453
vn 0.5156 -0.8539 -0.0707
vn 0.1268 -0.8713 -0.4742
vn 0.2596 -0.8404 -0.4757
vn 0.2447 -0.8548 -0.4576
vn 0.3013 -0.9105 -0.2831
vn 0.2685 -0.8958 -0.3543
vn 0.3402 -0.6990 -0.6290
vn 0.4302 -0.8841 -0.1826
vn 0.4771 -0.5758 -0.6640
vn 0.5579 -0.7056 -0.4369
vn 0.5857 -0.4825 -0.6513
vn 0.6986 -0.7016 -0.1405
vn 0.5950 -0.8037 -0.0061
vn 0.6158 -0.7821 0.0959
vn 0.6367 -0.3907 -0.6648
vn 0.7528 -0.6406 0.1511
vn 0.7740 -0.6228 0.1145
vn 0.4457 -0.2872 0.8478
vn 0.4833 -0.4510 0.7503
vn 0.5205 -0.3521 0.7779
vn 0.4798 -0.6182 0.6225
vn 0.5627 -0.3407 0.7532
vn 0.6173 -0.3847 0.6863
vn 0.5297 -0.5846 0.6146
vn 0.6205 -0.5145 0.5918
vn 0.6802 -0.3520 0.6429
vn 0.6798 -0.4844 0.5507
vn 0.7056 -0.3651 0.6073
vn 0.6842 -0.1376 0.7162
vn 0.7716 -0.3459 0.5339
vn 0.6494 -0.4576 0.6073
vn 0.7133 -0.5366 0.4509
vn 0.6556 -0.2429 0.7150
vn 0.9012 -0.1700 0.3987
vn 0.5522 -0.0340 0.8330
vn 0.9142 -0.2917 0.2813
vn 0.9124 -0.2982 0.2803
vn 0.6253 -0.0328 0.7797
vn 0.8858 -0.0943 0.4545
vn 0.6697 0.0377 0.7416
vn 0.9267 -0.1415 0.3480
vn 0.6965 -0.2190 0.6833
vn 0.7379 0.1417 0.6599
vn 0.7798 0.0102 0.6259
vn 0.7769 0.1669 0.6071
vn 0.4699 -0.6981 0.5403
vn 0.4336 -0.8999 -0.0456
vn 0.5386 -0.7224 0.4336
vn 0.5695 -0.7036 0.4250
vn 0.5523 -0.8154 -0.1737
vn 0.6911 -0.6896 0.2165
vn 0.6196 -0.7848 0.0131
vn 0.6322 -0.7718 -0.0680
vn 0.7934 -0.3105 0.5235
vn 0.6814 -0.6691 0.2968
vn 0.8891 -0.3511 0.2937
vn 0.8981 -0.2915 0.3292
vn 0.8970 -0.3776 0.2297
vn 0.8757 -0.4687 0.1158
vn 0.8815 -0.4704 -0.0406
vn 0.8838 -0.4489 -0.1321
vn 0.9568 -0.2613 0.1276
vn 0.9642 -0.2561 -0.0688
vn 0.7952 0.2947 0.5300
vn 0.7994 0.3776 0.4673
vn 0.8722 -0.0762 0.4832
vn 0.8949 -0.1507 0.4201
vn 0.8889 0.2176 0.4030
vn 0.9003 0.3928 0.1876
vn 0.9514 -0.0689 0.3002
vn 0.9663 -0.1307 0.2216
vn 0.9575 0.1961 0.2114
vn 0.9904 0.1018 0.0940
vn 0.9943 -0.0964 0.0463
vn 0.9752 -0.1873 -0.1179
vn 0.9946 0.1023 -0.0158
vn 0.9602 0.2748 -0.0497
vn 0.9635 -0.1799 -0.1981
vn 0.9694 0.1892 -0.1562
vn 0.4428 -0.6980 -0.5627
vn 0.4788 -0.5237 -0.7046
vn 0.4780 -0.6448 -0.5964
vn 0.5269 -0.7774 -0.3434
vn 0.5392 -0.7725 -0.3355
vn 0.5517 -0.6102 -0.5686
vn 0.5809 -0.4912 -0.6491
vn 0.5282 -0.5991 -0.6017
vn 0.5054 -0.7265 -0.4657
vn 0.4258 -0.8794 -0.2132
vn 0.6465 -0.6150 -0.4515
vn 0.6412 -0.4911 -0.5896
vn 0.4897 -0.8692 -0.0685
vn 0.3152 -0.9411 -0.1221
vn 0.7680 -0.4681 -0.4370
vn 0.7708 -0.3691 -0.5193
vn 0.7085 -0.6908 -0.1440
vn 0.5843 -0.8096 -0.0569
vn 0.8801 -0.2639 -0.3946
vn 0.8049 -0.5627 -0.1885
vn 0.8038 -0.5944 -0.0236
vn 0.7343 0.6735 0.0849
vn 0.9837 0.0999 0.1495
vn 0.9048 -0.1904 -0.3808
vn 0.9022 -0.2925 -0.3170
vn 0.9994 -0.0269 -0.0236
vn 0.7906 -0.5838 -0.1845
vn 0.8091 -0.5872 -0.0256
vn 0.9577 0.1459 -0.2481
vn 0.9262 -0.0112 -0.3769
vn 0.8674 0.0630 0.4937
vn 0.9088 -0.1909 0.3710
vn 0.8697 -0.4617 0.1745
vn 0.8972 -0.3819 0.2216
vn 0.8866 -0.4623 0.0130
vn 0.8376 -0.5214 -0.1629
vn 0.9553 -0.2955 0.0077
vn 0.6544 -0.6888 -0.3120
vn 0.5798 -0.6555 -0.4839
vn 0.4824 -0.7809 -0.3969
vn 0.4604 -0.7783 -0.4270
vn 0.4282 -0.8088 -0.4030
vn 0.5348 -0.7898 -0.3005
vn 0.4784 -0.4051 -0.7791
vn 0.3655 -0.5061 -0.7812
vn 0.3662 -0.5012 -0.7840
vn 0.9499 -0.2857 0.1268
vn 0.9882 -0.1210 0.0936
vn 0.4582 -0.6323 -0.6248
vn 0.4280 -0.4733 -0.7699
vn 0.6440 -0.3743 -0.6672
vn 0.5633 -0.2552 -0.7859
vn 0.6171 0.2059 -0.7595
vn 0.6655 -0.6728 -0.3231
vn 0.7535 -0.4989 -0.4283
vn 0.6480 -0.0791 -0.7575
vn 0.7410 0.0457 -0.6700
vn 0.6451 0.0464 -0.7627
vn 0.5829 0.2538 -0.7719
vn 0.8766 -0.3521 -0.3280
vn 0.8971 -0.0992 -0.4306
vn -0.3851 0.2781 0.8800
vn -0.2157 -0.0373 0.9757
vn -0.1057 0.0309 0.9939
vn -0.1142 0.2194 0.9689
vn 0.2299 0.3938 0.8900
vn 0.2690 0.0963 0.9583
vn -0.4350 0.5512 0.7120
vn -0.3437 0.8623 0.3718
vn -0.4046 0.8703 0.2810
vn -0.2296 0.9647 0.1290
vn -0.1061 0.9677 0.2288
vn -0.0909 0.9949 0.0441
vn 0.0453 0.6873 0.7250
vn 0.0149 0.9974 -0.0711
vn 0.1982 0.6029 0.7728
vn 0.2023 0.7654 0.6109
vn 0.1426 0.9674 -0.2093
vn 0.3002 0.6160 0.7283
vn 0.2980 0.7214 0.6251
vn 0.2666 0.8733 0.4078
vn 0.3898 0.9152 0.1019
vn 0.3900 0.9207 0.0169
vn 0.2554 0.9580 -0.1307
vn 0.4309 0.5044 0.7482
vn 0.4263 0.5236 0.7376
vn 0.4320 0.7328 0.5257
vn 0.4377 0.8545 0.2797
vn 0.4838 0.8579 -0.1727
vn 0.5657 0.3472 0.7480
vn 0.5612 0.3820 0.7342
vn 0.6096 0.5558 0.5652
vn 0.5820 0.7220 0.3742
vn 0.6301 0.7696 0.1034
vn 0.6209 0.7834 0.0257
vn 0.6397 0.7483 -0.1754
vn -0.2435 0.8944 -0.3753
vn 0.0946 0.8410 0.5327
vn 0.2743 0.7099 0.6486
vn -0.1003 0.9573 -0.2712
vn 0.5325 0.5659 0.6294
vn 0.3932 0.8165 -0.4227
vn 0.7178 0.6959 -0.0220
vn 0.6497 0.4585 0.6063
vn 0.7704 0.3541 0.5301
vn 0.7539 0.4022 0.5195
vn 0.5320 0.7552 -0.3828
vn 0.6536 0.6729 0.3466
vn 0.7357 0.4241 0.5282
vn 0.8305 0.4590 0.3156
vn 0.8327 0.3103 0.4585
vn 0.8628 0.3216 0.3901
vn 0.6172 0.7029 -0.3537
vn 0.6556 0.5980 -0.4610
vn 0.5258 0.8502 -0.0273
vn 0.8643 0.4063 0.2964
vn 0.8879 0.2867 0.3598
vn 0.3096 0.7275 0.6123
vn 0.2873 0.7905 0.5409
vn 0.3109 0.8054 0.5046
vn 0.4735 0.5226 0.7090
vn 0.4701 0.7961 0.3810
vn 0.5278 0.5419 0.6540
vn 0.5226 0.6459 0.5564
vn 0.8442 0.4098 0.3455
vn 0.8672 0.4218 0.2648
vn 0.8517 0.4238 -0.3082
vn 0.9160 0.3888 -0.0991
vn 0.8477 0.4979 -0.1831
vn 0.2991 0.8943 0.3329
vn 0.2710 0.9619 0.0353
vn 0.2865 0.9573 -0.0391
vn 0.2595 0.9600 -0.1051
vn 0.3175 0.8987 -0.3025
vn 0.3739 0.8800 0.2930
vn 0.3876 0.8935 0.2267
vn 0.3976 0.8945 -0.2045
vn 0.4585 0.8759 0.1501
vn 0.4647 0.8805 -0.0939
vn 0.5820 0.7764 0.2419
vn 0.6238 0.7814 -0.0179
vn 0.5631 0.7944 -0.2276
vn 0.7362 0.6308 0.2453
vn 0.7781 0.5888 -0.2190
vn 0.8424 0.4947 0.2137
vn 0.8638 0.4897 -0.1190
vn 0.8371 0.5128 -0.1903
vn 0.7916 0.4291 -0.4349
vn 0.7451 0.5880 0.3148
vn 0.5547 0.7568 0.3459
vn 0.7938 0.4751 -0.3797
vn 0.6619 0.7485 -0.0414
vn 0.7945 0.4742 -0.3793
vn 0.6098 0.7039 -0.3643
vn 0.6902 0.6168 0.3785
vn 0.7320 0.6483 0.2097
vn 0.7893 0.6068 0.0944
vn 0.2548 0.7817 -0.5692
vn 0.4308 0.7159 -0.5495
vn 0.4349 0.7183 -0.5431
vn 0.4325 0.8058 -0.4046
vn 0.3890 0.7698 -0.5060
vn 0.5296 0.6932 -0.4888
vn 0.5846 0.6685 -0.4598
vn 0.5621 0.6502 -0.5111
vn 0.4611 0.8341 -0.3028
vn 0.3117 0.8700 0.3821
vn 0.3363 0.9229 0.1874
vn 0.3056 0.9443 0.1223
vn 0.6579 0.6535 -0.3743
vn 0.7792 0.5034 -0.3734
vn 0.7709 0.4969 -0.3985
vn 0.5161 0.8529 0.0793
vn 0.7610 0.3723 0.5314
vn 0.7706 0.5116 0.3800
vn 0.7865 0.6174 -0.0136
vn 0.6782 0.7242 -0.1252
vn 0.9174 -0.0513 0.3947
vn 0.9010 0.2153 0.3765
vn 0.9059 0.3586 0.2251
vn 0.9809 0.1218 0.1514
vn 0.9817 0.1198 0.1482
vn 0.7548 0.5798 -0.3068
vn 0.6453 0.6658 -0.3745
vn 0.5975 0.6519 -0.4670
vn 0.4881 0.8719 0.0389
vn 0.5808 0.8135 -0.0313
vn 0.9327 0.2725 -0.2364
vn 0.9377 0.3424 -0.0583
vn 0.8825 0.3777 -0.2803
vn 0.7778 0.5044 -0.3751
vn 0.5573 0.8299 0.0251
vn 0.5845 0.8048 -0.1031
vn 0.7666 0.5984 0.2328
vn 0.7898 0.6003 0.1255
vn 0.7254 0.6400 0.2532
vn 0.6764 0.7365 -0.0032
vn 0.7739 0.5975 0.2097
vn 0.7715 0.6266 -0.1104
vn 0.6227 0.6276 0.4673
vn 0.7484 0.5626 0.3513
vn 0.7095 0.6815 0.1794
vn 0.6553 0.7550 -0.0214
vn 0.6456 0.7062 -0.2906
vn 0.3783 0.7132 0.5900
vn 0.5686 0.7589 0.3174
vn 0.4526 0.8908 0.0404
vn 0.4674 0.6484 0.6010
vn 0.5142 0.6354 0.5761
vn 0.4088 0.9088 0.0834
vn 0.4150 0.9098 -0.0074
vn 0.8818 0.3887 0.2672
vn 0.6502 0.4776 0.5909
vn 0.6351 0.4834 0.6025
vn 0.5883 0.8057 -0.0679
vn 0.6855 0.4153 0.5980
vn 0.7543 0.3665 0.5448
vn 0.7954 0.5993 0.0904
vn 0.7440 0.6681 -0.0130
vn 0.6247 0.7808 -0.0077
vn 0.7675 0.6096 -0.1983
vn 0.7680 0.6084 -0.1998
vn 0.9148 0.3673 0.1681
vn 0.9006 0.4333 -0.0353
vn 0.9054 0.3648 -0.2174
vn 0.8013 0.5756 -0.1629
vn 0.9375 0.3460 0.0366
vn 0.9011 0.3568 0.2464
vn 0.9158 0.2938 0.2737
vn 0.9665 0.1906 0.1719
vn 0.9963 -0.0090 0.0850
vn 0.9369 0.3319 0.1102
vn 0.4325 0.7949 -0.4256
vn 0.5573 0.4775 -0.6792
vn 0.6166 0.4958 -0.6116
vn 0.5974 0.3071 -0.7408
vn 0.7609 0.4611 -0.4565
vn 0.6532 0.5349 -0.5358
vn -0.0009 -0.9912 -0.1326
vn 0.0022 -0.8731 -0.4876
vn 0.1108 -0.9922 -0.0563
vn 0.0747 -0.8533 -0.5160
vn 0.1749 -0.9801 -0.0941
vn 0.1748 -0.9334 -0.3133
vn 0.1831 -0.8567 -0.4821
vn 0.3009 -0.8602 -0.4117
vn 0.3340 -0.9425 -0.0137
vn 0.4936 -0.8695 -0.0180
vn 0.4820 -0.8568 -0.1834
vn 0.0030 -0.6417 -0.7669
vn 0.2107 -0.6255 -0.7512
vn 0.4028 -0.7636 -0.5047
vn 0.3972 -0.5128 -0.7611
vn 0.5837 -0.5968 -0.5506
vn 0.5176 -0.4072 -0.7525
vn 0.6136 -0.7841 -0.0931
vn 0.5990 -0.7500 -0.2805
vn 0.6092 -0.6187 -0.4961
vn 0.5993 -0.5962 -0.5343
vn 0.5127 -0.4971 -0.7000
vn 0.6780 -0.4370 -0.5911
vn 0.5943 -0.2987 -0.7467
vn 0.6862 -0.6549 -0.3166
vn 0.7611 -0.5138 -0.3959
vn 0.7706 -0.3919 -0.5026
vn -0.0151 -0.3269 -0.9450
vn 0.0078 -0.1429 -0.9897
vn 0.1085 -0.0917 -0.9899
vn 0.1694 -0.5040 -0.8469
vn 0.1881 -0.2820 -0.9408
vn 0.1552 -0.1004 -0.9828
vn 0.3853 -0.5105 -0.7687
vn 0.2728 -0.2031 -0.9404
vn 0.4975 -0.1823 -0.8481
vn 0.8583 -0.3085 -0.4101
vn 0.8453 -0.1926 -0.4984
vn 0.8765 -0.4809 -0.0237
vn 0.9453 -0.3253 -0.0262
vn 0.9788 -0.2044 -0.0162
vn 0.9344 -0.3060 -0.1824
vn 0.9555 -0.2160 -0.2011
vn 0.9417 -0.0948 -0.3229
vn -0.0206 0.6287 -0.7774
vn 0.3930 0.7598 -0.5179
vn 0.3993 0.7745 -0.4907
vn 0.5047 0.7671 -0.3960
vn 0.5019 0.4048 -0.7644
vn 0.6608 0.6057 -0.4433
vn 0.5585 0.6012 -0.5716
vn 0.6242 0.1882 -0.7583
vn 0.5954 0.2366 -0.7678
vn 0.7581 0.6522 -0.0020
vn 0.7556 0.6207 -0.2095
vn 0.7663 0.4990 -0.4048
vn 0.7603 0.5092 -0.4033
vn 0.7537 0.4015 -0.5204
vn 0.6151 0.0877 -0.7835
vn 0.0015 0.9904 -0.1384
vn 0.0202 0.9530 -0.3024
vn 0.1144 0.9413 -0.3175
vn 0.2304 0.9729 -0.0172
vn 0.2194 0.9542 -0.2032
vn 0.2012 0.8468 -0.4924
vn 0.3201 0.9470 -0.0274
vn 0.3161 0.9324 -0.1751
vn 0.2869 0.8658 -0.4100
vn 0.4114 0.8599 -0.3024
vn 0.5186 0.8523 -0.0682
vn -0.0241 0.3336 -0.9424
vn 0.1889 0.4925 -0.8495
vn 0.1551 0.1038 -0.9824
vn 0.1775 0.2917 -0.9399
vn 0.2926 0.3945 -0.8711
vn 0.2843 0.5811 -0.7626
vn 0.2675 0.2006 -0.9425
vn 0.4002 0.3109 -0.8621
vn 0.3471 0.0920 -0.9333
vn 0.4974 0.1931 -0.8457
vn 0.8702 0.4921 -0.0253
vn 0.8791 0.4082 -0.2462
vn 0.8500 0.4924 -0.1873
vn 0.8521 0.1763 -0.4928
vn 0.9800 0.1636 -0.1128
vn 0.9539 -0.0343 -0.2982
vn 0.9376 0.1944 -0.2882
vn -0.9336 -0.2376 0.2682
vn -0.9815 0.0458 0.1857
vn -0.9723 -0.2237 0.0679
vn -0.9873 0.1425 0.0707
vn -0.9400 -0.0275 0.3401
vn -0.9604 -0.2593 0.1014
vn -0.9937 -0.0427 0.1033
vn -0.9627 -0.0532 -0.2653
vn -0.9512 -0.2960 -0.0876
vn -0.9472 -0.2543 -0.1953
vn -0.7864 -0.2537 0.5632
vn -0.7706 -0.4935 0.4033
vn -0.7960 -0.0451 0.6036
vn -0.8893 0.1490 0.4323
vn -0.8693 -0.3647 -0.3336
vn -0.8563 -0.3386 -0.3901
vn -0.9949 0.0077 0.1003
vn -0.9915 -0.1301 0.0035
vn -0.9292 0.1210 0.3491
vn -0.8883 -0.3497 0.2978
vn -0.9286 -0.2167 0.3012
vn -0.9735 0.2247 -0.0414
vn -0.9422 -0.1224 0.3121
vn -0.9788 0.0095 0.2047
vn -0.9924 -0.1092 0.0566
vn -0.9190 -0.3742 0.1242
vn -0.9656 0.1450 -0.2160
vn -0.9515 -0.2780 0.1316
vn -0.9427 0.1362 -0.3045
vn -0.9922 -0.0369 -0.1190
vn -0.9558 -0.2786 -0.0940
vn -0.9771 -0.2066 -0.0517
vn -0.9916 0.0925 -0.0905
vn -0.8124 0.1356 0.5671
vn -0.9635 0.0606 0.2609
vn -0.8382 -0.2251 0.4968
vn -0.8174 0.2859 0.5001
vn -0.8427 -0.0993 0.5291
vn -0.8096 0.1565 0.5658
vn -0.9139 0.0925 0.3952
vn -0.9197 0.3362 0.2026
vn -0.8407 -0.3612 0.4035
vn -0.7817 -0.6220 0.0463
vn -0.9974 0.0263 0.0666
vn -0.8099 -0.0583 0.5837
vn -0.9990 -0.0424 0.0171
vn -0.9948 -0.0767 -0.0668
vn -0.9218 -0.2969 -0.2492
vn -0.9429 -0.3232 0.0802
vn -0.9420 -0.3271 0.0753
vn -0.8663 -0.4778 -0.1456
vn -0.9693 -0.1789 0.1689
vn -0.8985 -0.4381 0.0280
vn -0.9223 -0.3784 0.0790
vn -0.9672 -0.2537 -0.0119
vn -0.8868 -0.4545 -0.0835
vn -0.9204 -0.3070 -0.2420
vn -0.9035 -0.3541 -0.2412
vn -0.8836 -0.4666 0.0378
vn -0.9467 -0.0391 0.3197
vn -0.5949 -0.8027 -0.0413
vn -0.9936 -0.0072 -0.1128
vn -0.9318 -0.2956 0.2104
vn -0.9407 0.1543 0.3020
vn -0.9977 -0.0394 0.0545
vn -0.9387 -0.3445 0.0090
vn -0.9514 -0.2831 0.1211
vn -0.9784 0.1902 0.0807
vn -0.9204 -0.3686 -0.1305
vn -0.9509 -0.2252 -0.2123
vn -0.9130 -0.0009 -0.4081
vn -0.9420 -0.3118 -0.1246
vn -0.9492 -0.1836 -0.2557
vn -0.8956 -0.2887 -0.3385
vn -0.8027 0.3551 0.4790
vn -0.8889 0.1574 -0.4301
vn -0.9996 0.0108 0.0259
vn -0.9743 0.1160 0.1930
vn -0.8210 0.1590 0.5483
vn -0.9673 -0.2135 0.1372
vn -0.8693 -0.0897 0.4860
vn -0.9683 -0.0376 -0.2471
vn -0.8620 -0.3931 0.3201
vn -0.8188 0.5592 0.1298
vn -0.9988 0.0485 -0.0073
vn -0.9701 0.0955 0.2230
vn -0.8649 -0.3891 -0.3171
vn -0.9660 0.1752 0.1901
vn -0.9463 -0.2560 -0.1975
vn -0.9932 -0.0500 -0.1052
vn -0.9596 -0.2668 0.0893
vn -0.8480 0.0474 -0.5279
vn -0.8119 0.1996 -0.5487
vn -0.9647 0.0878 0.2483
vn -0.9589 0.2446 -0.1437
vn -0.9815 -0.0377 0.1878
vn -0.9244 0.2647 -0.2745
vn -0.7636 0.4912 0.4190
vn -0.8132 0.4481 0.3713
vn -0.7627 0.5474 0.3445
vn -0.6002 0.7459 0.2887
vn -0.7017 0.7105 0.0531
vn -0.9300 -0.2786 0.2397
vn -0.9545 -0.0590 0.2925
vn -0.8652 -0.1952 0.4619
vn -0.8440 -0.3917 0.3664
vn -0.7188 -0.6620 0.2123
vn -0.7316 -0.2002 0.6517
vn -0.7744 -0.0761 0.6281
vn -0.7399 -0.3521 0.5732
vn -0.7363 -0.4960 0.4603
vn -0.6532 -0.1879 0.7335
vn -0.6744 -0.0132 0.7382
vn -0.5096 -0.0171 0.8602
vn -0.6088 -0.4353 0.6632
vn -0.6481 -0.7241 0.2360
vn -0.4953 -0.1538 0.8550
vn -0.7478 -0.6562 0.1005
vn -0.5239 -0.3991 0.7525
vn -0.5641 -0.3917 0.7269
vn -0.5749 -0.5460 0.6094
vn -0.5641 -0.7289 0.3880
vn -0.4602 -0.8282 0.3199
vn -0.4040 -0.2895 0.8677
vn -0.3999 -0.5373 0.7426
vn -0.4243 -0.7322 0.5328
vn -0.3557 -0.8171 0.4537
vn -0.4155 -0.8448 0.3371
vn -0.3160 -0.7551 0.5745
vn -0.7204 -0.6334 0.2825
vn -0.5899 -0.7618 0.2679
vn -0.6056 -0.7901 0.0946
vn -0.5195 -0.5789 0.6285
vn -0.5078 -0.7874 0.3494
vn -0.3298 -0.9127 0.2412
vn -0.3535 -0.6440 0.6785
vn -0.1332 -0.9188 0.3716
vn -0.2123 -0.9094 0.3576
vn -0.2544 -0.9650 0.0632
vn -0.0038 -0.7632 0.6462
vn -0.0913 -0.9678 0.2346
vn -0.0452 -0.7079 0.7048
vn -0.2645 -0.8782 0.3986
vn -0.0869 -0.9320 0.3520
vn -0.3204 -0.9472 -0.0080
vn 0.1615 -0.9576 0.2385
vn 0.1577 -0.7948 0.5861
vn -0.9036 -0.0748 0.4217
vn -0.8742 -0.3647 0.3207
vn -0.8802 -0.2257 0.4175
vn -0.8938 0.1424 0.4253
vn -0.7672 0.3996 0.5017
vn -0.8873 0.2698 0.3740
vn -0.8865 -0.3925 0.2452
vn -0.9249 0.3795 0.0254
vn -0.8859 0.4530 0.1000
vn -0.7287 -0.2607 0.6333
vn -0.7388 -0.0569 0.6715
vn -0.7346 -0.2788 0.6186
vn -0.9564 -0.2802 0.0822
vn -0.9676 -0.2445 0.0629
vn -0.9496 0.1263 0.2868
vn -0.9867 -0.1583 -0.0378
vn -0.9984 -0.0490 -0.0285
vn -0.9196 -0.1703 0.3539
vn -0.9785 0.0679 0.1948
vn -0.7248 0.5521 0.4121
vn -0.5392 -0.8343 0.1144
vn -0.8529 -0.4074 0.3265
vn -0.8431 -0.4890 0.2236
vn -0.4685 -0.4003 0.7876
vn -0.5636 -0.2627 0.7832
vn -0.6827 -0.3730 0.6283
vn -0.5618 -0.4754 0.6770
vn -0.7957 -0.6017 0.0698
vn -0.5758 -0.5177 0.6328
vn -0.6039 -0.4306 0.6707
vn -0.5043 -0.5513 0.6646
vn -0.3128 -0.5717 0.7585
vn -0.4430 -0.7011 0.5587
vn -0.7733 -0.3784 0.5088
vn -0.4262 -0.7059 0.5657
vn -0.6070 -0.5772 0.5462
vn -0.6698 -0.1236 0.7322
vn -0.5986 -0.7975 -0.0746
vn -0.6134 -0.4747 0.6311
vn -0.5013 -0.8100 -0.3043
vn -0.7924 -0.5283 0.3050
vn -0.8981 -0.4370 0.0496
vn -0.5236 -0.3746 0.7652
vn -0.2896 -0.9529 -0.0899
vn -0.4455 -0.6282 0.6379
vn -0.3452 -0.7839 0.5161
vn -0.5041 -0.8237 0.2596
vn -0.2766 -0.9502 0.1435
vn -0.2755 -0.6074 0.7451
vn -0.5771 -0.7757 -0.2556
vn -0.3374 -0.5266 0.7803
vn -0.2472 -0.7926 0.5575
vn -0.4510 -0.8783 0.1586
vn -0.1606 -0.9356 0.3145
vn -0.2078 -0.8256 0.5246
vn -0.0078 -0.9476 0.3195
vn -0.0281 -0.9993 -0.0241
vn -0.1778 -0.9830 0.0456
vn -0.3574 -0.8843 0.3005
vn 0.1513 -0.9820 0.1127
vn 0.1032 -0.7087 0.6979
vn 0.1963 -0.9612 0.1939
vn 0.2270 -0.9679 0.1082
vn -0.0159 -0.9198 0.3920
vn 0.3573 -0.8626 0.3582
vn 0.2127 -0.7307 0.6488
vn 0.1410 -0.8138 0.5638
vn 0.3428 -0.9278 0.1474
vn -0.0546 -0.8524 0.5200
vn -0.0189 -0.9988 -0.0455
vn 0.0503 -0.8322 0.5522
vn 0.0270 -0.8263 0.5626
vn 0.2076 -0.9765 -0.0576
vn 0.1103 -0.9324 0.3441
vn 0.1083 -0.9487 0.2972
vn 0.2589 -0.9523 0.1615
vn 0.0823 -0.8310 0.5502
vn 0.1280 -0.8035 0.5814
vn -0.9891 -0.0481 -0.1392
vn 0.0776 -0.9796 0.1851
vn 0.2465 -0.7970 0.5513
vn 0.1867 -0.9824 0.0089
vn 0.1916 -0.9287 0.3175
vn -0.8942 0.4345 -0.1079
vn -0.8582 0.5132 0.0124
vn -0.8775 -0.0454 0.4774
vn -0.9324 -0.3382 0.1275
vn -0.9044 0.3437 0.2528
vn -0.9870 0.1584 0.0283
vn -0.9921 -0.0629 0.1083
vn -0.7645 -0.6436 0.0370
vn -0.9986 -0.0537 0.0031
vn -0.8318 -0.2111 0.5134
vn -0.7266 0.2490 0.6404
vn -0.7996 0.6004 0.0123
vn -0.7614 -0.6419 -0.0907
vn -0.6434 -0.7644 0.0420
vn -0.7576 -0.5094 -0.4082
vn -0.7748 -0.4761 -0.4160
vn -0.7808 -0.5204 -0.3456
vn -0.6292 -0.7198 -0.2933
vn -0.5603 -0.5513 -0.6181
vn -0.7452 -0.6218 0.2409
vn -0.6402 -0.6692 0.3773
vn -0.6290 -0.7463 0.2177
vn -0.6449 -0.7566 0.1074
vn -0.6322 -0.7592 -0.1550
vn -0.6060 -0.7224 -0.3331
vn -0.5488 -0.7274 -0.4119
vn -0.6191 -0.6072 -0.4980
vn -0.5099 -0.8162 0.2719
vn -0.0800 -0.9286 0.3625
vn -0.5725 -0.7695 0.2830
vn -0.5015 -0.8651 0.0046
vn -0.4996 -0.8630 -0.0754
vn -0.3119 -0.8798 0.3587
vn -0.2868 -0.9571 0.0416
vn -0.3871 -0.9137 0.1237
vn -0.3724 -0.9093 -0.1860
vn -0.3404 -0.9062 -0.2509
vn -0.3551 -0.7035 -0.6156
vn -0.1946 -0.8904 -0.4115
vn -0.2184 -0.8654 -0.4509
vn -0.0863 -0.9954 0.0416
vn 0.1140 -0.9211 0.3723
vn 0.0022 -0.9851 -0.1720
vn -0.0043 -0.9328 -0.3605
vn -0.0280 -0.8751 -0.4832
vn 0.0821 -0.9955 0.0482
vn 0.0993 -0.9898 0.1023
vn 0.2913 -0.7600 -0.5810
vn 0.1051 -0.9912 -0.0802
vn 0.0865 -0.9878 -0.1295
vn 0.1173 -0.8958 -0.4288
vn 0.0883 -0.8819 -0.4631
vn 0.1454 -0.7526 -0.6423
vn 0.3193 -0.7634 0.5615
vn 0.2649 -0.8906 0.3697
vn -0.3016 -0.8136 0.4970
vn -0.7850 0.4102 -0.4642
vn -0.6995 0.6967 0.1591
vn -0.6976 0.7048 0.1290
vn -0.7941 0.6040 0.0676
vn -0.7241 0.6894 -0.0212
vn -0.7878 0.6147 -0.0391
vn -0.1873 -0.9167 0.3529
vn -0.2014 -0.9640 0.1738
vn -0.0472 -0.9011 0.4311
vn -0.1230 -0.9537 0.2745
vn -0.3578 -0.4988 0.7895
vn -0.1157 -0.8232 0.5559
vn -0.4900 -0.6662 0.5623
vn -0.5270 -0.5260 0.6675
vn -0.3554 -0.6699 0.6518
vn -0.5042 -0.4151 0.7573
vn -0.5937 -0.4381 0.6750
vn -0.6044 -0.4348 0.6675
vn -0.5261 -0.5285 0.6663
vn -0.4056 -0.3110 0.8595
vn -0.2942 -0.0391 0.9550
vn -0.5159 -0.5418 0.6635
vn -0.5118 -0.6337 0.5801
vn -0.4082 -0.3309 0.8508
vn -0.4395 -0.4865 0.7551
vn -0.3634 -0.6431 0.6740
vn -0.2874 -0.1088 0.9516
vn -0.1871 -0.7201 0.6682
vn -0.3275 -0.5939 0.7349
vn -0.2088 -0.2345 0.9494
vn -0.2013 -0.6195 0.7587
vn -0.1692 -0.5930 0.7872
vn -0.0495 -0.2729 0.9608
vn -0.1820 -0.8172 0.5468
vn -0.0496 -0.8247 0.5634
vn -0.0418 -0.0849 0.9955
vn -0.0664 -0.4364 0.8973
vn 0.1634 -0.2917 0.9425
vn 0.0264 0.0077 0.9996
vn 0.1732 -0.1592 0.9719
vn 0.1639 -0.6541 0.7384
vn 0.1453 -0.0184 0.9892
vn 0.1350 -0.5110 0.8489
vn -0.1125 -0.7069 0.6983
vn 0.1718 -0.7618 0.6246
vn 0.1802 -0.7252 0.6645
vn -0.0442 -0.2150 0.9756
vn -0.4378 -0.3027 0.8466
vn 0.2774 -0.4501 0.8488
vn -0.0409 -0.4825 0.8749
vn 0.3320 -0.5213 0.7861
vn -0.0408 -0.6402 0.7671
vn -0.4932 -0.0914 0.8651
vn -0.3566 -0.5512 0.7543
vn -0.1369 -0.4970 0.8569
vn 0.0703 -0.6471 0.7592
vn -0.3291 -0.6796 0.6556
vn 0.0194 -0.7014 0.7125
vn -0.2233 -0.4866 0.8446
vn -0.4973 -0.4439 0.7454
vn -0.4350 -0.6298 0.6435
vn -0.2923 -0.3677 0.8828
vn -0.2062 -0.9589 0.1949
vn 0.3119 -0.9197 0.2384
vn -0.1371 -0.9150 0.3795
vn 0.1538 -0.8942 0.4204
vn 0.3524 -0.8762 0.3288
vn -0.6918 -0.6988 0.1821
vn 0.3727 -0.9235 0.0907
vn -0.1973 -0.9697 0.1443
vn -0.7397 -0.6537 0.1600
vn -0.7617 -0.6006 0.2431
vn -0.1065 -0.9911 0.0799
vn -0.6970 -0.7134 0.0716
vn -0.6288 -0.7765 -0.0403
vn -0.5137 -0.7897 0.3354
vn -0.8253 -0.4799 0.2975
vn -0.8413 -0.5253 0.1276
vn -0.8157 -0.5777 -0.0311
vn -0.8222 -0.5528 -0.1357
vn -0.7860 -0.6127 -0.0819
vn -0.7393 -0.6551 -0.1558
vn -0.7465 -0.4744 0.4666
vn -0.5542 -0.6925 0.4619
vn -0.7530 -0.6437 0.1365
vn -0.7756 -0.6306 -0.0284
vn -0.6737 -0.7268 0.1334
vn -0.6908 -0.4957 0.5264
vn -0.6834 -0.6314 0.3665
vn -0.7217 -0.6409 0.2617
vn -0.6692 -0.6983 0.2541
vn -0.5962 -0.7248 0.3453
vn -0.6678 -0.7209 -0.1855
vn -0.5839 -0.6203 0.5238
vn -0.5559 -0.7074 0.4365
vn -0.5278 -0.7878 0.3174
vn -0.5931 -0.8024 -0.0670
vn -0.4791 -0.7317 0.4849
vn -0.4703 -0.6973 0.5409
vn -0.3781 -0.8986 0.2227
vn -0.5674 -0.8120 0.1370
vn -0.3196 -0.8928 0.3175
vn -0.4278 -0.9019 -0.0602
vn -0.4012 -0.9151 0.0418
vn 0.2965 -0.9533 -0.0571
vn 0.4461 -0.7327 0.5139
vn 0.3166 -0.9326 0.1736
vn 0.3573 -0.9340 -0.0083
vn 0.4035 -0.8615 0.3082
vn 0.6610 -0.7456 0.0842
vn 0.3969 -0.7412 0.5414
vn 0.3130 -0.9179 -0.2439
vn 0.1070 -0.9760 0.1897
vn 0.6182 -0.5998 0.5080
vn 0.5504 -0.7213 0.4204
vn 0.6508 -0.7249 0.2257
vn 0.6568 -0.7530 -0.0400
vn 0.7486 -0.6296 0.2077
vn 0.8270 -0.5444 0.1406
vn 0.8411 -0.5341 -0.0849
vn 0.5212 -0.6523 0.5502
vn -0.3851 -0.8763 -0.2895
vn 0.7700 -0.4779 0.4226
vn -0.7784 -0.5466 -0.3088
vn -0.4859 -0.8301 -0.2737
vn -0.1175 -0.5532 -0.8247
vn -0.6635 -0.6869 -0.2964
vn -0.0138 -0.9974 0.0702
vn 0.2102 -0.9772 0.0310
vn 0.2982 -0.9429 -0.1484
vn 0.8913 -0.4515 0.0415
vn 0.7353 -0.6724 -0.0843
vn 0.7084 -0.6668 -0.2311
vn 0.6677 -0.5095 0.5428
vn 0.7913 -0.4804 0.3783
vn -0.7257 -0.6063 -0.3252
vn -0.7523 -0.5619 -0.3440
vn 0.1292 -0.9432 -0.3060
vn 0.4464 -0.8947 0.0168
vn 0.5954 -0.7842 0.1746
vn -0.0599 -0.9740 -0.2183
vn -0.6546 -0.6805 -0.3291
vn -0.6657 -0.5209 -0.5344
vn -0.6445 -0.4920 -0.5853
vn 0.1252 -0.9804 -0.1520
vn -0.3145 -0.8677 -0.3849
vn -0.5807 -0.7268 -0.3669
vn -0.5511 -0.6906 -0.4684
vn -0.5461 -0.6057 -0.5787
vn -0.5556 -0.4978 -0.6660
vn -0.3603 -0.8272 -0.4311
vn -0.5943 -0.7090 -0.3797
vn -0.5047 -0.8169 -0.2793
vn -0.4773 -0.7265 -0.4944
vn -0.4836 -0.5362 -0.6918
vn -0.7005 -0.5904 -0.4009
vn -0.5707 -0.8002 -0.1842
vn -0.6729 -0.7333 -0.0971
vn -0.4154 -0.7932 -0.4452
vn -0.4356 -0.6919 -0.5758
vn -0.4322 -0.5977 -0.6752
vn 0.3943 -0.8968 0.2007
vn 0.3787 -0.8841 0.2739
vn 0.4156 -0.9080 0.0531
vn 0.4120 -0.9028 -0.1235
vn 0.6438 -0.7543 -0.1286
vn 0.5329 -0.7340 -0.4210
vn 0.4306 -0.7343 -0.5248
vn 0.4332 -0.5998 -0.6727
vn 0.6572 -0.5987 0.4579
vn 0.6354 -0.7717 0.0269
vn 0.7824 -0.5071 0.3616
vn 0.6290 -0.7198 -0.2936
vn 0.6249 -0.6166 -0.4789
vn 0.5847 -0.4890 -0.6473
vn 0.7852 -0.4047 0.4687
vn 0.6572 -0.7092 0.2551
vn 0.7833 -0.6116 -0.1111
vn 0.8696 -0.4892 0.0663
vn 0.7841 -0.5371 -0.3110
vn 0.7244 -0.5973 -0.3443
vn 0.8117 -0.4786 -0.3346
vn 0.7862 -0.4175 -0.4556
vn 0.7900 -0.3968 -0.4674
vn 0.7744 -0.3292 -0.5404
vn 0.6751 -0.6900 0.2611
vn 0.9210 -0.3188 0.2238
vn 0.9271 -0.3195 0.1959
vn 0.7710 -0.4938 -0.4022
vn 0.9654 -0.2365 0.1099
vn 0.9543 -0.2581 0.1507
vn 0.9543 -0.2988 -0.0009
vn 0.6413 -0.7618 -0.0920
vn 0.6276 -0.5846 -0.5141
vn 0.4709 -0.8096 -0.3505
vn 0.7685 -0.5684 0.2939
vn 0.6583 -0.7518 0.0386
vn 0.4621 -0.8806 -0.1049
vn 0.6503 -0.7421 0.1624
vn 0.1259 -0.9670 -0.2216
vn -0.0339 -0.9374 -0.3467
vn -0.0979 -0.9816 -0.1637
vn 0.2231 -0.9338 0.2799
vn -0.0735 -0.9864 0.1470
vn 0.2409 -0.7868 0.5683
vn 0.0383 -0.9186 0.3933
vn -0.6120 -0.7802 -0.1293
vn -0.7101 -0.7034 -0.0319
vn -0.7292 -0.6522 -0.2072
vn -0.7673 -0.5837 -0.2655
vn -0.7690 -0.5876 -0.2516
vn -0.4640 -0.8718 0.1572
vn -0.6210 -0.7239 -0.3004
vn -0.3899 -0.9007 0.1913
vn -0.1555 -0.9471 0.2808
vn -0.1394 -0.9850 0.1016
vn -0.6350 -0.7508 -0.1816
vn -0.6557 -0.7195 -0.2288
vn -0.5866 -0.7084 -0.3926
vn -0.4327 -0.9008 -0.0364
vn -0.1542 -0.9560 0.2495
vn -0.1039 -0.9894 0.1013
vn -0.0835 -0.9770 0.1962
vn 0.7552 -0.6554 -0.0105
vn -0.6662 -0.7454 -0.0227
vn -0.9526 0.3040 0.0058
vn 0.1478 -0.5113 0.8466
vn -0.9193 0.2997 0.2552
vn -0.8452 0.5085 0.1647
vn -0.9036 0.4276 -0.0244
vn -0.8665 0.3519 0.3540
vn -0.8719 0.3533 0.3390
vn -0.7832 0.5463 0.2968
vn -0.9258 0.2842 -0.2494
vn -0.8677 0.4949 0.0476
vn -0.7792 0.5684 -0.2640
vn -0.7876 0.5910 -0.1744
vn -0.9598 0.1999 0.1971
vn -0.7702 0.4246 -0.4760
vn -0.7671 0.3069 -0.5633
vn -0.9327 0.0376 0.3587
vn -0.9321 0.1634 0.3234
vn -0.8575 0.2102 0.4695
vn -0.8436 0.0235 0.5365
vn -0.7202 0.3996 0.5671
vn -0.8409 0.3164 0.4390
vn -0.8737 0.4190 0.2471
vn -0.8385 0.5200 0.1629
vn -0.9774 0.1212 -0.1733
vn -0.7377 0.6487 0.1868
vn -0.6953 0.0607 0.7161
vn -0.6725 0.1598 0.7226
vn -0.6906 0.5883 0.4206
vn -0.6873 0.6234 0.3728
vn -0.6632 0.7285 0.1716
vn -0.6242 0.7546 0.2024
vn -0.5044 0.1376 0.8524
vn -0.5679 0.3838 0.7282
vn -0.5631 0.5447 0.6215
vn -0.6087 0.6264 0.4869
vn -0.5420 0.7227 0.4289
vn -0.6041 0.7249 0.3309
vn -0.5130 0.8404 0.1750
vn -0.4005 0.3103 0.8622
vn -0.4217 0.5279 0.7372
vn -0.4235 0.4699 0.7745
vn -0.4438 0.6316 0.6357
vn -0.4474 0.7265 0.5216
vn -0.4181 0.8511 0.3174
vn -0.9879 0.1484 0.0450
vn -0.9376 0.2420 -0.2498
vn -0.7766 0.5434 0.3187
vn -0.8634 0.4533 0.2213
vn -0.8622 0.3273 0.3867
vn -0.8907 -0.0098 0.4545
vn -0.8927 0.1560 0.4229
vn -0.8835 0.1009 0.4575
vn -0.9140 0.3086 0.2633
vn -0.8926 0.0008 0.4508
vn -0.8321 0.1824 0.5237
vn -0.8829 0.2422 0.4023
vn -0.8700 0.4930 -0.0050
vn -0.8485 0.5276 -0.0402
vn -0.8675 0.3777 -0.3237
vn -0.8479 0.4632 -0.2577
vn -0.9468 0.3216 -0.0142
vn -0.6960 0.7057 0.1328
vn -0.7308 0.1749 0.6598
vn -0.9719 0.2320 0.0407
vn -0.8528 0.4317 0.2940
vn -0.7951 0.2644 0.5458
vn -0.8065 0.3346 0.4874
vn -0.8139 0.4031 0.4184
vn -0.7413 0.6453 -0.1844
vn -0.7793 0.6107 0.1402
vn -0.7219 0.3903 0.5714
vn -0.8480 0.2232 0.4807
vn -0.6766 0.7350 -0.0447
vn -0.6020 0.4988 0.6235
vn -0.6965 0.7083 -0.1152
vn -0.5355 0.8441 -0.0266
vn -0.5294 0.8481 -0.0208
vn -0.5245 0.8376 0.1527
vn -0.4994 0.8641 0.0631
vn -0.4022 0.9095 -0.1050
vn -0.7744 0.5004 0.3873
vn -0.7817 0.4781 0.4004
vn -0.6915 0.5948 0.4099
vn -0.6890 0.4858 0.5378
vn -0.6496 0.6287 0.4275
vn -0.6093 0.6348 0.4753
vn -0.5136 0.5706 0.6408
vn -0.5208 0.7049 0.4815
vn -0.4166 0.7692 0.4846
vn -0.8996 0.4059 0.1612
vn -0.7711 0.6367 0.0048
vn -0.9500 0.0190 0.3117
vn -0.9697 0.1400 0.2002
vn -0.9454 0.1142 0.3052
vn -0.9021 0.3664 0.2280
vn -0.8200 0.3608 0.4444
vn -0.9637 0.2562 0.0747
vn -0.9739 0.1403 0.1785
vn -0.8948 0.4414 0.0670
vn -0.7649 0.5789 0.2825
vn -0.9655 0.2440 0.0912
vn -0.9525 0.3001 -0.0522
vn -0.6800 0.7316 0.0483
vn -0.9236 0.3834 0.0077
vn -0.8439 0.5331 -0.0611
vn -0.8931 0.3166 0.3196
vn -0.9066 0.3230 0.2717
vn -0.8906 0.4372 -0.1253
vn -0.9012 0.4328 -0.0215
vn -0.6741 0.7216 0.1578
vn -0.9398 0.2607 -0.2211
vn -0.9299 0.2744 -0.2450
vn -0.7995 0.5584 0.2213
vn -0.8003 0.5795 0.1539
vn -0.8593 0.5085 0.0549
vn -0.7951 0.6056 -0.0327
vn -0.8091 0.5741 -0.1257
vn -0.8178 0.4906 -0.3009
vn -0.7271 0.6337 0.2643
vn -0.7386 0.6429 -0.2027
vn -0.6722 0.7033 0.2312
vn -0.6937 0.7199 -0.0228
vn -0.6636 0.7228 -0.1929
vn -0.5857 0.7969 0.1480
vn -0.6043 0.7286 0.3224
vn -0.5490 0.7645 0.3378
vn -0.5135 0.7907 0.3332
vn -0.6295 0.7768 -0.0188
vn -0.5971 0.7759 -0.2034
vn -0.6400 0.7577 -0.1274
vn -0.4848 0.8737 0.0402
vn -0.4651 0.8809 -0.0878
vn -0.6808 0.6654 -0.3062
vn -0.6363 0.4740 -0.6086
vn -0.5781 0.7692 -0.2722
vn -0.5238 0.7461 -0.4111
vn -0.5923 0.5068 -0.6264
vn -0.5098 0.6090 -0.6076
vn -0.8440 0.4546 -0.2844
vn -0.8817 0.3027 -0.3618
vn -0.6765 0.6509 -0.3445
vn -0.4839 0.7321 -0.4795
vn -0.7268 0.6722 -0.1407
vn -0.5454 0.5298 -0.6495
vn -0.8226 0.3315 -0.4620
vn -0.8143 0.3424 -0.4687
vn -0.6575 0.6110 -0.4409
vn -0.3622 0.6815 -0.6359
vn -0.6475 0.7469 -0.1509
vn -0.3307 0.7321 -0.5956
vn -0.4143 0.9101 0.0025
vn -0.4468 0.8945 -0.0136
vn -0.5088 0.6067 -0.6108
vn -0.6084 0.3990 -0.6861
vn -0.6727 0.1873 -0.7159
vn -0.4754 0.8685 -0.1402
vn -0.6507 0.2347 -0.7222
vn -0.2885 0.9479 -0.1347
vn -0.3071 0.9490 -0.0708
vn -0.5038 0.6726 -0.5420
vn -0.5556 0.3277 -0.7642
vn -0.6016 0.3561 -0.7151
vn -0.5376 0.7640 -0.3568
vn -0.7127 0.7015 0.0006
vn -0.8775 0.4183 -0.2345
vn -0.7158 0.5857 -0.3804
vn -0.8835 0.4636 0.0670
vn -0.5815 0.6179 -0.5292
vn -0.7241 0.4803 -0.4950
vn -0.7154 0.5021 -0.4860
vn -0.6459 0.4808 -0.5930
vn -0.5341 0.6136 -0.5816
vn -0.5115 0.1054 0.8528
vn -0.5072 0.5115 -0.6936
vn -0.5120 0.7840 -0.3509
vn -0.4651 0.6370 -0.6147
vn -0.3421 0.7490 0.5674
vn -0.3148 0.1223 0.9412
vn -0.3441 0.6049 0.7181
vn -0.1871 0.6436 0.7422
vn -0.2282 0.7537 0.6163
vn -0.3151 0.9331 0.1731
vn -0.2051 0.1809 0.9619
vn -0.1902 0.2218 0.9564
vn -0.1915 0.9616 0.1967
vn -0.1808 0.8491 0.4964
vn -0.2262 0.8698 0.4385
vn -0.0360 0.3119 0.9494
vn -0.0513 0.6615 0.7482
vn -0.0730 0.4444 0.8929
vn -0.0350 0.8513 0.5236
vn -0.0562 0.7561 0.6521
vn -0.0688 0.9793 0.1905
vn -0.0573 0.9230 0.3805
vn 0.1663 0.3142 0.9347
vn 0.0025 0.0685 0.9976
vn 0.0345 0.1545 0.9874
vn 0.1758 0.1981 0.9643
vn 0.1975 0.5823 0.7886
vn 0.1698 0.7393 0.6516
vn 0.1254 0.6708 0.7309
vn 0.1691 0.8649 0.4727
vn 0.1762 0.9619 0.2089
vn 0.1219 0.9337 0.3367
vn -0.1137 0.4072 0.9062
vn -0.1975 0.0999 0.9752
vn -0.3967 0.2880 0.8716
vn -0.0358 0.1489 0.9882
vn -0.3803 0.5849 0.7164
vn 0.0967 0.7746 0.6250
vn -0.2848 0.8052 0.5201
vn 0.2471 0.8568 0.4527
vn -0.5267 0.1218 0.8413
vn -0.5439 0.1361 0.8280
vn -0.5681 0.2411 0.7869
vn -0.4792 0.3907 0.7860
vn -0.4991 0.5669 0.6554
vn -0.3624 0.6546 0.6634
vn -0.0202 0.9992 0.0342
vn -0.4965 0.7999 0.3371
vn -0.0069 0.8700 0.4930
vn -0.6469 0.3453 0.6800
vn -0.4719 0.5980 0.6478
vn -0.4746 0.6427 0.6014
vn -0.5142 0.7532 0.4103
vn -0.3255 0.9160 0.2346
vn -0.3317 0.9433 0.0094
vn -0.3316 0.9415 0.0603
vn -0.3448 0.8909 0.2956
vn -0.0403 0.9875 0.1524
vn 0.1817 0.9775 0.1071
vn 0.0003 0.9822 0.1881
vn -0.4044 0.6963 0.5930
vn 0.1627 0.9498 0.2671
vn 0.0981 0.9228 0.3726
vn 0.3415 0.9290 0.1428
vn 0.2195 0.9280 0.3012
vn -0.2560 0.7489 0.6112
vn -0.4124 0.7746 0.4795
vn -0.3362 0.8162 0.4699
vn -0.3612 0.7825 0.5071
vn -0.1357 0.8679 0.4779
vn -0.1488 0.7972 0.5851
vn -0.2260 0.6623 0.7143
vn -0.2717 0.7400 0.6153
vn -0.0635 0.7732 0.6310
vn -0.1864 0.6704 0.7182
vn -0.0572 0.8852 0.4616
vn -0.1449 0.8870 0.4385
vn -0.1826 0.8929 0.4116
vn -0.0393 0.6583 0.7517
vn -0.0666 0.8120 0.5798
vn 0.1246 0.5982 0.7916
vn 0.1307 0.7323 0.6683
vn 0.0165 0.7260 0.6875
vn 0.0189 0.7777 0.6284
vn -0.2099 0.9567 0.2015
vn 0.0882 0.8786 0.4693
vn 0.1944 0.5840 0.7881
vn 0.1758 0.6902 0.7020
vn 0.1842 0.7824 0.5949
vn -0.3929 0.8780 0.2733
vn -0.4277 0.8921 0.1457
vn -0.3995 0.8802 -0.2563
vn -0.3156 0.8896 0.3303
vn -0.2903 0.9557 0.0481
vn -0.3016 0.9533 0.0152
vn -0.3305 0.8948 -0.3002
vn -0.2916 0.8961 0.3346
vn -0.2362 0.9651 -0.1130
vn -0.2366 0.9680 0.0832
vn -0.0531 0.9973 0.0505
vn -0.1203 0.9635 0.2393
vn -0.1217 0.9516 -0.2822
vn -0.1035 0.9658 0.2378
vn -0.0463 0.9933 -0.1062
vn 0.1063 0.9931 0.0493
vn 0.0009 0.9533 0.3020
vn 0.0246 0.9555 -0.2940
vn 0.1143 0.9891 0.0925
vn 0.0927 0.9912 -0.0947
vn -0.5951 0.4615 -0.6579
vn 0.1084 0.9599 -0.2585
vn 0.1838 0.9595 0.2135
vn 0.2036 0.9595 -0.1948
vn -0.7676 0.6408 0.0153
vn -0.5108 0.5708 -0.6428
vn -0.4047 0.4908 -0.7716
vn -0.6509 0.7107 -0.2670
vn -0.4195 0.7373 -0.5295
vn -0.5046 0.5715 -0.6471
vn -0.6414 0.7653 0.0534
vn -0.6470 0.7603 0.0581
vn -0.2335 0.7291 -0.6433
vn -0.3409 0.6559 -0.6735
vn -0.3992 0.5240 -0.7524
vn -0.3660 0.8042 -0.4684
vn -0.3246 0.7202 -0.6131
vn -0.5972 0.7790 -0.1912
vn -0.2162 0.7013 -0.6793
vn -0.3921 0.6529 -0.6481
vn -0.5021 0.8598 0.0929
vn -0.1781 0.9010 -0.3955
vn -0.1960 0.8081 -0.5554
vn -0.0541 0.7905 -0.6100
vn -0.1758 0.7997 -0.5740
vn -0.0955 0.7434 -0.6620
vn -0.3190 0.9446 0.0776
vn 0.0241 0.8949 -0.4455
vn -0.1781 0.8851 -0.4300
vn -0.2174 0.9642 -0.1520
vn 0.0584 0.7700 -0.6354
vn 0.0970 0.8797 -0.4655
vn 0.2273 0.7825 -0.5797
vn 0.0455 0.6905 -0.7219
vn -0.1648 0.9782 0.1260
vn 0.1780 0.8809 -0.4385
vn -0.9464 0.1344 -0.2937
vn -0.1025 0.9793 -0.1747
vn -0.1101 0.9692 0.2202
vn -0.5883 -0.7842 -0.1971
vn -0.5556 -0.6386 -0.5325
vn -0.9754 -0.1276 -0.1795
vn -0.7881 -0.2696 -0.5534
vn -0.8026 -0.5358 -0.2621
vn -0.8594 0.4995 -0.1096
vn -0.8062 0.5634 -0.1807
vn -0.7705 -0.5124 -0.3791
vn -0.7721 0.4082 -0.4872
vn -0.7507 0.5163 -0.4122
vn -0.7969 -0.0626 -0.6008
vn -0.7789 0.1659 -0.6048
vn -0.6891 0.7117 -0.1364
vn -0.2363 -0.7864 -0.5708
vn -0.6039 0.6588 -0.4486
vn -0.5465 -0.5297 -0.6486
vn -0.6199 -0.3320 -0.7110
vn -0.6357 0.2394 -0.7339
vn -0.5895 0.4154 -0.6928
vn -0.5417 -0.0959 -0.8351
vn -0.5415 -0.7098 -0.4505
vn -0.4805 -0.8208 -0.3089
vn -0.2878 -0.7391 -0.6090
vn -0.4625 -0.5192 -0.7187
vn -0.4977 -0.5556 -0.6660
vn -0.0086 -0.7361 -0.6768
vn -0.0649 -0.7332 -0.6769
vn -0.2898 -0.4995 -0.8164
vn -0.0870 -0.5029 -0.8599
vn 0.2343 -0.6099 -0.7570
vn -0.1456 -0.3584 -0.9221
vn 0.3423 -0.5379 -0.7704
vn -0.0516 -0.3581 -0.9322
vn -0.0709 -0.5860 -0.8072
vn 0.0933 -0.3297 -0.9395
vn 0.0990 -0.2146 -0.9717
vn 0.1363 -0.5298 -0.8371
vn -0.5562 0.8150 -0.1625
vn 0.2289 -0.0671 -0.9711
vn 0.2593 -0.2520 -0.9323
vn 0.2908 -0.1527 -0.9445
vn -0.4509 0.8291 -0.3307
vn -0.3806 0.7734 -0.5069
vn -0.4516 0.1462 -0.8801
vn -0.4002 0.7425 -0.5371
vn -0.4558 0.0125 -0.8900
vn -0.2480 -0.2731 -0.9295
vn -0.3295 0.4009 -0.8548
vn -0.4609 0.5359 -0.7074
vn -0.6330 0.6313 -0.4480
vn -0.2087 -0.4790 -0.8526
vn -0.6917 0.4771 -0.5421
vn -0.2623 -0.1170 -0.9579
vn -0.2422 0.2182 -0.9454
vn -0.1822 0.3745 -0.9092
vn -0.3153 0.6913 -0.6501
vn -0.1569 0.0333 -0.9870
vn -0.4410 0.6304 -0.6389
vn -0.6168 0.4127 -0.6702
vn -0.0229 -0.4739 -0.8803
vn -0.0162 0.4397 -0.8980
vn -0.1100 0.6743 -0.7302
vn -0.3850 0.3127 -0.8683
vn 0.0490 -0.1954 -0.9795
vn 0.0217 -0.0019 -0.9998
vn 0.1762 -0.4457 -0.8777
vn 0.3111 0.1074 -0.9443
vn 0.2461 -0.2746 -0.9295
vn 0.2965 0.1821 -0.9375
vn -0.0220 0.1632 -0.9863
vn -0.2357 0.5183 -0.8221
vn 0.0870 0.0646 -0.9941
vn -0.4374 0.3165 -0.8418
vn 0.5013 -0.3686 -0.7828
vn 0.5122 -0.1017 -0.8528
vn 0.4386 -0.0786 -0.8953
vn -0.1230 0.0106 -0.9924
vn 0.3847 -0.3589 -0.8504
vn 0.6043 -0.1960 -0.7723
vn 0.1273 -0.0457 -0.9908
vn -0.0665 -0.2777 -0.9584
vn 0.2378 -0.3920 -0.8887
vn -0.7151 0.0270 -0.6985
vn -0.2783 -0.2561 -0.9257
vn -0.3367 0.0948 -0.9368
vn -0.3636 -0.3878 -0.8470
vn 0.3694 0.0703 -0.9266
vn 0.0187 -0.6493 -0.7603
vn -0.0291 -0.7464 -0.6649
vn -0.3406 -0.6223 -0.7047
vn 0.2472 -0.4951 -0.8330
vn -0.6941 -0.4118 -0.5904
vn -0.7870 -0.1324 -0.6026
vn 0.4003 -0.3940 -0.8274
vn 0.4353 -0.1357 -0.8900
vn 0.4312 -0.1125 -0.8952
vn 0.5772 -0.2321 -0.7829
vn 0.4442 -0.4315 -0.7852
vn -0.1409 -0.8320 -0.5365
vn -0.3949 -0.8788 -0.2680
vn -0.2130 -0.9391 -0.2697
vn -0.2940 -0.9558 -0.0069
vn -0.4071 -0.8775 -0.2537
vn -0.3229 -0.8528 -0.4105
vn -0.1990 -0.9573 -0.2095
vn -0.1650 -0.9822 -0.0895
vn 0.1518 -0.0605 -0.9866
vn -0.1645 -0.9318 -0.3236
vn -0.2212 -0.8766 -0.4274
vn -0.1894 -0.8573 -0.4786
vn -0.0977 -0.9928 -0.0695
vn -0.0728 -0.8514 -0.5194
vn -0.0604 -0.4005 -0.9143
vn -0.1011 -0.4991 -0.8606
vn -0.7531 -0.4646 -0.4659
vn -0.7636 -0.3740 -0.5263
vn -0.7569 -0.3140 -0.5732
vn -0.7907 -0.1861 -0.5833
vn -0.6734 -0.6197 -0.4031
vn -0.6556 -0.6893 -0.3084
vn -0.6516 -0.4503 -0.6104
vn -0.6486 -0.5465 -0.5298
vn -0.6380 -0.2065 -0.7419
vn -0.6715 -0.3361 -0.6603
vn -0.6633 -0.3203 -0.6764
vn -0.2830 -0.6373 -0.7168
vn -0.5699 -0.7711 -0.2839
vn -0.5006 -0.7737 -0.3882
vn -0.5910 -0.6475 -0.4811
vn -0.5745 -0.6115 -0.5440
vn -0.5674 -0.4622 -0.6815
vn -0.5758 -0.3060 -0.7582
vn -0.5894 -0.2046 -0.7815
vn -0.4768 -0.5973 -0.6450
vn -0.4771 -0.5866 -0.6544
vn -0.3873 -0.7678 -0.5104
vn -0.2812 -0.1958 -0.9395
vn -0.1643 -0.7543 -0.6356
vn -0.1979 -0.6484 -0.7351
vn -0.0854 -0.7829 -0.6163
vn -0.5014 -0.1666 -0.8490
vn -0.4844 -0.0966 -0.8695
vn -0.3257 -0.3924 -0.8602
vn -0.4115 -0.2810 -0.8670
vn -0.3418 -0.0889 -0.9355
vn -0.3358 -0.3918 -0.8566
vn -0.2515 -0.2955 -0.9216
vn -0.1301 -0.5040 -0.8539
vn -0.1973 -0.4957 -0.8458
vn -0.2011 -0.1789 -0.9631
vn -0.4415 0.6544 -0.6139
vn -0.0585 -0.1268 -0.9902
vn -0.7431 0.5647 -0.3591
vn -0.5863 0.7054 -0.3983
vn -0.4913 0.6232 -0.6084
vn -0.4792 0.4586 -0.7484
vn -0.3804 0.8144 -0.4383
vn -0.5234 0.7006 -0.4850
vn -0.3669 0.7824 -0.5033
vn -0.3182 0.4652 -0.8260
vn -0.1813 0.3048 -0.9350
vn -0.7967 0.5510 -0.2484
vn -0.7811 0.2485 -0.5729
vn -0.4643 0.3895 -0.7954
vn -0.5518 0.5622 -0.6160
vn -0.7708 0.6050 -0.1996
vn -0.7907 0.3428 -0.5073
vn -0.8609 0.5085 0.0132
vn -0.8766 0.3931 -0.2775
vn -0.8551 0.4902 -0.1687
vn -0.8740 0.3920 -0.2871
vn -0.8656 0.3089 -0.3941
vn -0.8361 -0.0020 -0.5485
vn -0.8492 0.1834 -0.4952
vn -0.7743 -0.0078 -0.6328
vn -0.7740 0.5090 -0.3767
vn -0.7692 0.4101 -0.4900
vn -0.7621 0.5106 -0.3981
vn -0.6120 0.7647 -0.2017
vn -0.7486 0.6293 -0.2085
vn -0.6856 0.5802 -0.4397
vn -0.6792 0.4757 -0.5589
vn -0.6377 0.5789 -0.5080
vn -0.6979 0.3148 -0.6434
vn -0.7502 0.3160 -0.5808
vn -0.6377 -0.0265 -0.7699
vn -0.7518 0.1362 -0.6452
vn -0.6561 0.7547 -0.0028
vn -0.6035 0.4406 -0.6646
vn -0.5920 0.7435 -0.3109
vn -0.5988 0.6008 -0.5296
vn -0.1996 0.7651 -0.6121
vn -0.5263 0.5426 -0.6547
vn -0.5841 0.2056 -0.7852
vn -0.5919 0.2914 -0.7515
vn -0.6631 0.3332 -0.6703
vn -0.4558 0.5700 -0.6836
vn -0.4860 0.6395 -0.5956
vn -0.3204 0.6794 -0.6601
vn -0.2913 0.7537 -0.5892
vn -0.2091 0.6114 -0.7632
vn -0.2013 0.9590 -0.1995
vn -0.1026 0.7830 -0.6136
vn -0.5176 0.8524 -0.0738
vn -0.4081 0.8825 -0.2338
vn -0.3980 0.8575 -0.3260
vn -0.3688 0.7767 -0.5106
vn -0.3090 0.9509 0.0168
vn -0.3146 0.9326 -0.1769
vn 0.1816 -0.4359 0.8815
vn -0.2345 0.8797 -0.4136
vn -0.1290 0.9916 -0.0086
vn -0.4855 0.1014 -0.8683
vn -0.5009 0.1700 -0.8486
vn -0.5267 0.3577 -0.7711
vn -0.4001 0.2923 -0.8686
vn -0.3332 0.3942 -0.8565
vn -0.1781 0.5045 -0.8449
vn -0.1908 -0.0107 -0.9816
vn -0.1807 0.3065 -0.9346
vn -0.0894 0.1226 -0.9884
vn -0.1012 0.1538 -0.9829
vn -0.3973 -0.2894 0.8709
vn -0.2294 -0.1319 0.9643
vn -0.2613 -0.4147 0.8717
vn -0.1194 -0.2167 0.9689
vn -0.1849 -0.4139 0.8913
vn 0.0043 -0.3042 0.9526
vn 0.0110 -0.0899 0.9959
vn -0.0156 -0.4989 0.8665
vn 0.1174 -0.2575 0.9591
vn -0.3454 -0.5371 0.7696
vn 0.2153 -0.1756 0.9606
vn 0.2886 -0.3986 0.8705
vn -0.3441 -0.3635 0.8657
vn -0.1317 -0.2893 0.9481
vn -0.2317 -0.6849 0.6908
vn -0.2213 -0.6514 0.7258
vn 0.1640 -0.4682 0.8683
vn -0.1560 -0.4694 0.8691
vn -0.1261 -0.6190 0.7752
vn -0.1150 -0.7790 0.6164
vn -0.0322 -0.2918 0.9559
vn -0.0227 -0.6651 0.7464
vn -0.0211 -0.6905 0.7230
vn 0.0366 -0.5194 0.8538
vn 0.1331 -0.3626 0.9224
vn 0.1627 -0.6513 0.7411
vn -0.1180 -0.6634 0.7389
vn 0.2066 -0.7342 0.6467
vn 0.2599 -0.2681 0.9277
vn 0.3190 -0.4562 0.8307
vn 0.3489 -0.3434 0.8720
vn 0.3260 -0.5967 0.7333
vn 0.3526 -0.4937 0.7949
vn -0.3589 -0.5652 0.7428
vn -0.3162 -0.2218 0.9224
vn -0.2818 -0.3775 0.8821
vn -0.2812 -0.6230 0.7299
vn -0.9841 -0.0345 0.1745
vn -0.1644 -0.5913 0.7895
vn 0.0027 -0.5763 0.8172
vn 0.0233 -0.7820 0.6228
vn 0.1471 -0.6786 0.7197
vn 0.1531 -0.5922 0.7911
vn 0.2657 -0.1972 0.9437
vn 0.2933 -0.7488 0.5944
vn 0.1445 -0.2569 0.9556
vn 0.3892 -0.5867 0.7101
vn 0.4118 -0.5174 0.7501
vn 0.3846 -0.5591 0.7345
vn 0.4329 -0.4157 0.7999
vn 0.4825 -0.4208 0.7682
vn 0.6017 -0.4854 0.6344
vn -0.2328 -0.9721 0.0272
vn 0.4477 -0.1557 0.8805
vn 0.4842 -0.0803 0.8713
vn 0.6254 -0.3284 0.7079
vn -0.1185 -0.9810 0.1538
vn 0.2598 -0.9643 -0.0518
vn -0.0679 -0.9965 -0.0495
vn -0.0127 -0.9584 0.2851
vn 0.0793 -0.9738 0.2133
vn 0.0743 -0.9970 0.0236
vn 0.0852 -0.9812 -0.1730
vn 0.2095 -0.9697 0.1255
vn 0.1786 -0.9693 -0.1690
vn 0.2694 -0.9571 0.1068
vn -0.4402 -0.8343 -0.3318
vn 0.2400 -0.9629 -0.1237
vn -0.3010 -0.7856 0.5406
vn -0.1966 -0.8922 0.4066
vn 0.0883 -0.8129 0.5757
vn 0.1050 -0.8996 0.4239
vn 0.2107 -0.9185 0.3346
vn 0.2645 -0.8171 0.5122
vn 0.3662 -0.7897 0.4923
vn 0.3969 -0.7402 0.5428
vn 0.4025 -0.8126 0.4215
vn 0.3653 -0.9006 0.2354
vn -0.1034 -0.9663 -0.2357
vn -0.0189 -0.9631 -0.2686
vn -0.2947 -0.8957 -0.3331
vn -0.2970 -0.7801 -0.5506
vn -0.3116 -0.6805 -0.6632
vn -0.2212 -0.7981 -0.5605
vn -0.4739 -0.8803 -0.0223
vn -0.1769 -0.8857 -0.4292
vn -0.2082 -0.7080 -0.6749
vn -0.1501 -0.8844 -0.4420
vn -0.4850 -0.7952 -0.3638
vn -0.3959 -0.9146 -0.0822
vn -0.0234 -0.8965 -0.4425
vn 0.0708 -0.9212 -0.3826
vn -0.0285 -0.8011 -0.5979
vn -0.0298 -0.7386 -0.6735
vn 0.0966 -0.7822 -0.6155
vn 0.1022 -0.7237 -0.6825
vn 0.3728 -0.8090 -0.4544
vn 0.1893 -0.9213 -0.3398
vn 0.1973 -0.9145 -0.3531
vn 0.1673 -0.8629 -0.4769
vn 0.2749 -0.8061 -0.5240
vn 0.2778 -0.7194 -0.6367
vn 0.2873 -0.6655 -0.6889
vn 0.3648 -0.8960 -0.2531
vn -0.2262 -0.9393 -0.2581
vn 0.4273 -0.7086 -0.5615
vn 0.4133 -0.6168 -0.6699
vn -0.4112 -0.8762 -0.2513
vn -0.0244 -0.9878 -0.1537
vn -0.2707 -0.8840 -0.3812
vn -0.4173 -0.7492 -0.5144
vn 0.1087 -0.9883 0.1072
vn -0.2379 -0.8917 -0.3850
vn -0.0969 -0.9926 -0.0728
vn 0.0726 -0.9012 -0.4272
vn 0.2729 -0.9592 0.0735
vn -0.0245 -0.9497 -0.3121
vn -0.0334 -0.8708 -0.4904
vn -0.0288 -0.7463 -0.6649
vn 0.2626 -0.9628 -0.0637
vn 0.3047 -0.9491 0.0797
vn 0.1162 -0.9924 -0.0410
vn 0.1484 -0.7262 -0.6713
vn 0.1878 -0.8983 -0.3972
vn 0.1580 -0.7413 -0.6523
vn 0.4285 -0.7337 -0.5273
vn 0.3768 -0.6351 -0.6743
vn 0.3222 -0.6331 -0.7039
vn 0.4205 -0.8934 -0.1579
vn 0.5027 -0.8591 0.0965
vn 0.4517 -0.8906 -0.0534
vn 0.5967 -0.6277 -0.4999
vn 0.4403 -0.7286 -0.5246
vn 0.4579 -0.7519 -0.4743
vn 0.5224 -0.5246 -0.6723
vn 0.6242 -0.7398 -0.2512
vn 0.6443 -0.7599 -0.0860
vn 0.8246 -0.5435 -0.1569
vn 0.7028 -0.6311 -0.3283
vn 0.7017 -0.5932 -0.3946
vn 0.6647 -0.5921 -0.4556
vn 0.6429 -0.5157 -0.5663
vn 0.6209 -0.3924 -0.6786
vn 0.7840 -0.6069 0.1306
vn 0.7982 -0.5706 -0.1932
vn 0.5357 -0.7959 -0.2821
vn 0.5562 -0.4801 0.6783
vn 0.7489 -0.1476 0.6460
vn 0.5237 -0.6811 0.5117
vn 0.7989 -0.4469 0.4026
vn 0.7563 -0.3745 0.5365
vn 0.7574 -0.4858 0.4363
vn 0.4600 -0.1855 0.8683
vn 0.6434 -0.1802 0.7441
vn 0.8955 -0.2398 0.3750
vn 0.6756 -0.2350 0.6988
vn 0.6766 -0.2501 0.6925
vn 0.8637 -0.2131 0.4567
vn 0.8640 0.0167 0.5031
vn 0.6484 -0.1084 0.7535
vn 0.6698 0.0389 0.7415
vn 0.8030 0.2474 0.5422
vn 0.9729 -0.1943 0.1254
vn 0.9919 -0.0934 0.0858
vn 0.9998 -0.0121 0.0149
vn 0.8782 0.2273 0.4208
vn 0.9910 0.0471 0.1251
vn 0.7943 -0.0780 0.6025
vn 0.7737 0.1695 0.6104
vn 0.7682 -0.1821 0.6138
vn 0.5590 -0.7949 0.2360
vn 0.8010 0.1048 0.5895
vn 0.4838 -0.7810 0.3948
vn 0.5248 -0.8200 0.2284
vn 0.4307 -0.8956 0.1108
vn 0.4637 -0.8855 0.0281
vn 0.4469 -0.8855 -0.1270
vn 0.6041 -0.6442 0.4691
vn 0.7106 -0.5382 0.4532
vn 0.6100 -0.7524 0.2485
vn 0.6058 -0.7952 0.0259
vn 0.6225 -0.7017 0.3466
vn 0.8028 -0.5392 0.2544
vn 0.7143 -0.6214 0.3219
vn 0.6902 -0.7166 -0.1005
vn 0.7978 -0.3018 0.5220
vn 0.7797 -0.4625 0.4222
vn 0.8081 -0.4596 0.3684
vn 0.7044 -0.6829 0.1935
vn 0.7920 -0.5919 0.1495
vn 0.7647 -0.6430 -0.0421
vn 0.6995 -0.7124 0.0557
vn 0.7569 -0.6536 0.0026
vn 0.9622 -0.2688 0.0437
vn 0.7970 -0.5623 -0.2207
vn 0.8788 -0.2452 0.4094
vn 0.8796 -0.4334 0.1962
vn 0.8961 -0.4427 0.0306
vn 0.9039 -0.3858 -0.1848
vn 0.8029 0.4975 0.3284
vn 0.8923 0.3743 0.2523
vn 0.8040 0.3906 0.4483
vn 0.7857 0.4789 0.3916
vn 0.8476 0.4065 0.3411
vn 0.8952 0.1111 0.4316
vn 0.7823 0.3221 0.5332
vn 0.9000 0.0345 0.4346
vn 0.8707 0.4911 0.0278
vn 0.8973 0.2931 0.3300
vn 0.8970 0.2942 0.3298
vn 0.8867 0.3805 0.2625
vn 0.8000 0.5570 0.2230
vn 0.8699 0.4761 0.1287
vn 0.8680 0.4775 -0.1364
vn 0.8996 0.4034 -0.1676
vn 0.9564 0.0131 0.2918
vn 0.4349 -0.8813 -0.1848
vn 0.9543 0.0883 0.2855
vn 0.9599 -0.1773 0.2174
vn 0.9914 -0.0585 0.1174
vn 0.9903 0.0232 0.1374
vn 0.9671 0.2042 0.1519
vn 0.9531 0.2821 0.1098
vn 0.9527 0.3037 0.0137
vn 0.9964 -0.0755 -0.0392
vn 0.9967 0.0077 -0.0807
vn 0.9751 0.2057 -0.0830
vn 0.9852 0.0280 -0.1689
vn 0.9284 0.3423 -0.1447
vn 0.4933 -0.8116 -0.3130
vn 0.4736 -0.7860 -0.3974
vn 0.5238 -0.7265 -0.4448
vn 0.4554 -0.6723 -0.5836
vn 0.5824 -0.7997 -0.1458
vn 0.5618 -0.7914 -0.2410
vn 0.5875 -0.6850 -0.4308
vn 0.6248 -0.6327 -0.4574
vn 0.4990 -0.5801 -0.6438
vn 0.6584 -0.7064 -0.2598
vn 0.5680 -0.7408 -0.3585
vn 0.7102 -0.5088 -0.4866
vn 0.6924 -0.4769 -0.5414
vn 0.7582 -0.6225 -0.1941
vn 0.7992 -0.5363 -0.2712
vn 0.7218 -0.6362 -0.2725
vn 0.8209 -0.3313 -0.4651
vn 0.5633 -0.8099 -0.1637
vn 0.6195 -0.7824 0.0630
vn 0.8996 -0.3646 -0.2404
vn 0.9378 0.3464 0.0256
vn 0.9899 0.0163 0.1409
vn 0.9157 -0.1749 -0.3618
vn 0.8203 0.2535 0.5127
vn 0.8606 0.2412 0.4486
vn 0.9865 -0.1349 -0.0933
vn 0.8858 -0.4586 0.0707
vn 0.7320 -0.6764 0.0814
vn 0.9048 -0.3153 0.2863
vn 0.8354 -0.5130 0.1972
vn 0.7157 -0.6785 -0.1656
vn 0.7670 -0.6416 -0.0098
vn 0.9680 0.0058 -0.2507
vn 0.7943 -0.5709 -0.2077
vn 0.9592 -0.1380 -0.2466
vn 0.9634 0.2233 -0.1483
vn 0.8900 -0.3148 0.3300
vn 0.8082 0.2391 0.5381
vn 0.9000 -0.1201 0.4189
vn 0.9147 0.0499 0.4010
vn 0.9067 -0.3744 -0.1941
vn 0.8973 0.2092 0.3886
vn 0.8503 -0.5250 -0.0366
vn 0.9248 -0.3785 -0.0381
vn 0.9789 0.0342 0.2017
vn 0.9739 -0.0891 0.2090
vn 0.9798 0.1997 -0.0060
vn 0.9583 -0.2673 0.1008
vn 0.9833 -0.1315 0.1257
vn 0.9983 -0.0480 0.0332
vn 0.9760 0.2066 0.0693
vn 0.9854 -0.1551 -0.0706
vn 0.9982 -0.0482 0.0350
vn 0.9985 0.0338 -0.0438
vn 0.9766 -0.1358 -0.1669
vn 0.9818 0.0187 -0.1892
vn 0.9724 0.1701 -0.1598
vn 0.4813 -0.5381 -0.6919
vn 0.6322 -0.5464 -0.5493
vn 0.3690 -0.8523 -0.3708
vn 0.6956 -0.5798 -0.4242
vn 0.4725 -0.8074 -0.3533
vn 0.8524 -0.5195 -0.0599
vn 0.8575 -0.5053 0.0969
vn 0.8822 -0.4662 0.0659
vn 0.4415 -0.6220 -0.6467
vn 0.7920 -0.4268 -0.4365
vn 0.5834 -0.5470 -0.6003
vn 0.7656 -0.4038 -0.5007
vn 0.8481 -0.1937 -0.4932
vn 0.9373 -0.0000 -0.3484
vn 0.9380 -0.2998 -0.1738
vn 0.9376 -0.3356 0.0912
vn 0.8139 -0.5674 -0.1249
vn 0.4729 -0.7319 -0.4906
vn 0.9993 -0.0307 -0.0197
vn 0.9413 -0.3263 0.0865
vn 0.9816 -0.1837 0.0519
vn 0.5588 -0.2705 -0.7839
vn 0.5106 -0.5409 -0.6683
vn 0.5072 -0.3784 -0.7744
vn 0.7520 -0.3308 -0.5701
vn 0.5770 -0.1298 -0.8064
vn 0.6351 0.0374 -0.7715
vn 0.6713 0.2343 -0.7032
vn 0.6277 -0.6940 -0.3527
vn 0.5957 -0.6552 -0.4646
vn 0.6620 -0.5433 -0.5163
vn 0.6016 -0.4949 -0.6271
vn 0.5721 -0.3259 -0.7526
vn 0.6352 -0.0435 -0.7711
vn 0.6384 0.0315 -0.7690
vn 0.7596 -0.5559 -0.3375
vn 0.7695 -0.4696 -0.4329
vn 0.7741 0.2413 -0.5852
vn 0.7649 -0.0552 -0.6418
vn 0.8922 0.1786 -0.4149
vn 0.8805 -0.2391 -0.4093
vn 0.8979 -0.1739 -0.4044
vn 0.9011 0.0790 -0.4264
vn 0.0087 -0.0070 0.9999
vn 0.8659 -0.0347 -0.4990
vn 0.9254 0.0085 -0.3790
vn -0.2245 0.0867 0.9706
vn -0.3454 0.3497 0.8709
vn -0.2702 0.1070 0.9568
vn -0.2569 0.3934 0.8828
vn -0.2332 0.4381 0.8682
vn -0.1621 0.1501 0.9753
vn -0.0978 0.5202 0.8484
vn 0.0130 0.2205 0.9753
vn -0.0086 0.5158 0.8566
vn 0.2583 -0.0046 0.9660
vn 0.1284 0.2237 0.9662
vn 0.1524 0.4960 0.8548
vn -0.4432 0.7256 0.5265
vn 0.3106 0.3807 0.8710
vn 0.4475 -0.0662 0.8918
vn 0.4188 0.1901 0.8880
vn 0.4193 0.2338 0.8773
vn 0.5013 0.0181 0.8651
vn 0.4986 0.0988 0.8612
vn -0.4593 0.4985 0.7352
vn -0.2974 0.6003 0.7424
vn -0.2568 0.9664 -0.0127
vn -0.3140 0.7415 0.5929
vn -0.4865 0.8688 -0.0917
vn -0.2661 0.9473 -0.1783
vn -0.3049 0.6026 0.7375
vn -0.2857 0.7269 0.6245
vn -0.2426 0.8587 0.4514
vn -0.2653 0.8720 0.4113
vn -0.1123 0.7244 0.6801
vn -0.2340 0.9618 -0.1420
vn -0.1579 0.6292 0.7610
vn -0.1144 0.9822 0.1489
vn -0.1040 0.8466 0.5221
vn 0.0091 0.8570 0.5153
vn -0.1156 0.9718 -0.2053
vn -0.0146 0.7125 0.7015
vn 0.1538 0.9786 0.1366
vn -0.0005 0.9571 0.2898
vn 0.0146 0.9967 -0.0802
vn 0.0942 0.6862 0.7213
vn 0.1575 0.8334 0.5297
vn 0.1334 0.9613 0.2412
vn 0.2037 0.7059 0.6784
vn 0.1483 0.9880 0.0425
vn 0.2687 0.9611 -0.0642
vn 0.4466 0.7249 0.5245
vn 0.3294 0.8555 0.3996
vn 0.4445 0.8775 0.1800
vn 0.4714 0.8798 -0.0608
vn 0.5183 0.6071 0.6023
vn 0.5982 0.7117 0.3682
vn -0.0881 0.9960 0.0112
vn 0.4162 0.7091 0.5691
vn 0.0625 0.9260 -0.3724
vn 0.4586 0.6526 0.6032
vn 0.0087 0.9467 -0.3219
vn 0.1883 0.9821 -0.0103
vn 0.1989 0.8803 -0.4307
vn 0.3545 0.8307 0.4292
vn 0.1242 0.9566 -0.2636
vn 0.3359 0.9134 -0.2299
vn 0.5540 0.8120 0.1839
vn 0.6238 0.5842 0.5192
vn 0.7791 0.3511 0.5193
vn 0.4318 0.8628 -0.2628
vn 0.6783 0.4596 0.5733
vn 0.3032 0.8524 -0.4259
vn 0.5528 0.7514 -0.3603
vn 0.8258 0.5337 0.1824
vn 0.7018 0.6753 0.2267
vn 0.7590 0.3906 0.5210
vn 0.6882 0.7245 0.0392
vn 0.4286 0.7236 -0.5411
vn 0.4735 0.6925 -0.5443
vn 0.4275 0.7587 -0.4916
vn 0.6136 0.6831 -0.3960
vn 0.8228 0.5220 0.2247
vn 0.6699 0.6569 0.3460
vn 0.7705 0.3544 0.5298
vn 0.7794 0.4742 0.4096
vn 0.5735 0.6152 -0.5409
vn 0.4925 0.7898 -0.3656
vn 0.3712 0.5941 0.7136
vn 0.2432 0.5434 0.8035
vn 0.3713 0.6844 0.6275
vn 0.2536 0.8791 0.4035
vn 0.3478 0.5411 0.7657
vn 0.9068 0.4131 0.0845
vn 0.3687 0.6840 0.6294
vn 0.3989 0.7767 0.4874
vn 0.4358 0.7311 0.5249
vn 0.5064 0.6294 0.5895
vn 0.4796 0.7105 0.5149
vn 0.5541 0.7239 0.4109
vn 0.5348 0.7346 0.4175
vn 0.5948 0.5150 0.6172
vn 0.5753 0.6201 0.5335
vn 0.6931 0.5644 0.4483
vn 0.6173 0.6290 0.4725
vn 0.6673 0.5987 0.4430
vn 0.6121 0.7172 0.3329
vn 0.7619 0.5067 0.4035
vn 0.9145 0.3261 0.2394
vn 0.9095 0.3481 0.2274
vn 0.8541 0.5146 -0.0759
vn 0.9122 0.4065 0.0516
vn 0.4599 0.8861 0.0582
vn 0.9122 0.3964 -0.1033
vn 0.7381 0.5975 -0.3133
vn 0.8856 0.3681 -0.2833
vn 0.2835 0.9493 0.1356
vn 0.2934 0.9528 0.0783
vn 0.3674 0.8885 -0.2748
vn 0.4685 0.8019 0.3708
vn 0.6130 0.7882 0.0536
vn 0.4489 0.8927 -0.0393
vn 0.4269 0.8857 -0.1824
vn 0.5618 0.8061 0.1859
vn 0.5879 0.7981 -0.1321
vn 0.6789 0.6749 -0.2892
vn 0.5718 0.7723 -0.2767
vn 0.6081 0.7518 0.2549
vn 0.6683 0.7384 0.0902
vn 0.6787 0.7326 -0.0522
vn 0.6663 0.7291 -0.1561
vn 0.6799 0.7109 -0.1800
vn 0.7539 0.6082 0.2483
vn 0.6103 0.7349 -0.2956
vn 0.6719 0.6582 0.3397
vn 0.7570 0.6532 -0.0167
vn 0.6704 0.7097 0.2166
vn 0.7463 0.6648 0.0315
vn 0.8646 0.4984 0.0637
vn 0.7523 0.6368 -0.1688
vn 0.7494 0.5966 -0.2873
vn 0.7736 0.6286 0.0795
vn 0.8203 0.5308 -0.2127
vn 0.8513 0.5236 -0.0346
vn 0.9447 0.2975 -0.1377
vn 0.5844 0.7991 0.1412
vn 0.6561 0.6564 -0.3723
vn 0.8408 0.4137 -0.3491
vn 0.7946 0.4702 -0.3840
vn 0.7661 0.5346 0.3568
vn 0.8360 0.3635 -0.4111
vn 0.9238 0.3711 -0.0944
vn 0.6756 0.7364 0.0361
vn 0.7243 0.6106 0.3203
vn 0.6802 0.6187 0.3931
vn 0.5784 0.7465 0.3290
vn 0.5880 0.7744 0.2335
vn 0.5811 0.7463 -0.3245
vn 0.4592 0.6359 -0.6203
vn 0.7606 0.6157 0.2059
vn 0.7933 0.5365 0.2877
vn 0.7114 0.5360 0.4545
vn 0.7733 0.5111 0.3752
vn 0.7214 0.5537 0.4160
vn 0.6587 0.6684 0.3454
vn -0.0015 0.9834 0.1812
vn 0.6340 0.7532 0.1755
vn 0.6154 0.7822 0.0968
vn 0.2799 0.8884 -0.3639
vn 0.2607 0.7773 -0.5726
vn 0.1582 0.8926 -0.4222
vn 0.2234 0.9680 -0.1140
vn 0.3792 0.7985 -0.4675
vn 0.0036 0.9915 0.1297
vn 0.2961 0.9166 -0.2687
vn 0.3516 0.7273 -0.5894
vn 0.6619 0.7322 -0.1606
vn 0.4678 0.7989 -0.3781
vn 0.0977 0.9931 0.0652
vn 0.2182 0.9408 0.2594
vn 0.2329 0.9233 0.3055
vn 0.1944 0.9753 0.1053
vn 0.1727 0.9646 0.1991
vn 0.3231 0.9395 0.1140
vn 0.5464 0.7127 -0.4398
vn 0.7511 0.6327 -0.1886
vn 0.6635 0.5765 -0.4770
vn 0.5814 0.7024 -0.4105
vn 0.6506 0.6291 -0.4254
vn 0.4086 0.8627 0.2979
vn 0.5310 0.8329 0.1559
vn 0.5303 0.8295 0.1753
vn 0.6643 0.1242 0.7371
vn 0.4153 0.8791 0.2340
vn 0.4833 0.8559 0.1839
vn 0.6527 -0.0270 0.7571
vn 0.7700 0.3164 0.5541
vn 0.6304 0.2604 0.7313
vn 0.6478 0.4603 0.6071
vn 0.7630 0.6314 -0.1381
vn 0.6640 0.5962 0.4513
vn 0.6323 0.7060 0.3189
vn 0.7541 0.5956 0.2767
vn 0.7606 0.6398 0.1104
vn 0.6512 0.7486 0.1249
vn 0.9194 0.3933 -0.0075
vn 0.7984 -0.0086 0.6020
vn 0.7608 0.1161 0.6385
vn 0.8887 0.0078 0.4584
vn 0.8832 0.1277 0.4513
vn 0.7812 0.1645 0.6023
vn 0.9029 0.1804 0.3903
vn 0.7659 0.5200 0.3782
vn 0.9236 0.2840 0.2576
vn 0.9026 0.4057 0.1438
vn 0.7801 0.6048 0.1604
vn 0.9048 0.3949 -0.1594
vn 0.9921 -0.0188 0.1238
vn 0.9280 -0.0328 0.3712
vn 0.9383 0.0777 0.3371
vn 0.9033 0.3727 -0.2123
vn 0.9833 0.1822 -0.0023
vn 0.9780 0.1822 -0.1018
vn 0.9890 0.1096 -0.0990
vn 0.7781 0.5043 -0.3745
vn 0.7434 0.6287 -0.2283
vn 0.5344 0.8132 0.2305
vn 0.7331 0.6686 0.1246
vn 0.9577 0.1918 -0.2146
vn 0.8405 0.5406 -0.0363
vn 0.5477 0.8342 0.0636
vn 0.6590 0.7262 -0.1961
vn 0.6591 0.7267 -0.1937
vn 0.7867 0.6167 0.0289
vn 0.5339 0.8450 -0.0288
vn 0.9696 0.2153 0.1164
vn 0.8955 0.4448 -0.0117
vn 0.6907 0.6919 0.2101
vn 0.6652 0.7357 0.1274
vn 0.6961 0.7172 0.0326
vn 0.6797 0.7319 -0.0486
vn 0.6258 0.7723 -0.1094
vn 0.6573 0.7056 0.2648
vn 0.8041 0.5775 -0.1409
vn 0.6246 0.7551 -0.1993
vn 0.7391 0.6093 0.2871
vn 0.6923 0.6426 0.3284
vn 0.6082 0.6407 0.4687
vn 0.6396 0.6847 0.3496
vn 0.6864 0.6961 0.2105
vn 0.6603 0.7508 -0.0177
vn 0.5736 0.8061 0.1454
vn 0.5750 0.6343 0.5168
vn 0.3548 0.9135 -0.1993
vn 0.4814 0.7501 0.4535
vn 0.3050 0.9099 0.2813
vn 0.4228 0.8916 0.1620
vn 0.3822 0.9197 -0.0894
vn 0.6100 0.7686 0.1925
vn 0.4209 0.7871 0.4509
vn 0.7486 0.6240 0.2243
vn 0.4319 0.7931 0.4295
vn 0.4513 0.8700 0.1985
vn 0.4437 0.8879 0.1215
vn 0.5588 0.8062 -0.1943
vn 0.6136 0.6314 0.4742
vn 0.5384 0.6541 0.5313
vn 0.4951 0.7868 0.3685
vn 0.6021 0.7679 0.2188
vn 0.5279 0.8088 0.2593
vn 0.7593 0.6010 0.2495
vn 0.7748 0.4214 0.4714
vn 0.7486 0.4780 0.4596
vn 0.6782 0.5299 0.5091
vn 0.6249 0.6710 0.3990
vn 0.5203 0.8238 -0.2252
vn 0.6894 0.6720 0.2703
vn 0.5896 0.8021 0.0951
vn 0.8860 0.3196 0.3360
vn 0.9006 0.3727 0.2238
vn 0.8904 0.4532 0.0416
vn 0.8892 0.4415 -0.1201
vn 0.3410 0.8093 -0.4782
vn 0.2891 0.8673 -0.4052
vn 0.8574 0.4147 0.3049
vn 0.6039 0.7944 0.0642
vn 0.7993 0.5578 0.2234
vn 0.7635 0.5156 0.3890
vn 0.3197 0.8828 -0.3442
vn 0.8539 0.4848 0.1894
vn 0.8523 0.5181 0.0721
vn 0.3046 0.8008 -0.5157
vn 0.5455 0.7185 -0.4316
vn 0.6784 0.5817 -0.4487
vn 0.8266 0.3712 -0.4230
vn 0.8337 0.4947 -0.2455
vn 0.8706 0.4917 0.0182
vn 0.9792 0.1017 -0.1755
vn 0.9526 0.2567 0.1633
vn 0.5101 0.5950 -0.6211
vn 0.9791 0.0772 0.1884
vn 0.8663 0.4783 0.1440
vn 0.9681 0.2163 0.1264
vn 0.9393 0.3217 0.1188
vn 0.4375 0.8072 -0.3963
vn 0.7110 0.2608 -0.6530
vn 0.4642 0.6294 -0.6232
vn 0.7533 0.5882 -0.2942
vn 0.5446 0.7881 -0.2868
vn 0.5304 0.6742 -0.5140
vn 0.6084 0.3734 -0.7003
vn -0.0011 -0.9806 -0.1961
vn 0.6427 0.6801 -0.3528
vn 0.5948 0.6437 -0.4816
vn 0.7499 0.3449 -0.5645
vn 0.6530 0.4006 -0.6428
vn 0.8845 0.3558 -0.3018
vn 0.8749 0.3317 -0.3530
vn 0.7804 0.4165 -0.4664
vn -0.0010 -0.9415 -0.3370
vn 0.2022 -0.9580 -0.2035
vn 0.1968 -0.7664 -0.6115
vn 0.2350 -0.8794 -0.4140
vn 0.3059 -0.9519 0.0173
vn 0.3147 -0.9323 -0.1782
vn 0.4073 -0.8830 -0.2330
vn 0.3987 -0.8574 -0.3255
vn 0.5166 -0.8530 -0.0741
vn 0.0001 -0.7555 -0.6552
vn 0.0253 -0.6264 -0.7791
vn 0.0993 -0.7845 -0.6121
vn 0.2089 -0.6111 -0.7634
vn 0.4616 -0.6159 -0.6385
vn 0.3687 -0.7759 -0.5119
vn 0.2918 -0.7532 -0.5896
vn 0.3207 -0.6745 -0.6650
vn 0.5017 -0.7695 -0.3952
vn 0.4450 -0.5764 -0.6853
vn 0.6149 -0.7621 -0.2028
vn 0.5883 -0.4977 -0.6373
vn 0.6577 -0.7532 0.0105
vn 0.6094 -0.2067 -0.7655
vn 0.6497 -0.5401 -0.5350
vn 0.6454 -0.4160 -0.6407
vn 0.6547 -0.3443 -0.6729
vn 0.7650 -0.6440 0.0051
vn 0.6112 -0.0942 -0.7858
vn 0.7246 -0.5801 -0.3721
vn 0.7805 -0.6149 -0.1133
vn 0.7497 -0.6335 -0.1915
vn 0.7489 -0.6356 -0.1874
vn 0.7848 -0.5763 -0.2281
vn 0.7682 -0.2061 -0.6061
vn 0.7566 -0.5006 -0.4206
vn 0.7540 -0.3812 -0.5349
vn 0.7469 -0.2955 -0.5956
vn 0.0073 -0.5112 -0.8594
vn 0.7878 -0.0851 -0.6101
vn 0.4018 -0.3083 -0.8623
vn 0.0384 -0.2972 -0.9540
vn 0.1209 -0.4919 -0.8622
vn 0.1082 -0.3099 -0.9446
vn 0.2848 -0.4024 -0.8700
vn 0.2290 -0.2139 -0.9497
vn 0.3195 -0.3995 -0.8593
vn 0.3404 -0.0964 -0.9353
vn 0.5012 -0.0924 -0.8604
vn 0.5277 -0.3595 -0.7696
vn 0.8605 -0.0900 -0.5015
vn 0.8614 -0.5073 0.0270
vn 0.8510 -0.5097 -0.1266
vn 0.8493 -0.4951 -0.1834
vn 0.8817 -0.3956 -0.2571
vn 0.8726 -0.3893 -0.2949
vn 0.8742 -0.3177 -0.3673
vn 0.2011 0.7647 -0.6122
vn 0.9424 -0.3339 -0.0177
vn 0.9829 -0.1513 -0.1052
vn 0.9429 -0.1823 -0.2788
vn -0.0041 0.6399 -0.7685
vn -0.0015 0.7549 -0.6559
vn 0.0869 0.7863 -0.6117
vn 0.1244 0.6092 -0.7832
vn 0.2952 0.6389 -0.7104
vn 0.2046 0.6460 -0.7354
vn 0.3118 0.7402 -0.5958
vn 0.6128 0.7650 -0.1983
vn 0.4557 0.5803 -0.6750
vn 0.3997 0.5089 -0.7624
vn 0.5589 0.4757 -0.6792
vn 0.5296 0.6008 -0.5988
vn 0.5080 0.5789 -0.6377
vn 0.6114 0.7864 -0.0886
vn 0.6646 0.4406 -0.6035
vn 0.6601 0.6794 -0.3204
vn 0.5896 0.7533 -0.2915
vn 0.6836 0.5700 -0.4558
vn 0.5956 0.6395 -0.4860
vn 0.7554 0.6172 -0.2199
vn 0.6547 0.5426 -0.5263
vn 0.5984 0.2997 -0.7430
vn 0.6541 0.7564 -0.0027
vn 0.7870 0.6085 -0.1016
vn 0.7680 0.2084 -0.6056
vn 0.7872 0.0974 -0.6089
vn 0.0907 0.8569 -0.5075
vn 0.7514 0.2922 -0.5917
vn 0.6672 0.3488 -0.6581
vn 0.7499 0.0013 -0.6616
vn 0.6662 0.0024 -0.7457
vn -0.0171 0.9841 -0.1771
vn -0.0161 0.9430 -0.3325
vn -0.0224 0.8693 -0.4937
vn 0.0975 0.9910 -0.0920
vn -0.0175 0.5029 -0.8642
vn 0.1535 0.9827 -0.1038
vn 0.1745 0.9400 -0.2933
vn 0.3499 0.9368 0.0047
vn 0.4141 0.8802 -0.2321
vn 0.3191 0.8567 -0.4052
vn 0.4865 0.8737 0.0043
vn 0.4801 0.8578 -0.1835
vn 0.5106 0.7767 -0.3688
vn 0.1219 0.5077 -0.8528
vn 0.0158 0.2999 -0.9538
vn 0.1060 0.1084 -0.9884
vn 0.0875 0.2937 -0.9519
vn 0.4998 0.0917 -0.8613
vn 0.2866 0.3959 -0.8724
vn 0.2359 -0.0069 -0.9718
vn 0.2588 0.2013 -0.9447
vn 0.3626 0.3171 -0.8763
vn 0.3825 0.5105 -0.7701
vn 0.2960 -0.0089 -0.9552
vn 0.4923 0.4066 -0.7696
vn 0.8616 0.0884 -0.4998
vn 0.8507 0.5180 -0.0889
vn 0.8687 0.2922 -0.3999
vn 0.8645 0.3048 -0.3996
vn 0.8569 0.3931 -0.3335
vn 0.9821 0.1882 0.0002
vn 0.7716 0.3565 -0.5269
vn 0.9995 0.0184 0.0256
vn 0.9412 0.3375 -0.0178
vn 0.9940 -0.0123 -0.1083
vn 0.9856 0.1022 -0.1350
vn 0.9481 0.2508 -0.1956
vn 0.9345 0.3065 -0.1811
vn 0.9454 0.1343 -0.2970
vn 0.9408 0.0863 -0.3279
s 0
f 5//1 3//1 7//1
f 18//2 15//2 16//2
f 11//3 24//3 8//3
f 25//4 24//4 11//4
f 25//5 11//5 14//5
f 26//6 25//6 17//6
f 17//7 25//7 14//7
f 26//8 17//8 27//8
f 33//9 31//9 30//9
f 40//10 36//10 37//10
f 16//11 13//11 34//11
f 16//12 34//12 42//12
f 40//13 41//13 30//13
f 32//14 47//14 29//14
f 34//15 55//15 58//15
f 59//16 39//16 43//16
f 60//17 65//17 66//17
f 20//18 28//18 19//18
f 71//19 62//19 70//19
f 69//20 70//20 72//20
f 63//21 72//21 62//21
f 74//22 63//22 76//22
f 76//23 63//23 64//23
f 76//24 64//24 66//24
f 78//25 65//25 79//25
f 32//26 31//26 80//26
f 92//27 91//27 32//27
f 93//28 80//28 33//28
f 108//29 92//29 80//29
f 64//30 94//30 100//30
f 97//31 98//31 82//31
f 81//32 100//32 97//32
f 83//33 82//33 99//33
f 60//34 66//34 100//34
f 89//35 84//35 103//35
f 104//36 20//36 48//36
f 71//37 20//37 104//37
f 62//38 71//38 94//38
f 105//39 90//39 107//39
f 108//40 106//40 92//40
f 94//41 105//41 97//41
f 109//42 108//42 110//42
f 116//43 102//43 115//43
f 123//44 121//44 120//44
f 128//45 129//45 120//45
f 121//46 130//46 127//46
f 122//47 131//47 121//47
f 132//48 131//48 122//48
f 128//49 127//49 134//49
f 130//50 135//50 133//50
f 131//51 136//51 135//51
f 136//52 142//52 135//52
f 137//53 142//53 136//53
f 137//54 136//54 131//54
f 149//55 142//55 137//55
f 117//56 143//56 144//56
f 146//57 138//57 150//57
f 145//58 141//58 148//58
f 148//59 141//59 142//59
f 153//60 148//60 142//60
f 154//61 157//61 188//61
f 161//62 159//62 156//62
f 161//63 156//63 188//63
f 162//64 160//64 158//64
f 164//65 159//65 161//65
f 165//66 160//66 162//66
f 165//67 168//67 164//67
f 167//68 171//68 166//68
f 169//69 173//69 168//69
f 179//70 175//70 176//70
f 172//71 176//71 171//71
f 177//72 173//72 169//72
f 119//73 117//73 174//73
f 180//74 176//74 181//74
f 172//75 181//75 176//75
f 182//76 173//76 177//76
f 3//77 187//77 6//77
f 6//78 187//78 189//78
f 155//79 154//79 190//79
f 190//80 154//80 1//80
f 184//81 183//81 193//81
f 193//82 194//82 185//82
f 185//83 184//83 193//83
f 185//84 194//84 195//84
f 186//85 156//85 205//85
f 188//86 156//86 186//86
f 189//87 187//87 197//87
f 189//88 197//88 198//88
f 125//89 126//89 200//89
f 201//90 192//90 205//90
f 193//91 201//91 202//91
f 193//92 192//92 201//92
f 193//93 202//93 194//93
f 196//94 204//94 206//94
f 196//95 206//95 207//95
f 198//96 197//96 207//96
f 208//97 132//97 122//97
f 208//98 122//98 199//98
f 202//99 201//99 211//99
f 210//100 205//100 163//100
f 212//101 144//101 132//101
f 212//102 208//102 211//102
f 209//103 163//103 166//103
f 213//104 144//104 214//104
f 214//105 144//105 212//105
f 174//106 213//106 214//106
f 218//107 22//107 217//107
f 23//108 218//108 219//108
f 23//109 22//109 218//109
f 221//110 24//110 25//110
f 223//111 26//111 27//111
f 219//112 218//112 225//112
f 227//113 220//113 24//113
f 224//114 162//114 158//114
f 224//115 158//115 215//115
f 230//116 224//116 225//116
f 228//117 233//117 227//117
f 234//118 228//118 229//118
f 230//119 236//119 237//119
f 236//120 231//120 238//120
f 236//121 230//121 231//121
f 232//122 239//122 238//122
f 238//123 231//123 232//123
f 228//124 240//124 233//124
f 237//125 243//125 235//125
f 249//126 242//126 248//126
f 250//127 238//127 239//127
f 257//128 246//128 247//128
f 237//129 253//129 243//129
f 254//130 260//130 253//130
f 261//131 255//131 251//131
f 258//132 262//132 257//132
f 155//133 190//133 50//133
f 7//134 263//134 52//134
f 7//135 191//135 263//135
f 265//136 216//136 155//136
f 265//137 50//137 266//137
f 266//138 50//138 51//138
f 53//139 52//139 268//139
f 53//140 268//140 269//140
f 269//141 264//141 270//141
f 21//142 265//142 54//142
f 56//143 55//143 54//143
f 57//144 267//144 52//144
f 271//145 53//145 269//145
f 272//146 223//146 68//146
f 68//147 223//147 27//147
f 69//148 272//148 68//148
f 69//149 273//149 272//149
f 274//150 75//150 275//150
f 276//151 78//151 277//151
f 283//152 276//152 284//152
f 286//153 278//153 280//153
f 283//154 288//154 282//154
f 242//155 234//155 286//155
f 279//156 289//156 286//156
f 283//157 291//157 288//157
f 289//158 248//158 242//158
f 288//159 293//159 290//159
f 293//160 296//160 290//160
f 298//161 293//161 294//161
f 307//162 303//162 297//162
f 304//163 307//163 297//163
f 111//164 310//164 113//164
f 111//165 112//165 311//165
f 312//166 310//166 311//166
f 116//167 115//167 313//167
f 312//168 311//168 314//168
f 315//169 312//169 314//169
f 317//170 316//170 318//170
f 320//171 118//171 117//171
f 119//172 320//172 117//172
f 320//173 324//173 321//173
f 322//174 325//174 324//174
f 324//175 326//175 323//175
f 330//176 327//176 328//176
f 333//177 326//177 329//177
f 327//178 330//178 334//178
f 332//179 335//179 336//179
f 341//180 340//180 334//180
f 373//181 335//181 342//181
f 145//182 151//182 344//182
f 150//183 145//183 344//183
f 153//184 152//184 148//184
f 345//185 346//185 347//185
f 344//186 151//186 348//186
f 321//187 153//187 118//187
f 346//188 351//188 352//188
f 348//189 353//189 354//189
f 353//190 349//190 355//190
f 349//191 353//191 348//191
f 355//192 349//192 350//192
f 323//193 326//193 357//193
f 323//194 357//194 355//194
f 354//195 361//195 358//195
f 360//196 365//196 366//196
f 361//197 362//197 368//197
f 368//198 362//198 363//198
f 374//199 363//199 331//199
f 370//200 364//200 369//200
f 368//201 372//201 371//201
f 371//202 367//202 368//202
f 374//203 331//203 373//203
f 319//204 316//204 370//204
f 1085//205 369//205 371//205
f 375//206 374//206 377//206
f 379//207 119//207 178//207
f 179//208 180//208 381//208
f 180//209 181//209 382//209
f 386//210 119//210 379//210
f 379//211 380//211 387//211
f 387//212 380//212 381//212
f 387//213 381//213 382//213
f 383//214 387//214 382//214
f 383//215 384//215 390//215
f 322//216 386//216 325//216
f 394//217 392//217 325//217
f 388//218 395//218 394//218
f 389//219 396//219 388//219
f 393//220 400//220 392//220
f 393//221 392//221 394//221
f 395//222 400//222 393//222
f 402//223 401//223 395//223
f 403//224 402//224 397//224
f 400//225 405//225 334//225
f 407//226 400//226 395//226
f 403//227 408//227 402//227
f 408//228 411//228 406//228
f 412//229 411//229 408//229
f 409//230 412//230 403//230
f 343//231 410//231 415//231
f 415//232 410//232 413//232
f 411//233 416//233 414//233
f 260//234 418//234 259//234
f 419//235 418//235 260//235
f 430//236 419//236 420//236
f 424//237 422//237 423//237
f 391//238 385//238 418//238
f 428//239 418//239 419//239
f 424//240 434//240 422//240
f 436//241 435//241 438//241
f 423//242 425//242 437//242
f 432//243 431//243 444//243
f 444//244 431//244 435//244
f 448//245 439//245 442//245
f 442//246 439//246 440//246
f 449//247 442//247 443//247
f 444//248 449//248 443//248
f 448//249 454//249 404//249
f 456//250 442//250 449//250
f 450//251 456//251 449//251
f 460//252 454//252 448//252
f 455//253 460//253 448//253
f 456//254 461//254 455//254
f 462//255 456//255 463//255
f 458//256 464//256 457//256
f 459//257 466//257 409//257
f 461//258 468//258 460//258
f 465//259 469//259 464//259
f 466//260 417//260 412//260
f 467//261 470//261 459//261
f 306//262 425//262 262//262
f 307//263 477//263 303//263
f 474//264 425//264 306//264
f 480//265 425//265 474//265
f 483//266 477//266 478//266
f 478//267 484//267 490//267
f 480//268 446//268 437//268
f 447//269 438//269 486//269
f 475//270 487//270 474//270
f 498//271 480//271 487//271
f 481//272 487//272 475//272
f 488//273 487//273 481//273
f 485//274 493//274 492//274
f 447//275 486//275 495//275
f 496//276 453//276 495//276
f 488//277 498//277 487//277
f 499//278 498//278 488//278
f 489//279 499//279 488//279
f 502//280 499//280 489//280
f 491//281 502//281 489//281
f 503//282 502//282 491//282
f 494//283 505//283 493//283
f 496//284 458//284 453//284
f 508//285 501//285 509//285
f 503//286 509//286 502//286
f 465//287 464//287 512//287
f 511//288 517//288 510//288
f 519//289 465//289 512//289
f 513//290 519//290 512//290
f 523//291 515//291 516//291
f 517//292 524//292 516//292
f 518//293 473//293 472//293
f 532//294 513//294 506//294
f 30//295 534//295 535//295
f 540//296 534//296 538//296
f 542//297 536//297 537//297
f 543//298 536//298 542//298
f 96//299 93//299 543//299
f 546//300 96//300 545//300
f 549//301 548//301 550//301
f 120//302 551//302 547//302
f 554//303 548//303 553//303
f 551//304 556//304 552//304
f 553//305 557//305 554//305
f 555//306 554//306 559//306
f 140//307 560//307 556//307
f 556//308 561//308 557//308
f 560//309 565//309 561//309
f 561//310 566//310 562//310
f 568//311 563//311 562//311
f 560//312 147//312 570//312
f 566//313 571//313 567//313
f 569//314 568//314 712//314
f 198//315 573//315 574//315
f 200//316 549//316 577//316
f 577//317 549//317 578//317
f 578//318 549//318 550//318
f 204//319 200//319 577//319
f 579//320 577//320 578//320
f 207//321 580//321 582//321
f 578//322 589//322 590//322
f 579//323 578//323 591//323
f 581//324 592//324 580//324
f 593//325 581//325 591//325
f 583//326 592//326 581//326
f 584//327 593//327 594//327
f 585//328 595//328 587//328
f 589//329 555//329 559//329
f 590//330 598//330 591//330
f 590//331 597//331 599//331
f 601//332 598//332 590//332
f 595//333 601//333 600//333
f 599//334 597//334 602//334
f 599//335 602//335 603//335
f 600//336 599//336 603//336
f 604//337 600//337 603//337
f 606//338 602//338 605//338
f 603//339 602//339 606//339
f 603//340 606//340 607//340
f 607//341 606//341 611//341
f 612//342 596//342 613//342
f 604//343 608//343 613//343
f 608//344 616//344 615//344
f 616//345 608//345 767//345
f 271//346 270//346 619//346
f 38//347 271//347 619//347
f 38//348 619//348 620//348
f 538//349 38//349 620//349
f 540//350 539//350 630//350
f 541//351 540//351 622//351
f 622//352 540//352 630//352
f 625//353 575//353 624//353
f 270//354 623//354 625//354
f 619//355 270//355 625//355
f 626//356 624//356 576//356
f 626//357 576//357 627//357
f 628//358 621//358 626//358
f 628//359 629//359 631//359
f 630//360 628//360 631//360
f 635//361 633//361 634//361
f 627//362 588//362 636//362
f 632//363 638//363 631//363
f 635//364 638//364 640//364
f 640//365 638//365 639//365
f 588//366 612//366 636//366
f 644//367 639//367 643//367
f 642//368 641//368 645//368
f 643//369 642//369 645//369
f 652//370 647//370 651//370
f 648//371 652//371 653//371
f 655//372 651//372 654//372
f 656//373 652//373 655//373
f 649//374 653//374 657//374
f 544//375 537//375 622//375
f 545//376 661//376 658//376
f 546//377 545//377 658//377
f 311//378 112//378 546//378
f 659//379 633//379 635//379
f 658//380 661//380 662//380
f 314//381 311//381 663//381
f 659//382 635//382 664//382
f 666//383 664//383 665//383
f 661//384 660//384 667//384
f 667//385 660//385 664//385
f 662//386 668//386 663//386
f 666//387 672//387 664//387
f 673//388 640//388 671//388
f 662//389 667//389 675//389
f 676//390 668//390 674//390
f 669//391 668//391 677//391
f 666//392 679//392 672//392
f 673//393 679//393 666//393
f 684//394 679//394 673//394
f 675//395 679//395 680//395
f 676//396 674//396 682//396
f 699//397 684//397 673//397
f 684//398 685//398 679//398
f 674//399 680//399 682//399
f 701//400 688//400 684//400
f 681//401 689//401 680//401
f 691//402 690//402 688//402
f 686//403 695//403 687//403
f 691//404 695//404 690//404
f 691//405 688//405 696//405
f 696//406 688//406 694//406
f 671//407 640//407 644//407
f 698//408 646//408 700//408
f 700//409 646//409 649//409
f 701//410 699//410 698//410
f 700//411 649//411 702//411
f 704//412 700//412 702//412
f 703//413 694//413 688//413
f 706//414 1383//414 707//414
f 565//415 570//415 709//415
f 565//416 709//416 710//416
f 712//417 572//417 711//417
f 714//418 345//418 347//418
f 710//419 709//419 715//419
f 717//420 571//420 716//420
f 712//421 718//421 719//421
f 723//422 715//422 722//422
f 729//423 717//423 724//423
f 726//424 719//424 725//424
f 723//425 722//425 728//425
f 724//426 723//426 728//426
f 356//427 360//427 730//427
f 732//428 731//428 730//428
f 733//429 722//429 731//429
f 728//430 722//430 733//430
f 738//431 730//431 366//431
f 732//432 730//432 738//432
f 734//433 733//433 740//433
f 735//434 734//434 742//434
f 744//435 736//435 743//435
f 737//436 744//436 745//436
f 746//437 737//437 745//437
f 739//438 706//438 747//438
f 750//439 743//439 749//439
f 745//440 744//440 750//440
f 755//441 750//441 754//441
f 1401//442 755//442 754//442
f 757//443 713//443 720//443
f 720//444 727//444 758//444
f 761//445 746//445 745//445
f 763//446 761//446 751//446
f 762//447 761//447 763//447
f 751//448 756//448 764//448
f 767//449 607//449 766//449
f 767//450 771//450 616//450
f 767//451 766//451 771//451
f 768//452 616//452 771//452
f 771//453 773//453 774//453
f 772//454 768//454 774//454
f 769//455 772//455 775//455
f 759//456 760//456 776//456
f 773//457 776//457 777//457
f 778//458 774//458 777//458
f 777//459 781//459 778//459
f 781//460 776//460 762//460
f 786//461 762//461 763//461
f 784//462 781//462 787//462
f 782//463 784//463 788//463
f 783//464 788//464 789//464
f 785//465 783//465 789//465
f 786//466 763//466 765//466
f 790//467 787//467 1466//467
f 784//468 790//468 791//468
f 654//469 792//469 793//469
f 653//470 656//470 794//470
f 794//471 797//471 798//471
f 795//472 796//472 799//472
f 797//473 795//473 799//473
f 801//474 780//474 783//474
f 796//475 801//475 802//475
f 797//476 804//476 800//476
f 805//477 801//477 785//477
f 802//478 801//478 805//478
f 805//479 785//479 789//479
f 804//480 809//480 810//480
f 807//481 805//481 811//481
f 809//482 808//482 1492//482
f 815//483 813//483 814//483
f 818//484 814//484 817//484
f 816//485 815//485 814//485
f 702//486 657//486 820//486
f 703//487 821//487 694//487
f 703//488 705//488 821//488
f 657//489 798//489 822//489
f 820//490 822//490 824//490
f 821//491 825//491 812//491
f 821//492 823//492 825//492
f 812//493 825//493 826//493
f 819//494 818//494 827//494
f 822//495 800//495 828//495
f 827//496 826//496 830//496
f 828//497 800//497 832//497
f 833//498 829//498 824//498
f 825//499 835//499 826//499
f 830//500 826//500 835//500
f 833//501 832//501 836//501
f 832//502 839//502 836//502
f 837//503 834//503 841//503
f 806//504 810//504 843//504
f 840//505 844//505 841//505
f 838//506 842//506 846//506
f 67//507 61//507 847//507
f 849//508 847//508 850//508
f 61//509 87//509 851//509
f 851//510 87//510 852//510
f 88//511 89//511 853//511
f 852//512 88//512 854//512
f 860//513 855//513 857//513
f 856//514 861//514 862//514
f 865//515 857//515 862//515
f 866//516 863//516 858//516
f 849//517 867//517 847//517
f 867//518 285//518 277//518
f 850//519 868//519 849//519
f 868//520 850//520 863//520
f 869//521 292//521 283//521
f 873//522 869//522 870//522
f 871//523 873//523 870//523
f 874//524 871//524 872//524
f 292//525 294//525 291//525
f 876//526 292//526 873//526
f 874//527 877//527 873//527
f 875//528 877//528 874//528
f 876//529 879//529 292//529
f 882//530 881//530 875//530
f 305//531 299//531 878//531
f 305//532 878//532 879//532
f 884//533 880//533 881//533
f 305//534 309//534 308//534
f 883//535 309//535 305//535
f 887//536 884//536 885//536
f 865//537 890//537 857//537
f 888//538 313//538 894//538
f 899//539 893//539 894//539
f 901//540 889//540 893//540
f 904//541 895//541 896//541
f 903//542 908//542 902//542
f 906//543 911//543 905//543
f 882//544 909//544 910//544
f 908//545 916//545 907//545
f 882//546 885//546 881//546
f 914//547 917//547 912//547
f 916//548 918//548 915//548
f 919//549 916//549 908//549
f 913//550 919//550 908//550
f 918//551 922//551 917//551
f 923//552 916//552 919//552
f 925//553 923//553 926//553
f 920//554 928//554 885//554
f 929//555 921//555 922//555
f 930//556 929//556 931//556
f 932//557 918//557 923//557
f 954//558 932//558 925//558
f 925//559 932//559 923//559
f 926//560 927//560 957//560
f 309//561 479//561 478//561
f 886//562 479//562 883//562
f 479//563 485//563 484//563
f 934//564 479//564 886//564
f 937//565 494//565 493//565
f 939//566 941//566 938//566
f 940//567 511//567 505//567
f 942//568 943//568 939//568
f 945//569 940//569 941//569
f 943//570 945//570 941//570
f 525//571 517//571 945//571
f 953//572 952//572 929//572
f 930//573 953//573 929//573
f 954//556 930//556 931//556
f 955//574 954//574 956//574
f 933//575 957//575 958//575
f 959//576 951//576 952//576
f 953//577 959//577 952//577
f 955//578 961//578 930//578
f 938//579 936//579 959//579
f 960//580 939//580 959//580
f 965//581 942//581 939//581
f 966//582 969//582 965//582
f 971//583 967//583 962//583
f 965//584 944//584 942//584
f 972//585 970//585 967//585
f 969//586 973//586 944//586
f 973//587 949//587 944//587
f 974//588 976//588 975//588
f 968//589 971//589 962//589
f 971//590 972//590 967//590
f 968//591 979//591 971//591
f 972//592 974//592 970//592
f 985//593 984//593 980//593
f 981//594 985//594 980//594
f 983//595 985//595 981//595
f 894//596 313//596 315//596
f 894//597 315//597 898//597
f 670//598 678//598 987//598
f 678//599 683//599 988//599
f 989//600 913//600 903//600
f 991//601 989//601 990//601
f 988//602 683//602 687//602
f 991//603 992//603 989//603
f 988//604 687//604 993//604
f 995//605 993//605 693//605
f 996//606 994//606 993//606
f 996//607 993//607 995//607
f 992//608 924//608 919//608
f 927//609 924//609 997//609
f 693//610 998//610 995//610
f 1001//611 997//611 996//611
f 1002//612 927//612 997//612
f 998//613 697//613 816//613
f 998//614 816//614 1003//614
f 1006//615 1002//615 1001//615
f 1010//616 1001//616 1005//616
f 1004//617 1008//617 1009//617
f 1006//618 1011//618 1002//618
f 1013//619 1003//619 819//619
f 1015//620 1009//620 1014//620
f 1018//621 1012//621 1015//621
f 1019//622 964//622 1007//622
f 1019//623 1007//623 1011//623
f 1015//624 1014//624 1021//624
f 1017//625 1024//625 1016//625
f 1015//626 1021//626 1022//626
f 1018//627 1022//627 1023//627
f 1017//628 1025//628 1024//628
f 1017//629 1023//629 1025//629
f 1023//630 1026//630 1028//630
f 819//631 831//631 1031//631
f 1014//632 1013//632 1031//632
f 1031//633 831//633 1032//633
f 1021//634 1033//634 1034//634
f 1032//635 838//635 1035//635
f 1033//636 1036//636 1037//636
f 1027//637 1034//637 1037//637
f 1027//638 1037//638 1030//638
f 978//639 964//639 1019//639
f 1039//640 1020//640 1024//640
f 1040//641 982//641 978//641
f 1040//642 978//642 1038//642
f 1039//643 1040//643 1038//643
f 1025//644 1041//644 1039//644
f 1042//645 1040//645 1039//645
f 986//646 983//646 1040//646
f 318//647 316//647 1045//647
f 1047//648 1045//648 1049//648
f 1044//649 1048//649 1049//649
f 1049//650 1052//650 1050//650
f 1051//651 1047//651 1053//651
f 1053//652 1056//652 1055//652
f 1055//653 1056//653 1057//653
f 1055//654 1057//654 1058//654
f 1060//655 342//655 1059//655
f 1059//656 339//656 1061//656
f 1063//657 341//657 1064//657
f 1064//658 341//658 343//658
f 1061//659 1067//659 1066//659
f 1064//660 1068//660 1062//660
f 1070//661 1066//661 1069//661
f 1066//662 1067//662 1069//662
f 1072//663 1068//663 1065//663
f 1073//664 1067//664 1071//664
f 1071//665 1068//665 1074//665
f 1072//666 1074//666 1068//666
f 1076//667 1070//667 1075//667
f 1071//668 1074//668 1078//668
f 1079//669 1081//669 1078//669
f 1078//670 1081//670 1083//670
f 319//671 369//671 1085//671
f 376//672 1085//672 372//672
f 376//673 1084//673 1085//673
f 1060//674 376//674 377//674
f 1086//675 376//675 1087//675
f 1086//676 1084//676 376//676
f 1048//677 1086//677 1052//677
f 1090//678 1088//678 1070//678
f 1089//679 1092//679 1091//679
f 1089//680 1091//680 1086//680
f 1090//681 1070//681 1094//681
f 1094//682 1093//682 1092//682
f 1057//683 1056//683 1095//683
f 1091//684 1096//684 1095//684
f 1093//685 1096//685 1091//685
f 1057//686 1098//686 1208//686
f 1058//687 1057//687 1208//687
f 1208//688 1098//688 1099//688
f 1096//689 1100//689 1099//689
f 1096//690 1099//690 1095//690
f 1097//691 1080//691 1101//691
f 1106//692 1104//692 416//692
f 1107//693 378//693 417//693
f 1105//694 1107//694 417//694
f 1111//695 1120//695 1104//695
f 1107//696 1108//696 1106//696
f 1109//697 1107//697 1105//697
f 1112//698 1111//698 1108//698
f 1109//699 1113//699 1108//699
f 1112//700 1115//700 1110//700
f 1116//701 1112//701 1113//701
f 1065//702 1064//702 415//702
f 1120//703 415//703 1104//703
f 1072//704 1120//704 1110//704
f 1072//705 1065//705 1120//705
f 1121//706 1079//706 1074//706
f 1122//707 1121//707 1110//707
f 1115//708 1124//708 1122//708
f 1118//709 1235//709 1115//709
f 1125//710 1119//710 1117//710
f 1114//711 1109//711 1127//711
f 1105//712 417//712 466//712
f 468//713 1128//713 467//713
f 1129//714 468//714 471//714
f 1126//715 1105//715 470//715
f 1132//716 1131//716 1133//716
f 1135//717 1136//717 1134//717
f 1137//718 1130//718 1131//718
f 1140//719 1138//719 1132//719
f 1142//720 1127//720 1137//720
f 1143//721 1137//721 1139//721
f 1144//722 1140//722 1141//722
f 1144//723 1146//723 1140//723
f 1141//724 1170//724 1144//724
f 1145//725 1143//725 1139//725
f 1140//726 1150//726 1139//726
f 1147//727 1146//727 1144//727
f 1148//728 1117//728 1142//728
f 1152//729 1146//729 1147//729
f 1152//730 1151//730 1146//730
f 1152//731 1147//731 1181//731
f 527//732 1153//732 526//732
f 529//733 1155//733 528//733
f 1135//734 473//734 1153//734
f 527//735 1156//735 1153//735
f 1157//736 529//736 530//736
f 1161//737 1160//737 1156//737
f 1161//738 1156//738 1154//738
f 1157//739 1161//739 1154//739
f 1163//740 1136//740 1159//740
f 1160//741 1164//741 1159//741
f 1161//742 1165//742 1160//742
f 1169//743 1168//743 1167//743
f 1171//744 1164//744 1165//744
f 1173//745 1166//745 1167//745
f 1168//746 1173//746 1167//746
f 1175//747 1170//747 1163//747
f 1171//748 1175//748 1163//748
f 1176//749 1171//749 1172//749
f 1175//750 1181//750 1170//750
f 1182//751 1176//751 1177//751
f 1186//752 1175//752 1182//752
f 1183//753 1189//753 1182//753
f 1179//754 1184//754 1178//754
f 1192//755 1184//755 1179//755
f 1192//756 1179//756 1180//756
f 1183//757 1193//757 1189//757
f 1196//758 1191//758 1192//758
f 1197//759 1196//759 1192//759
f 1080//760 1082//760 1198//760
f 1082//761 1083//761 1199//761
f 1198//762 1082//762 1199//762
f 1081//763 1200//763 1083//763
f 1198//764 1199//764 1202//764
f 1202//765 1199//765 1203//765
f 1081//766 1201//766 1204//766
f 1203//767 1200//767 1204//767
f 1202//768 1203//768 1205//768
f 1203//769 1204//769 1206//769
f 1205//770 1203//770 1206//770
f 1058//771 1208//771 1209//771
f 1210//772 1208//772 1213//772
f 1100//773 1214//773 1212//773
f 1100//774 1212//774 1099//774
f 1103//775 1214//775 1100//775
f 1216//776 1211//776 1210//776
f 1217//777 1103//777 1102//777
f 1218//778 1213//778 1215//778
f 1218//779 1216//779 1213//779
f 1217//780 1102//780 1219//780
f 1223//781 1218//781 1215//781
f 1223//782 1217//782 1222//782
f 1218//783 1225//783 1226//783
f 1205//784 1221//784 1202//784
f 1222//785 1224//785 1223//785
f 1232//786 1222//786 1219//786
f 1233//787 1231//787 1222//787
f 1123//788 1201//788 1081//788
f 1237//789 1118//789 1119//789
f 1234//790 1201//790 1123//790
f 1238//791 1201//791 1234//791
f 1240//792 1237//792 1125//792
f 1242//793 1241//793 1239//793
f 1243//794 1239//794 1237//794
f 1243//795 1237//795 1240//795
f 1207//796 1205//796 1245//796
f 1242//797 1246//797 1238//797
f 1254//798 1245//798 1247//798
f 1254//799 1252//799 1245//799
f 1255//800 1254//800 1247//800
f 1255//801 1253//801 1249//801
f 1250//802 1256//802 1249//802
f 1251//803 1256//803 1250//803
f 1277//804 1254//804 1255//804
f 1258//805 1257//805 1256//805
f 1261//806 1228//806 1231//806
f 1262//807 1229//807 1261//807
f 1267//808 1232//808 1207//808
f 1252//809 1267//809 1207//809
f 1261//810 1233//810 1269//810
f 1271//811 1263//811 1270//811
f 1275//812 1267//812 1252//812
f 1277//813 1275//813 1252//813
f 1276//814 1270//814 1269//814
f 1279//815 1276//815 1278//815
f 1257//816 1278//816 1277//816
f 1280//817 1257//817 1258//817
f 1281//818 1279//818 1278//818
f 1272//819 1279//819 1282//819
f 1280//820 1258//820 1305//820
f 1283//821 1282//821 1281//821
f 1285//822 1149//822 1150//822
f 1287//823 1286//823 1146//823
f 1151//824 1287//824 1146//824
f 1289//825 1151//825 1152//825
f 1289//826 1288//826 1151//826
f 1290//827 1285//827 1286//827
f 1290//828 1286//828 1287//828
f 1291//829 1287//829 1151//829
f 1288//830 1291//830 1151//830
f 1292//831 1288//831 1289//831
f 1295//832 1294//832 1290//832
f 1297//833 1290//833 1291//833
f 1292//834 1299//834 1288//834
f 1300//835 1292//835 1293//835
f 1296//836 1301//836 1295//836
f 1298//837 1296//837 1297//837
f 1302//838 1298//838 1299//838
f 1303//839 1299//839 1292//839
f 1306//840 1305//840 1301//840
f 1308//841 1306//841 1298//841
f 1302//842 1308//842 1298//842
f 1266//843 1274//843 1312//843
f 1316//844 1311//844 1315//844
f 1306//845 1313//845 1305//845
f 1318//846 1313//846 1306//846
f 1314//847 1310//847 1319//847
f 1320//848 1306//848 1308//848
f 1302//849 1320//849 1308//849
f 1283//850 1310//850 1311//850
f 1309//851 1313//851 1310//851
f 1316//852 1315//852 1326//852
f 1328//853 1327//853 1314//853
f 1330//854 1321//854 1322//854
f 1330//855 1328//855 1321//855
f 1332//856 1330//856 1322//856
f 1325//857 1332//857 1323//857
f 1333//858 1340//858 1330//858
f 1187//859 1344//859 1185//859
f 1188//860 1344//860 1187//860
f 1344//861 1293//861 1185//861
f 1352//862 1344//862 1188//862
f 1345//863 1300//863 1344//863
f 1304//864 1300//864 1345//864
f 1193//865 1346//865 1189//865
f 1193//866 1353//866 1346//866
f 1193//867 1354//867 1353//867
f 1363//868 1362//868 1351//868
f 1364//869 1360//869 1362//869
f 1365//870 1352//870 1353//870
f 1354//871 1366//871 1353//871
f 1366//872 1373//872 1372//872
f 1368//873 1373//873 1367//873
f 1374//874 1369//874 1370//874
f 1324//875 1304//875 1371//875
f 1372//876 1376//876 1325//876
f 1375//877 1373//877 1368//877
f 1380//878 1378//878 1375//878
f 1380//879 1375//879 1369//879
f 1380//880 1369//880 1374//880
f 1335//881 1325//881 1376//881
f 1381//882 1336//882 1377//882
f 707//883 1383//883 1382//883
f 1385//884 318//884 1046//884
f 1385//885 1046//885 1387//885
f 1382//886 1387//886 1386//886
f 1393//887 1390//887 1392//887
f 1392//888 1389//888 1394//888
f 752//889 747//889 708//889
f 1400//890 753//890 1399//890
f 754//891 753//891 1400//891
f 1405//892 754//892 1400//892
f 1408//893 1400//893 1404//893
f 1406//894 1405//894 1409//894
f 1411//895 1388//895 1391//895
f 1406//896 1409//896 1413//896
f 1414//897 1391//897 1393//897
f 1411//898 1414//898 1415//898
f 1410//899 1413//899 1418//899
f 1414//900 1393//900 1419//900
f 1414//901 1419//901 1415//901
f 1412//902 1415//902 1416//902
f 1417//903 1416//903 1420//903
f 1421//904 1417//904 1420//904
f 1418//905 1413//905 1421//905
f 1393//906 1395//906 1422//906
f 1419//907 1393//907 1422//907
f 1415//908 1419//908 1423//908
f 1416//909 1423//909 1428//909
f 1421//910 1424//910 1425//910
f 1395//911 1396//911 1426//911
f 1422//912 1395//912 1426//912
f 1558//913 1427//913 1422//913
f 1423//914 1427//914 1428//914
f 1420//915 1428//915 1429//915
f 1424//916 1420//916 1429//916
f 1425//917 1424//917 1430//917
f 1402//918 1432//918 756//918
f 1431//919 764//919 1433//919
f 765//920 1431//920 1435//920
f 1402//921 1410//921 1432//921
f 1437//922 1436//922 1434//922
f 1443//923 1441//923 1442//923
f 1444//924 1443//924 1442//924
f 1447//925 1436//925 1446//925
f 1451//926 1446//926 1445//926
f 1459//927 1448//927 1446//927
f 1453//928 1425//928 1454//928
f 1450//929 1456//929 1458//929
f 1451//930 1450//930 1458//930
f 1460//931 1451//931 1458//931
f 1460//932 1459//932 1451//932
f 1459//933 1460//933 1461//933
f 1454//934 1425//934 1430//934
f 1454//935 1462//935 1463//935
f 1456//936 1455//936 1577//936
f 1460//937 1458//937 1465//937
f 1461//938 1460//938 1465//938
f 791//939 790//939 1467//939
f 788//940 791//940 1467//940
f 788//941 1467//941 1468//941
f 1470//942 1435//942 1436//942
f 1468//943 1469//943 1472//943
f 1470//944 1436//944 1473//944
f 1471//945 1473//945 1474//945
f 1452//946 1459//946 1461//946
f 1478//947 1452//947 1461//947
f 1509//948 1480//948 1481//948
f 1479//949 1484//949 1486//949
f 1486//950 1485//950 1487//950
f 811//951 789//951 1468//951
f 808//952 807//952 1490//952
f 1491//953 808//953 1490//953
f 1492//954 808//954 1491//954
f 1493//955 810//955 1492//955
f 811//956 1468//956 1494//956
f 1489//957 811//957 1494//957
f 1492//958 1491//958 1495//958
f 1489//959 1494//959 1496//959
f 1498//960 1491//960 1497//960
f 1494//961 1472//961 1500//961
f 1497//962 1503//962 1501//962
f 1495//963 1498//963 1502//963
f 1477//964 1476//964 1507//964
f 1505//965 1508//965 1509//965
f 1506//966 1452//966 1478//966
f 1508//967 1479//967 1480//967
f 1509//968 1508//968 1480//968
f 1512//969 1514//969 1516//969
f 1519//970 1518//970 1517//970
f 1513//971 1519//971 1520//971
f 1523//972 1481//972 1525//972
f 1526//973 1515//973 1525//973
f 1525//974 1481//974 1487//974
f 1525//975 1488//975 1530//975
f 1526//976 1531//976 1533//976
f 1529//977 1528//977 1535//977
f 1535//978 1534//978 1536//978
f 844//979 840//979 1537//979
f 1544//980 1540//980 1537//980
f 1544//981 1537//981 1545//981
f 1546//982 1541//982 1540//982
f 1546//983 1540//983 1544//983
f 1550//984 1544//984 1545//984
f 1551//985 1546//985 1544//985
f 1551//986 1544//986 1550//986
f 1552//987 1546//987 1551//987
f 1547//988 1541//988 1553//988
f 1548//989 1547//989 1554//989
f 1549//990 1548//990 1554//990
f 1512//991 1511//991 1551//991
f 1555//992 1509//992 1514//992
f 1555//993 1514//993 1512//993
f 1554//994 1521//994 1522//994
f 1560//995 1558//995 1426//995
f 1562//996 1561//996 1558//996
f 1429//997 1569//997 1571//997
f 1430//998 1424//998 1429//998
f 1216//999 1566//999 1211//999
f 1567//1000 1560//1000 1559//1000
f 1562//1001 1560//1001 1568//1001
f 1568//1002 1567//1002 1220//1002
f 1574//1003 1568//1003 1220//1003
f 1430//1004 1564//1004 1462//1004
f 1430//1005 1462//1005 1454//1005
f 1576//1006 1463//1006 1462//1006
f 1456//1007 1577//1007 1578//1007
f 1457//1008 1578//1008 1579//1008
f 1580//1009 1573//1009 1570//1009
f 1581//1010 1580//1010 1572//1010
f 1564//1011 1573//1011 1575//1011
f 1564//1012 1575//1012 1462//1012
f 1578//1013 1583//1013 1584//1013
f 1579//1014 1584//1014 1585//1014
f 1581//1015 1259//1015 1260//1015
f 1586//1016 1581//1016 1260//1016
f 1587//1017 1586//1017 1260//1017
f 1584//1018 1583//1018 1588//1018
f 1264//1019 1587//1019 1590//1019
f 1589//1020 1588//1020 1591//1020
f 1599//1021 1593//1021 1465//1021
f 1482//1022 1593//1022 1594//1022
f 1483//1023 1594//1023 1595//1023
f 1485//1024 1483//1024 1596//1024
f 1597//1025 1488//1025 1487//1025
f 1604//1026 1599//1026 1598//1026
f 1594//1027 1600//1027 1602//1027
f 1596//1028 1595//1028 1602//1028
f 1604//1029 1598//1029 1603//1029
f 1610//1030 1604//1030 1603//1030
f 1596//1031 1602//1031 1607//1031
f 1608//1032 1596//1032 1607//1032
f 1307//1033 1591//1033 1266//1033
f 1610//1034 1603//1034 1307//1034
f 1616//1035 1610//1035 1307//1035
f 1608//1036 1607//1036 1614//1036
f 1616//1037 1307//1037 1266//1037
f 1317//1038 1616//1038 1266//1038
f 1613//1039 1619//1039 1618//1039
f 1614//1040 1613//1040 1618//1040
f 1614//1041 1607//1041 1613//1041
f 1615//1042 1618//1042 1620//1042
f 1615//1043 1614//1043 1618//1043
f 1331//1044 1619//1044 1329//1044
f 1618//1045 1331//1045 1334//1045
f 1620//1046 1334//1046 1338//1046
f 1532//1047 1622//1047 1623//1047
f 1636//1048 1634//1048 1633//1048
f 1624//1049 1635//1049 1637//1049
f 1626//1050 1624//1050 1637//1050
f 1637//1051 1636//1051 1638//1051
f 1638//1052 1360//1052 1364//1052
f 1640//1053 1639//1053 1626//1053
f 1628//1054 1627//1054 1641//1054
f 1629//1055 1642//1055 1631//1055
f 1644//1056 1643//1056 1642//1056
f 1374//1057 1370//1057 1631//1057
f 1646//1058 1645//1058 1643//1058
f 1646//1059 1643//1059 1644//1059
f 1647//1060 531//1060 946//1060
f 950//1061 1649//1061 948//1061
f 1647//1062 1158//1062 531//1062
f 1650//1063 1649//1063 950//1063
f 1647//1064 1651//1064 1158//1064
f 1652//1065 1648//1065 1649//1065
f 1650//1066 1653//1066 1649//1066
f 1655//1067 1652//1067 1653//1067
f 1656//1068 1174//1068 1651//1068
f 1180//1069 1174//1069 1656//1069
f 1654//1070 1657//1070 1656//1070
f 976//1071 1658//1071 975//1071
f 1663//1072 1660//1072 1658//1072
f 1668//1073 1655//1073 1662//1073
f 1666//1074 1665//1074 1663//1074
f 1664//1075 1669//1075 1668//1075
f 1666//1076 1670//1076 1665//1076
f 1657//1077 1674//1077 1180//1077
f 1675//1078 1654//1078 1667//1078
f 1676//1079 1667//1079 1668//1079
f 1669//1080 1676//1080 1668//1080
f 1670//1081 1669//1081 1664//1081
f 1669//1082 1678//1082 1677//1082
f 1671//1083 1688//1083 1670//1083
f 1682//1084 1675//1084 1667//1084
f 1676//1085 1684//1085 1683//1085
f 1677//1086 1685//1086 1684//1086
f 1689//1087 984//1087 985//1087
f 986//1088 1690//1088 985//1088
f 1692//1089 1690//1089 986//1089
f 1661//1090 1659//1090 1691//1090
f 1690//1091 1693//1091 1691//1091
f 1694//1092 1690//1092 1692//1092
f 1661//1093 1666//1093 1663//1093
f 1694//1094 1695//1094 1693//1094
f 1672//1095 1671//1095 1695//1095
f 1699//1096 1684//1096 1685//1096
f 1686//1097 1699//1097 1685//1097
f 1697//1098 1361//1098 1680//1098
f 1700//1099 1363//1099 1697//1099
f 1364//1100 1363//1100 1700//1100
f 1698//1101 1700//1101 1697//1101
f 1701//1102 1700//1102 1698//1102
f 1702//1103 1701//1103 1699//1103
f 1704//1104 1029//1104 1028//1104
f 1715//1105 1709//1105 1708//1105
f 1715//1106 1708//1106 1711//1106
f 1715//1107 1711//1107 1714//1107
f 1716//1108 1746//1108 1712//1108
f 1723//1109 1714//1109 1720//1109
f 1723//1110 1726//1110 1715//1110
f 1725//1111 1724//1111 1717//1111
f 1725//1112 1717//1112 1746//1112
f 1718//1113 1535//1113 1536//1113
f 1720//1114 1719//1114 1718//1114
f 1721//1115 1728//1115 1729//1115
f 1721//1116 1720//1116 1728//1116
f 1721//1117 1729//1117 1722//1117
f 1724//1118 1673//1118 1717//1118
f 1035//1119 846//1119 1731//1119
f 1036//1120 1731//1120 1732//1120
f 1732//1121 1731//1121 1733//1121
f 1543//1122 1549//1122 1734//1122
f 1731//1123 1734//1123 1735//1123
f 1705//1124 1733//1124 1708//1124
f 1734//1125 1549//1125 1736//1125
f 1735//1126 1734//1126 1736//1126
f 1708//1127 1733//1127 1735//1127
f 1711//1128 1735//1128 1737//1128
f 1713//1129 1736//1129 1522//1129
f 1041//1130 1738//1130 1042//1130
f 1707//1131 1742//1131 1739//1131
f 1740//1132 1743//1132 1692//1132
f 1741//1133 1740//1133 1739//1133
f 1742//1134 1745//1134 1741//1134
f 1742//1135 1707//1135 1710//1135
f 1744//1136 1743//1136 1741//1136
f 1745//1137 1746//1137 1744//1137
f 1696//1138 1743//1138 1744//1138
f 1746//1139 1717//1139 1744//1139
f 1536//1140 1639//1140 1747//1140
f 1728//1141 1747//1141 1748//1141
f 1728//1142 1727//1142 1747//1142
f 1730//1143 1750//1143 1749//1143
f 1754//1144 1752//1144 1751//1144
f 1753//1145 1701//1145 1702//1145
f 1748//1146 1754//1146 1749//1146
f 8//1147 9//1147 12//1147 11//1147
f 5//1148 2//1148 3//1148
f 4//1149 190//1149 1//1149
f 7//1150 3//1150 6//1150
f 9//1151 10//1151 13//1151 12//1151
f 12//1152 15//1152 14//1152 11//1152
f 13//1153 16//1153 15//1153 12//1153
f 18//1154 20//1154 19//1154 15//1154
f 15//1155 17//1155 14//1155
f 19//1156 17//1156 15//1156
f 22//1157 23//1157 9//1157 8//1157
f 8//1158 24//1158 22//1158
f 23//1159 21//1159 10//1159 9//1159
f 38//1160 41//1160 40//1160 37//1160
f 19//1161 27//1161 17//1161
f 28//1162 27//1162 19//1162
f 31//1163 29//1163 30//1163
f 31//1164 32//1164 29//1164
f 13//1165 10//1165 34//1165
f 39//1166 35//1166 44//1166 43//1166
f 36//1167 29//1167 44//1167 35//1167
f 42//1168 45//1168 18//1168 16//1168
f 40//1169 29//1169 36//1169
f 40//1170 30//1170 29//1170
f 43//1171 46//1171 45//1171 42//1171
f 44//1172 47//1172 46//1172 43//1172
f 45//1173 49//1173 48//1173 18//1173
f 29//1174 47//1174 44//1174
f 48//1175 20//1175 18//1175
f 4//1176 5//1176 51//1176 50//1176
f 49//1177 45//1177 46//1177
f 50//1178 190//1178 4//1178
f 5//1179 7//1179 52//1179 51//1179
f 54//1180 34//1180 10//1180 21//1180
f 57//1181 52//1181 53//1181
f 56//1182 57//1182 36//1182 35//1182
f 34//1183 54//1183 55//1183
f 53//1184 37//1184 36//1184 57//1184
f 271//1185 38//1185 37//1185 53//1185
f 56//1186 39//1186 58//1186 55//1186
f 34//1187 58//1187 59//1187 42//1187
f 35//1188 39//1188 56//1188
f 65//1189 60//1189 61//1189 67//1189
f 59//1190 58//1190 39//1190
f 43//1191 42//1191 59//1191
f 64//1192 63//1192 62//1192
f 28//1193 20//1193 71//1193 70//1193
f 68//1194 27//1194 28//1194
f 70//1195 69//1195 68//1195
f 70//1196 68//1196 28//1196
f 77//1197 76//1197 65//1197 78//1197
f 72//1198 70//1198 62//1198
f 74//1199 73//1199 69//1199
f 74//1200 69//1200 72//1200
f 63//1201 74//1201 72//1201
f 75//1202 73//1202 74//1202
f 77//1203 75//1203 74//1203
f 76//1204 77//1204 74//1204
f 76//1205 66//1205 65//1205
f 81//1206 82//1206 86//1206 85//1206
f 67//1207 79//1207 65//1207
f 33//1208 80//1208 31//1208
f 85//1209 60//1209 81//1209
f 83//1210 84//1210 86//1210 82//1210
f 86//1211 88//1211 87//1211 85//1211
f 87//1212 61//1212 60//1212
f 87//1213 60//1213 85//1213
f 86//1214 84//1214 89//1214 88//1214
f 46//1215 47//1215 91//1215 90//1215
f 90//1216 49//1216 46//1216
f 80//1217 93//1217 95//1217 108//1217
f 91//1218 47//1218 32//1218
f 92//1219 32//1219 80//1219
f 106//1220 91//1220 92//1220
f 101//1221 84//1221 83//1221 99//1221
f 96//1222 95//1222 93//1222
f 64//1223 62//1223 94//1223
f 100//1224 94//1224 97//1224
f 82//1225 98//1225 99//1225
f 66//1226 64//1226 100//1226
f 82//1227 81//1227 97//1227
f 49//1228 90//1228 104//1228 48//1228
f 60//1229 100//1229 81//1229
f 103//1230 84//1230 102//1230
f 104//1231 90//1231 105//1231 71//1231
f 107//1232 98//1232 97//1232 105//1232
f 106//1233 90//1233 91//1233
f 105//1234 94//1234 71//1234
f 107//1235 90//1235 106//1235
f 108//1236 109//1236 98//1236 106//1236
f 98//1237 107//1237 106//1237
f 95//1238 111//1238 110//1238 108//1238
f 96//1239 112//1239 111//1239 95//1239
f 109//1240 101//1240 99//1240 98//1240
f 110//1241 113//1241 101//1241 109//1241
f 124//1242 126//1242 125//1242 123//1242
f 111//1243 113//1243 110//1243
f 114//1244 84//1244 101//1244
f 114//1245 101//1245 113//1245
f 102//1246 84//1246 114//1246
f 102//1247 114//1247 115//1247
f 116//1248 103//1248 102//1248
f 123//1249 122//1249 121//1249
f 124//1250 123//1250 120//1250
f 127//1251 128//1251 120//1251 121//1251
f 121//1252 131//1252 130//1252
f 137//1253 131//1253 132//1253 144//1253
f 134//1254 127//1254 133//1254
f 129//1255 128//1255 134//1255
f 130//1256 133//1256 127//1256
f 131//1257 135//1257 130//1257
f 133//1258 138//1258 139//1258 134//1258
f 134//1259 139//1259 140//1259 129//1259
f 146//1260 147//1260 140//1260 139//1260
f 133//1261 135//1261 141//1261
f 144//1262 143//1262 137//1262
f 146//1263 139//1263 138//1263
f 157//1264 154//1264 155//1264 158//1264
f 138//1265 141//1265 145//1265
f 138//1266 133//1266 141//1266
f 141//1267 135//1267 142//1267
f 149//1268 137//1268 143//1268
f 117//1269 149//1269 143//1269
f 150//1270 138//1270 145//1270
f 145//1271 148//1271 151//1271
f 153//1272 142//1272 149//1272
f 118//1273 153//1273 149//1273
f 117//1274 118//1274 149//1274
f 159//1275 164//1275 167//1275 166//1275
f 161//1276 188//1276 157//1276
f 160//1277 161//1277 157//1277
f 158//1278 160//1278 157//1278
f 163//1279 156//1279 159//1279
f 164//1280 161//1280 160//1280
f 165//1281 164//1281 160//1281
f 166//1282 163//1282 159//1282
f 167//1283 168//1283 172//1283 171//1283
f 168//1284 167//1284 164//1284
f 165//1285 169//1285 168//1285
f 175//1286 166//1286 171//1286 176//1286
f 168//1287 173//1287 172//1287
f 170//1288 166//1288 175//1288
f 175//1289 174//1289 170//1289
f 178//1290 174//1290 175//1290 179//1290
f 178//1291 119//1291 174//1291
f 172//1292 173//1292 182//1292 181//1292
f 179//1293 176//1293 180//1293
f 183//1294 184//1294 2//1294 1//1294
f 1//1295 188//1295 186//1295
f 1//1296 186//1296 183//1296
f 185//1297 3//1297 2//1297 184//1297
f 196//1298 187//1298 185//1298 195//1298
f 187//1299 3//1299 185//1299
f 154//1300 188//1300 1//1300
f 191//1301 7//1301 6//1301
f 191//1302 6//1302 189//1302
f 183//1303 205//1303 192//1303
f 193//1304 183//1304 192//1304
f 186//1305 205//1305 183//1305
f 123//1306 125//1306 199//1306 122//1306
f 125//1307 203//1307 202//1307 199//1307
f 204//1308 196//1308 195//1308 194//1308
f 204//1309 203//1309 125//1309
f 200//1310 204//1310 125//1310
f 194//1311 202//1311 203//1311
f 204//1312 194//1312 203//1312
f 196//1313 207//1313 197//1313 187//1313
f 144//1314 213//1314 174//1314 117//1314
f 202//1315 211//1315 208//1315
f 202//1316 208//1316 199//1316
f 210//1317 163//1317 209//1317
f 210//1318 201//1318 205//1318
f 210//1319 211//1319 201//1319
f 163//1320 205//1320 156//1320
f 208//1321 212//1321 132//1321
f 212//1322 210//1322 209//1322
f 212//1323 211//1323 210//1323
f 214//1324 212//1324 209//1324
f 170//1325 209//1325 166//1325
f 170//1326 214//1326 209//1326
f 215//1327 216//1327 21//1327 219//1327
f 174//1328 214//1328 170//1328
f 22//1329 24//1329 220//1329 217//1329
f 23//1330 219//1330 21//1330
f 221//1331 25//1331 26//1331 222//1331
f 224//1332 215//1332 219//1332 225//1332
f 26//1333 223//1333 222//1333
f 155//1334 215//1334 158//1334
f 155//1335 216//1335 215//1335
f 225//1336 218//1336 217//1336
f 228//1337 221//1337 222//1337 229//1337
f 226//1338 217//1338 220//1338
f 227//1339 226//1339 220//1339
f 227//1340 24//1340 221//1340
f 228//1341 227//1341 221//1341
f 230//1342 217//1342 226//1342 231//1342
f 223//1343 229//1343 222//1343
f 230//1344 225//1344 217//1344
f 226//1345 227//1345 232//1345 231//1345
f 162//1346 224//1346 235//1346 165//1346
f 233//1347 232//1347 227//1347
f 235//1348 224//1348 230//1348 237//1348
f 232//1349 233//1349 240//1349 239//1349
f 228//1350 234//1350 241//1350 240//1350
f 169//1351 165//1351 235//1351 243//1351
f 234//1352 242//1352 241//1352
f 240//1353 241//1353 247//1353 246//1353
f 237//1354 236//1354 244//1354
f 240//1355 245//1355 239//1355
f 246//1356 245//1356 240//1356
f 241//1357 242//1357 249//1357 247//1357
f 250//1358 239//1358 245//1358 251//1358
f 250//1359 236//1359 238//1359
f 236//1360 250//1360 244//1360
f 245//1361 246//1361 257//1361 251//1361
f 252//1362 247//1362 249//1362 248//1362
f 177//1363 169//1363 243//1363 253//1363
f 253//1364 244//1364 250//1364 254//1364
f 253//1365 237//1365 244//1365
f 182//1366 177//1366 253//1366 259//1366
f 255//1367 254//1367 250//1367
f 251//1368 255//1368 250//1368
f 257//1369 256//1369 251//1369
f 258//1370 247//1370 252//1370
f 247//1371 258//1371 257//1371
f 51//1372 52//1372 267//1372 266//1372
f 253//1373 260//1373 259//1373
f 255//1374 260//1374 254//1374
f 256//1375 261//1375 251//1375
f 257//1376 262//1376 256//1376
f 264//1377 263//1377 191//1377
f 264//1378 191//1378 189//1378
f 265//1379 21//1379 216//1379
f 265//1380 155//1380 50//1380
f 264//1381 269//1381 268//1381 263//1381
f 268//1382 52//1382 263//1382
f 266//1383 56//1383 54//1383 265//1383
f 273//1384 69//1384 73//1384 281//1384
f 56//1385 266//1385 267//1385
f 267//1386 57//1386 56//1386
f 271//1387 269//1387 270//1387
f 264//1388 189//1388 198//1388
f 73//1389 75//1389 274//1389 281//1389
f 229//1390 223//1390 272//1390 278//1390
f 276//1391 275//1391 75//1391
f 77//1392 276//1392 75//1392
f 78//1393 276//1393 77//1393
f 79//1394 277//1394 78//1394
f 276//1395 277//1395 285//1395 284//1395
f 280//1396 272//1396 273//1396
f 280//1397 278//1397 272//1397
f 279//1398 280//1398 273//1398
f 281//1399 279//1399 273//1399
f 274//1400 282//1400 281//1400
f 275//1401 282//1401 274//1401
f 283//1402 282//1402 275//1402
f 276//1403 283//1403 275//1403
f 234//1404 229//1404 278//1404 286//1404
f 248//1405 289//1405 295//1405 252//1405
f 286//1406 280//1406 279//1406
f 281//1407 287//1407 279//1407
f 282//1408 287//1408 281//1408
f 289//1409 242//1409 286//1409
f 287//1410 290//1410 289//1410
f 287//1411 289//1411 279//1411
f 282//1412 290//1412 287//1412
f 288//1413 290//1413 282//1413
f 292//1414 291//1414 283//1414
f 294//1415 293//1415 288//1415
f 291//1416 294//1416 288//1416
f 295//1417 289//1417 290//1417 296//1417
f 258//1418 252//1418 295//1418 300//1418
f 293//1419 297//1419 296//1419
f 298//1420 297//1420 293//1420
f 294//1421 299//1421 298//1421
f 295//1422 296//1422 302//1422 301//1422
f 295//1423 301//1423 300//1423
f 304//1424 305//1424 308//1424 307//1424
f 303//1425 302//1425 296//1425
f 297//1426 303//1426 296//1426
f 298//1427 304//1427 297//1427
f 299//1428 304//1428 298//1428
f 299//1429 305//1429 304//1429
f 306//1430 262//1430 258//1430
f 300//1431 306//1431 258//1431
f 325//1432 328//1432 329//1432 324//1432
f 111//1433 311//1433 310//1433
f 310//1434 114//1434 113//1434
f 115//1435 114//1435 310//1435
f 115//1436 310//1436 312//1436
f 313//1437 115//1437 312//1437
f 313//1438 312//1438 315//1438
f 320//1439 321//1439 118//1439
f 119//1440 322//1440 320//1440
f 324//1441 323//1441 321//1441
f 322//1442 324//1442 320//1442
f 331//1443 333//1443 332//1443 336//1443
f 329//1444 326//1444 324//1444
f 330//1445 328//1445 325//1445
f 333//1446 328//1446 332//1446
f 333//1447 329//1447 328//1447
f 337//1448 339//1448 335//1448 332//1448
f 332//1449 334//1449 337//1449
f 332//1450 327//1450 334//1450
f 332//1451 328//1451 327//1451
f 373//1452 336//1452 335//1452
f 146//1453 346//1453 345//1453 147//1453
f 337//1454 334//1454 340//1454
f 341//1455 334//1455 338//1455
f 342//1456 335//1456 339//1456
f 339//1457 337//1457 340//1457
f 1063//1458 340//1458 341//1458
f 346//1459 146//1459 150//1459
f 152//1460 153//1460 350//1460 349//1460
f 151//1461 148//1461 152//1461
f 346//1462 150//1462 344//1462
f 349//1463 151//1463 152//1463
f 151//1464 349//1464 348//1464
f 344//1465 354//1465 351//1465 346//1465
f 153//1466 321//1466 350//1466
f 350//1467 321//1467 323//1467 355//1467
f 347//1468 346//1468 352//1468
f 354//1469 344//1469 348//1469
f 358//1470 359//1470 351//1470 354//1470
f 356//1471 347//1471 352//1471
f 351//1472 359//1472 360//1472 352//1472
f 362//1473 361//1473 353//1473 355//1473
f 360//1474 356//1474 352//1474
f 354//1475 353//1475 361//1475
f 331//1476 357//1476 326//1476 333//1476
f 363//1477 355//1477 357//1477
f 355//1478 363//1478 362//1478
f 359//1479 364//1479 365//1479 360//1479
f 370//1480 316//1480 365//1480 364//1480
f 358//1481 361//1481 367//1481
f 359//1482 358//1482 364//1482
f 361//1483 368//1483 367//1483
f 357//1484 331//1484 363//1484
f 365//1485 316//1485 317//1485 366//1485
f 364//1486 358//1486 371//1486 369//1486
f 371//1487 358//1487 367//1487
f 374//1488 375//1488 368//1488 363//1488
f 376//1489 372//1489 375//1489 377//1489
f 368//1490 375//1490 372//1490
f 373//1491 331//1491 336//1491
f 319//1492 370//1492 369//1492
f 371//1493 372//1493 1085//1493
f 377//1494 374//1494 373//1494
f 379//1495 178//1495 179//1495 380//1495
f 383//1496 181//1496 182//1496 384//1496
f 179//1497 381//1497 380//1497
f 382//1498 381//1498 180//1498
f 383//1499 382//1499 181//1499
f 394//1500 386//1500 379//1500 387//1500
f 385//1501 384//1501 182//1501
f 386//1502 322//1502 119//1502
f 388//1503 387//1503 383//1503 389//1503
f 387//1504 388//1504 394//1504
f 390//1505 384//1505 385//1505 391//1505
f 383//1506 390//1506 389//1506
f 389//1507 390//1507 391//1507 399//1507
f 394//1508 325//1508 386//1508
f 394//1509 395//1509 393//1509
f 388//1510 396//1510 395//1510
f 397//1511 396//1511 389//1511
f 398//1512 397//1512 389//1512
f 399//1513 398//1513 389//1513
f 397//1514 398//1514 404//1514 403//1514
f 392//1515 400//1515 330//1515
f 330//1516 325//1516 392//1516
f 396//1517 402//1517 395//1517
f 397//1518 402//1518 396//1518
f 401//1519 402//1519 408//1519 406//1519
f 400//1520 334//1520 330//1520
f 407//1521 405//1521 400//1521
f 407//1522 395//1522 401//1522
f 406//1523 407//1523 401//1523
f 405//1524 407//1524 406//1524 410//1524
f 404//1525 409//1525 403//1525
f 338//1526 334//1526 405//1526
f 410//1527 338//1527 405//1527
f 410//1528 406//1528 414//1528 413//1528
f 403//1529 412//1529 408//1529
f 343//1530 338//1530 410//1530
f 343//1531 341//1531 338//1531
f 413//1532 414//1532 416//1532 1104//1532
f 414//1533 406//1533 411//1533
f 1104//1534 415//1534 413//1534
f 378//1535 411//1535 412//1535 417//1535
f 378//1536 416//1536 411//1536
f 385//1537 182//1537 259//1537 418//1537
f 419//1538 260//1538 255//1538 420//1538
f 420//1539 255//1539 261//1539 421//1539
f 261//1540 256//1540 422//1540 421//1540
f 422//1541 256//1541 262//1541 423//1541
f 427//1542 426//1542 428//1542 429//1542
f 423//1543 262//1543 425//1543
f 426//1544 391//1544 418//1544
f 428//1545 426//1545 418//1545
f 428//1546 419//1546 430//1546 431//1546
f 428//1547 431//1547 432//1547 429//1547
f 430//1548 420//1548 421//1548 433//1548
f 421//1549 422//1549 434//1549 433//1549
f 433//1550 431//1550 430//1550
f 434//1551 424//1551 438//1551 435//1551
f 434//1552 435//1552 433//1552
f 424//1553 423//1553 437//1553
f 391//1554 426//1554 440//1554 439//1554
f 438//1555 424//1555 437//1555
f 439//1556 398//1556 399//1556
f 439//1557 399//1557 391//1557
f 426//1558 427//1558 441//1558 440//1558
f 441//1559 443//1559 442//1559 440//1559
f 441//1560 427//1560 429//1560 443//1560
f 443//1561 429//1561 432//1561 444//1561
f 444//1562 445//1562 451//1562 450//1562
f 433//1563 435//1563 431//1563
f 435//1564 445//1564 444//1564
f 436//1565 445//1565 435//1565
f 438//1566 437//1566 446//1566
f 447//1567 436//1567 438//1567
f 448//1568 404//1568 398//1568
f 439//1569 448//1569 398//1569
f 444//1570 450//1570 449//1570
f 451//1571 445//1571 436//1571 452//1571
f 452//1572 436//1572 447//1572 453//1572
f 451//1573 452//1573 457//1573 450//1573
f 454//1574 409//1574 404//1574
f 455//1575 448//1575 442//1575
f 456//1576 455//1576 442//1576
f 452//1577 453//1577 458//1577 457//1577
f 463//1578 450//1578 457//1578 464//1578
f 454//1579 459//1579 409//1579
f 454//1580 460//1580 459//1580
f 461//1581 460//1581 455//1581
f 462//1582 461//1582 456//1582
f 450//1583 463//1583 456//1583
f 471//1584 462//1584 469//1584 472//1584
f 409//1585 466//1585 412//1585
f 460//1586 467//1586 459//1586
f 471//1587 461//1587 462//1587
f 469//1588 462//1588 463//1588
f 464//1589 469//1589 463//1589
f 465//1590 472//1590 469//1590
f 459//1591 470//1591 466//1591
f 468//1592 467//1592 460//1592
f 471//1593 468//1593 461//1593
f 300//1594 301//1594 475//1594 474//1594
f 300//1595 474//1595 306//1595
f 475//1596 301//1596 302//1596 476//1596
f 476//1597 302//1597 303//1597 477//1597
f 481//1598 476//1598 477//1598 482//1598
f 307//1599 478//1599 477//1599
f 308//1600 478//1600 307//1600
f 309//1601 478//1601 308//1601
f 480//1602 437//1602 425//1602
f 476//1603 481//1603 475//1603
f 446//1604 480//1604 498//1604 486//1604
f 483//1605 482//1605 477//1605
f 478//1606 490//1606 483//1606
f 479//1607 484//1607 478//1607
f 486//1608 438//1608 446//1608
f 480//1609 474//1609 487//1609
f 488//1610 481//1610 482//1610 489//1610
f 496//1611 495//1611 497//1611 500//1611
f 482//1612 490//1612 489//1612
f 483//1613 490//1613 482//1613
f 490//1614 491//1614 489//1614
f 490//1615 484//1615 491//1615
f 484//1616 492//1616 491//1616
f 484//1617 485//1617 492//1617
f 447//1618 495//1618 453//1618
f 497//1619 495//1619 486//1619
f 486//1620 498//1620 499//1620 497//1620
f 503//1621 491//1621 492//1621 504//1621
f 499//1622 500//1622 497//1622
f 501//1623 500//1623 499//1623
f 502//1624 501//1624 499//1624
f 458//1625 496//1625 500//1625 506//1625
f 493//1626 504//1626 492//1626
f 505//1627 504//1627 493//1627
f 500//1628 501//1628 508//1628 507//1628
f 500//1629 507//1629 506//1629
f 503//1630 504//1630 510//1630 509//1630
f 502//1631 509//1631 501//1631
f 504//1632 505//1632 511//1632 510//1632
f 512//1633 458//1633 506//1633 513//1633
f 458//1634 512//1634 464//1634
f 514//1635 507//1635 508//1635 515//1635
f 516//1636 509//1636 510//1636 517//1636
f 508//1637 509//1637 516//1637
f 508//1638 516//1638 515//1638
f 519//1639 513//1639 514//1639 521//1639
f 518//1640 472//1640 465//1640
f 520//1641 518//1641 465//1641
f 520//1642 465//1642 519//1642
f 521//1643 520//1643 519//1643
f 521//1644 514//1644 515//1644 522//1644
f 521//1645 522//1645 527//1645 520//1645
f 523//1646 522//1646 515//1646
f 524//1647 523//1647 516//1647
f 517//1648 525//1648 524//1648
f 526//1649 473//1649 518//1649
f 520//1650 526//1650 518//1650
f 527//1651 526//1651 520//1651
f 522//1652 523//1652 528//1652 527//1652
f 528//1653 523//1653 524//1653 529//1653
f 530//1654 524//1654 525//1654 531//1654
f 524//1655 530//1655 529//1655
f 506//1656 507//1656 533//1656 532//1656
f 532//1657 533//1657 514//1657 513//1657
f 30//1658 535//1658 536//1658 33//1658
f 533//1659 507//1659 514//1659
f 534//1660 30//1660 41//1660
f 540//1661 541//1661 535//1661 534//1661
f 537//1662 536//1662 535//1662
f 538//1663 41//1663 38//1663
f 534//1664 41//1664 538//1664
f 540//1665 538//1665 539//1665
f 536//1666 543//1666 93//1666 33//1666
f 537//1667 535//1667 541//1667
f 542//1668 544//1668 545//1668 543//1668
f 544//1669 542//1669 537//1669
f 124//1670 548//1670 549//1670 126//1670
f 545//1671 96//1671 543//1671
f 546//1672 112//1672 96//1672
f 124//1673 120//1673 547//1673
f 124//1674 547//1674 548//1674
f 552//1675 548//1675 547//1675 551//1675
f 551//1676 120//1676 129//1676
f 557//1677 553//1677 552//1677 556//1677
f 548//1678 552//1678 553//1678
f 550//1679 548//1679 554//1679
f 555//1680 550//1680 554//1680
f 577//1681 580//1681 206//1681 204//1681
f 559//1682 554//1682 558//1682
f 551//1683 129//1683 140//1683
f 556//1684 551//1684 140//1684
f 563//1685 554//1685 557//1685
f 558//1686 554//1686 563//1686
f 564//1687 559//1687 558//1687
f 564//1688 558//1688 568//1688
f 560//1689 140//1689 147//1689
f 561//1690 556//1690 560//1690
f 562//1691 557//1691 561//1691
f 563//1692 557//1692 562//1692
f 568//1693 562//1693 572//1693
f 568//1694 558//1694 563//1694
f 569//1695 564//1695 568//1695
f 565//1696 560//1696 570//1696
f 710//1697 561//1697 565//1697
f 566//1698 561//1698 710//1698
f 567//1699 562//1699 566//1699
f 572//1700 562//1700 567//1700
f 712//1701 568//1701 572//1701
f 549//1702 200//1702 126//1702
f 577//1703 579//1703 581//1703 580//1703
f 582//1704 573//1704 198//1704 207//1704
f 580//1705 207//1705 206//1705
f 583//1706 586//1706 573//1706 582//1706
f 593//1707 575//1707 586//1707 583//1707
f 584//1708 585//1708 576//1708 575//1708
f 575//1709 593//1709 584//1709
f 586//1710 574//1710 573//1710
f 575//1711 574//1711 586//1711
f 598//1712 585//1712 584//1712 594//1712
f 587//1713 576//1713 585//1713
f 578//1714 550//1714 555//1714
f 589//1715 578//1715 555//1715
f 579//1716 591//1716 581//1716
f 590//1717 591//1717 578//1717
f 594//1718 593//1718 591//1718
f 592//1719 582//1719 580//1719
f 583//1720 582//1720 592//1720
f 583//1721 581//1721 593//1721
f 599//1722 600//1722 601//1722 590//1722
f 585//1723 598//1723 595//1723
f 587//1724 595//1724 596//1724
f 588//1725 587//1725 596//1725
f 597//1726 590//1726 589//1726
f 598//1727 594//1727 591//1727
f 604//1728 596//1728 595//1728 600//1728
f 595//1729 598//1729 601//1729
f 559//1730 564//1730 602//1730 589//1730
f 603//1731 607//1731 608//1731 604//1731
f 602//1732 597//1732 589//1732
f 605//1733 602//1733 564//1733
f 609//1734 605//1734 564//1734
f 610//1735 611//1735 606//1735 605//1735
f 609//1736 564//1736 569//1736
f 609//1737 610//1737 605//1737
f 621//1738 539//1738 538//1738 620//1738
f 588//1739 596//1739 612//1739
f 612//1740 613//1740 614//1740
f 613//1741 596//1741 604//1741
f 614//1742 613//1742 615//1742
f 615//1743 613//1743 608//1743
f 608//1744 607//1744 767//1744
f 617//1745 615//1745 616//1745
f 617//1746 616//1746 768//1746
f 198//1747 574//1747 623//1747 264//1747
f 622//1748 537//1748 541//1748
f 574//1749 575//1749 625//1749 623//1749
f 624//1750 621//1750 620//1750 625//1750
f 624//1751 575//1751 576//1751
f 270//1752 264//1752 623//1752
f 620//1753 619//1753 625//1753
f 626//1754 627//1754 629//1754 628//1754
f 626//1755 621//1755 624//1755
f 636//1756 637//1756 629//1756 627//1756
f 630//1757 539//1757 621//1757
f 630//1758 621//1758 628//1758
f 632//1759 631//1759 629//1759
f 633//1760 622//1760 630//1760
f 633//1761 630//1761 631//1761
f 634//1762 633//1762 631//1762
f 588//1763 576//1763 587//1763
f 627//1764 576//1764 588//1764
f 632//1765 637//1765 639//1765 638//1765
f 637//1766 632//1766 629//1766
f 641//1767 650//1767 647//1767 645//1767
f 634//1768 631//1768 638//1768
f 635//1769 634//1769 638//1769
f 636//1770 612//1770 641//1770
f 642//1771 636//1771 641//1771
f 637//1772 636//1772 642//1772
f 643//1773 637//1773 642//1773
f 643//1774 639//1774 637//1774
f 644//1775 640//1775 639//1775
f 641//1776 612//1776 614//1776
f 646//1777 644//1777 643//1777
f 650//1778 641//1778 614//1778
f 647//1779 648//1779 643//1779 645//1779
f 648//1780 649//1780 646//1780 643//1780
f 650//1781 654//1781 651//1781 647//1781
f 650//1782 614//1782 615//1782
f 650//1783 615//1783 617//1783
f 617//1784 618//1784 654//1784 650//1784
f 648//1785 647//1785 652//1785
f 649//1786 648//1786 653//1786
f 633//1787 659//1787 544//1787 622//1787
f 655//1788 652//1788 651//1788
f 653//1789 652//1789 656//1789
f 661//1790 545//1790 544//1790
f 658//1791 311//1791 546//1791
f 659//1792 660//1792 661//1792 544//1792
f 668//1793 669//1793 314//1793 663//1793
f 658//1794 663//1794 311//1794
f 662//1795 663//1795 658//1795
f 665//1796 664//1796 635//1796
f 640//1797 665//1797 635//1797
f 660//1798 659//1798 664//1798
f 662//1799 661//1799 667//1799
f 314//1800 669//1800 670//1800 315//1800
f 667//1801 672//1801 679//1801 675//1801
f 666//1802 665//1802 640//1802
f 673//1803 666//1803 640//1803
f 667//1804 664//1804 672//1804
f 662//1805 675//1805 674//1805
f 677//1806 678//1806 670//1806 669//1806
f 668//1807 662//1807 674//1807
f 677//1808 668//1808 676//1808
f 676//1809 682//1809 683//1809 677//1809
f 675//1810 680//1810 674//1810
f 681//1811 680//1811 679//1811
f 689//1812 681//1812 685//1812 690//1812
f 678//1813 677//1813 683//1813
f 681//1814 679//1814 685//1814
f 686//1815 683//1815 682//1815
f 686//1816 687//1816 683//1816
f 689//1817 690//1817 682//1817 680//1817
f 685//1818 688//1818 690//1818
f 685//1819 684//1819 688//1819
f 690//1820 695//1820 686//1820 682//1820
f 692//1821 693//1821 687//1821 695//1821
f 695//1822 691//1822 697//1822 692//1822
f 644//1823 646//1823 698//1823 671//1823
f 693//1824 692//1824 697//1824
f 700//1825 704//1825 701//1825 698//1825
f 699//1826 673//1826 671//1826
f 698//1827 699//1827 671//1827
f 699//1828 701//1828 684//1828
f 701//1829 704//1829 703//1829
f 317//1830 318//1830 1383//1830 706//1830
f 701//1831 703//1831 688//1831
f 702//1832 649//1832 657//1832
f 703//1833 704//1833 705//1833
f 567//1834 571//1834 711//1834 572//1834
f 570//1835 147//1835 345//1835
f 571//1836 566//1836 710//1836
f 715//1837 716//1837 571//1837 710//1837
f 711//1838 571//1838 717//1838
f 713//1839 569//1839 712//1839
f 714//1840 570//1840 345//1840
f 709//1841 570//1841 714//1841
f 719//1842 720//1842 713//1842 712//1842
f 718//1843 711//1843 717//1843
f 718//1844 712//1844 711//1844
f 721//1845 722//1845 709//1845 714//1845
f 723//1846 724//1846 716//1846 715//1846
f 715//1847 709//1847 722//1847
f 729//1848 725//1848 718//1848 717//1848
f 724//1849 717//1849 716//1849
f 726//1850 727//1850 720//1850 719//1850
f 725//1851 719//1851 718//1851
f 721//1852 730//1852 731//1852 722//1852
f 714//1853 347//1853 356//1853
f 721//1854 714//1854 356//1854
f 721//1855 356//1855 730//1855
f 728//1856 733//1856 734//1856 735//1856
f 735//1857 736//1857 729//1857 724//1857
f 735//1858 724//1858 728//1858
f 736//1859 737//1859 725//1859 729//1859
f 726//1860 737//1860 746//1860 727//1860
f 726//1861 725//1861 737//1861
f 739//1862 740//1862 733//1862 731//1862
f 366//1863 730//1863 360//1863
f 732//1864 738//1864 739//1864
f 739//1865 731//1865 732//1865
f 741//1866 742//1866 734//1866 740//1866
f 735//1867 742//1867 743//1867 736//1867
f 742//1868 748//1868 749//1868 743//1868
f 737//1869 736//1869 744//1869
f 706//1870 366//1870 317//1870
f 706//1871 738//1871 366//1871
f 739//1872 738//1872 706//1872
f 747//1873 740//1873 739//1873
f 741//1874 740//1874 747//1874
f 748//1875 742//1875 741//1875
f 745//1876 755//1876 756//1876 751//1876
f 750//1877 749//1877 753//1877
f 744//1878 743//1878 750//1878
f 747//1879 706//1879 707//1879
f 752//1880 741//1880 747//1880
f 748//1881 741//1881 752//1881
f 753//1882 749//1882 748//1882
f 754//891 750//891 753//891
f 745//1883 750//1883 755//1883
f 713//1884 757//1884 610//1884 609//1884
f 713//1885 609//1885 569//1885
f 757//1886 770//1886 611//1886 610//1886
f 720//1887 758//1887 759//1887 757//1887
f 727//1888 746//1888 761//1888 758//1888
f 760//1889 759//1889 758//1889
f 770//1890 766//1890 607//1890 611//1890
f 760//1891 758//1891 761//1891
f 762//1892 760//1892 761//1892
f 761//1893 745//1893 751//1893
f 763//1894 751//1894 764//1894
f 770//1895 759//1895 773//1895 766//1895
f 618//1896 617//1896 768//1896
f 772//1897 618//1897 768//1897
f 769//1898 618//1898 772//1898
f 770//1899 757//1899 759//1899
f 774//1900 778//1900 779//1900 772//1900
f 773//1901 771//1901 766//1901
f 768//1902 771//1902 774//1902
f 776//1903 773//1903 759//1903
f 774//1904 773//1904 777//1904
f 779//1905 782//1905 783//1905 780//1905
f 780//1906 772//1906 779//1906
f 775//1907 772//1907 780//1907
f 777//1908 776//1908 781//1908
f 782//1909 779//1909 778//1909
f 762//1910 786//1910 787//1910 781//1910
f 762//1911 776//1911 760//1911
f 784//1912 778//1912 781//1912
f 782//1913 778//1913 784//1913
f 792//1914 775//1914 796//1914 793//1914
f 783//1915 782//1915 788//1915
f 1466//1916 787//1916 786//1916
f 790//1917 784//1917 787//1917
f 788//1918 784//1918 791//1918
f 792//1919 654//1919 618//1919
f 655//1920 654//1920 793//1920
f 657//1921 653//1921 794//1921
f 792//1922 618//1922 769//1922
f 795//1923 655//1923 793//1923
f 656//1924 655//1924 795//1924
f 798//1925 657//1925 794//1925
f 775//1926 792//1926 769//1926
f 656//1927 795//1927 797//1927 794//1927
f 795//1928 793//1928 796//1928
f 802//1929 803//1929 799//1929 796//1929
f 796//1930 775//1930 780//1930
f 798//1931 797//1931 800//1931
f 796//1932 780//1932 801//1932
f 799//1933 803//1933 804//1933 797//1933
f 802//1934 807//1934 808//1934 803//1934
f 801//1935 783//1935 785//1935
f 806//1936 800//1936 804//1936
f 807//1937 802//1937 805//1937
f 808//1938 809//1938 804//1938 803//1938
f 813//1939 691//1939 696//1939 814//1939
f 810//1940 806//1940 804//1940
f 805//1941 789//1941 811//1941
f 810//1942 809//1942 1492//1942
f 815//1943 816//1943 697//1943 813//1943
f 696//1944 812//1944 814//1944
f 696//1945 694//1945 812//1945
f 697//1946 691//1946 813//1946
f 820//1947 705//1947 704//1947 702//1947
f 812//1948 817//1948 814//1948
f 816//1949 814//1949 818//1949
f 819//1950 816//1950 818//1950
f 824//1951 829//1951 823//1951 820//1951
f 823//1952 821//1952 705//1952
f 694//1953 821//1953 812//1953
f 820//1954 657//1954 822//1954
f 823//1955 705//1955 820//1955
f 817//1956 826//1956 827//1956 818//1956
f 829//1957 825//1957 823//1957
f 812//1958 826//1958 817//1958
f 827//1959 830//1959 831//1959 819//1959
f 822//1960 798//1960 800//1960
f 824//1961 822//1961 828//1961
f 828//1962 832//1962 833//1962 824//1962
f 834//1963 835//1963 825//1963 829//1963
f 829//1964 833//1964 834//1964
f 837//1965 838//1965 831//1965 830//1965
f 832//1966 800//1966 806//1966
f 837//1967 835//1967 834//1967
f 837//1968 830//1968 835//1968
f 841//1969 834//1969 833//1969 840//1969
f 839//1970 832//1970 806//1970
f 839//1971 843//1971 840//1971 836//1971
f 840//1972 833//1972 836//1972
f 838//1973 837//1973 842//1973
f 843//1974 839//1974 806//1974
f 88//1975 853//1975 855//1975 854//1975
f 845//1976 837//1976 841//1976
f 842//1977 837//1977 845//1977
f 67//1978 847//1978 79//1978
f 848//1979 850//1979 847//1979
f 88//1980 852//1980 87//1980
f 852//1981 858//1981 848//1981 851//1981
f 851//1982 847//1982 61//1982
f 853//1983 89//1983 103//1983
f 856//1984 853//1984 103//1984
f 848//1985 847//1985 851//1985
f 857//1986 855//1986 853//1986
f 856//1987 857//1987 853//1987
f 854//1988 859//1988 858//1988 852//1988
f 854//1989 855//1989 860//1989 859//1989
f 116//1990 861//1990 856//1990 103//1990
f 870//1991 867//1991 849//1991 868//1991
f 856//1992 862//1992 857//1992
f 863//1993 850//1993 848//1993
f 858//1994 863//1994 848//1994
f 860//1995 864//1995 859//1995
f 860//1996 857//1996 864//1996
f 859//1997 866//1997 858//1997
f 867//1998 277//1998 79//1998
f 847//1999 867//1999 79//1999
f 867//2000 870//2000 285//2000
f 284//2001 285//2001 870//2001 869//2001
f 869//2002 283//2002 284//2002
f 871//2003 870//2003 868//2003 872//2003
f 299//2004 294//2004 292//2004 878//2004
f 873//2005 292//2005 869//2005
f 874//2006 873//2006 871//2006
f 872//2007 875//2007 874//2007
f 877//2008 876//2008 873//2008
f 877//2009 875//2009 881//2009
f 876//2010 877//2010 880//2010 879//2010
f 292//2011 879//2011 878//2011
f 883//2012 879//2012 880//2012 884//2012
f 877//2013 881//2013 880//2013
f 883//2014 305//2014 879//2014
f 313//2015 888//2015 861//2015 116//2015
f 881//2016 885//2016 884//2016
f 884//2017 886//2017 883//2017
f 887//2018 886//2018 884//2018
f 888//2019 893//2019 862//2019 861//2019
f 862//2020 893//2020 889//2020
f 891//2021 859//2021 864//2021 892//2021
f 865//2022 862//2022 889//2022
f 859//2023 891//2023 866//2023
f 895//2024 863//2024 866//2024 896//2024
f 864//2025 890//2025 892//2025
f 864//2026 857//2026 890//2026
f 888//2027 894//2027 893//2027
f 895//2028 868//2028 863//2028
f 898//2029 900//2029 899//2029 894//2029
f 891//2030 896//2030 866//2030
f 892//2031 897//2031 891//2031
f 890//2032 897//2032 892//2032
f 890//2033 865//2033 889//2033
f 897//2034 896//2034 891//2034
f 899//2035 902//2035 901//2035 893//2035
f 899//2036 900//2036 903//2036 902//2036
f 872//2037 868//2037 895//2037 904//2037
f 897//2038 890//2038 906//2038 905//2038
f 901//2039 906//2039 890//2039 889//2039
f 907//2040 901//2040 902//2040 908//2040
f 896//2041 910//2041 904//2041
f 897//2042 910//2042 896//2042
f 875//2043 872//2043 904//2043 909//2043
f 914//2044 910//2044 911//2044 915//2044
f 904//2045 910//2045 909//2045
f 911//2046 910//2046 905//2046
f 906//2047 907//2047 911//2047
f 906//2048 901//2048 907//2048
f 910//2049 897//2049 905//2049
f 903//2050 913//2050 908//2050
f 875//2051 909//2051 882//2051
f 882//2052 914//2052 912//2052
f 910//2053 914//2053 882//2053
f 915//2054 911//2054 907//2054 916//2054
f 920//2055 885//2055 912//2055 921//2055
f 912//2056 885//2056 882//2056
f 915//2057 917//2057 914//2057
f 915//2058 918//2058 917//2058
f 921//2059 912//2059 917//2059 922//2059
f 923//2060 924//2060 927//2060 926//2060
f 916//2061 923//2061 918//2061
f 924//2062 923//2062 919//2062
f 922//2063 918//2063 932//2063 931//2063
f 885//2064 928//2064 887//2064
f 921//2065 952//2065 920//2065
f 929//2066 952//2066 921//2066
f 922//2067 931//2067 929//2067
f 934//2068 935//2068 936//2068 937//2068
f 954//2069 931//2069 932//2069
f 933//2070 925//2070 926//2070
f 883//2071 479//2071 309//2071
f 886//2072 887//2072 934//2072
f 887//2073 935//2073 934//2073
f 479//2074 934//2074 485//2074
f 485//2075 934//2075 937//2075 493//2075
f 937//2076 936//2076 938//2076 494//2076
f 940//2077 494//2077 938//2077 941//2077
f 940//2078 505//2078 494//2078
f 511//2079 940//2079 945//2079 517//2079
f 939//2080 943//2080 941//2080
f 942//2081 944//2081 943//2081
f 945//2082 943//2082 947//2082 946//2082
f 946//2083 525//2083 945//2083
f 935//2084 887//2084 928//2084 951//2084
f 943//2085 948//2085 947//2085
f 944//2086 948//2086 943//2086
f 949//2087 948//2087 944//2087
f 946//2088 531//2088 525//2088
f 949//2089 950//2089 948//2089
f 928//2090 920//2090 952//2090 951//2090
f 936//2091 935//2091 951//2091 959//2091
f 955//2092 930//2092 954//2092
f 925//2093 956//2093 954//2093
f 933//2094 956//2094 925//2094
f 926//2095 957//2095 933//2095
f 953//2096 930//2096 961//2096 960//2096
f 953//2097 960//2097 959//2097
f 956//2098 962//2098 966//2098 955//2098
f 966//2099 961//2099 955//2099
f 958//2100 964//2100 963//2100 933//2100
f 933//2101 962//2101 956//2101
f 963//2102 962//2102 933//2102
f 973//2103 969//2103 970//2103 974//2103
f 959//2104 939//2104 938//2104
f 965//2105 939//2105 960//2105
f 961//2106 965//2106 960//2106
f 966//2107 965//2107 961//2107
f 962//2108 967//2108 966//2108
f 968//2109 962//2109 963//2109
f 964//2110 968//2110 963//2110
f 970//2111 969//2111 966//2111
f 967//2112 970//2112 966//2112
f 969//2113 944//2113 965//2113
f 979//2114 977//2114 982//2114 981//2114
f 975//2115 949//2115 973//2115
f 974//2116 975//2116 973//2116
f 975//2117 950//2117 949//2117
f 964//2118 977//2118 968//2118
f 978//2119 977//2119 964//2119
f 979//2120 972//2120 971//2120
f 977//2121 979//2121 968//2121
f 982//2122 977//2122 978//2122
f 979//2123 980//2123 972//2123
f 979//2124 981//2124 980//2124
f 974//2125 980//2125 984//2125 976//2125
f 972//2126 980//2126 974//2126
f 982//2127 983//2127 981//2127
f 989//2128 900//2128 987//2128 990//2128
f 983//2129 986//2129 985//2129
f 670//2130 898//2130 315//2130
f 670//2131 987//2131 898//2131
f 987//2132 900//2132 898//2132
f 989//2133 903//2133 900//2133
f 678//2134 988//2134 987//2134
f 994//2135 990//2135 988//2135 993//2135
f 988//2136 990//2136 987//2136
f 989//2137 992//2137 913//2137
f 992//2138 919//2138 913//2138
f 693//2139 993//2139 687//2139
f 992//2140 994//2140 997//2140 924//2140
f 991//2141 994//2141 992//2141
f 991//2142 990//2142 994//2142
f 998//2143 1003//2143 1004//2143 999//2143
f 996//2144 997//2144 994//2144
f 998//2145 693//2145 697//2145
f 999//2146 996//2146 995//2146
f 999//2147 995//2147 998//2147
f 1000//2148 996//2148 999//2148
f 1001//2149 996//2149 1000//2149
f 1002//2150 957//2150 927//2150
f 1002//2151 997//2151 1001//2151
f 1002//2152 1007//2152 958//2152 957//2152
f 999//2153 1004//2153 1000//2153
f 1000//2154 1005//2154 1001//2154
f 1004//2155 1005//2155 1000//2155
f 1013//2156 1014//2156 1008//2156 1003//2156
f 1004//2157 1003//2157 1008//2157
f 1009//2158 1005//2158 1004//2158
f 1012//2159 1010//2159 1005//2159
f 1009//2160 1012//2160 1005//2160
f 1006//2161 1010//2161 1011//2161
f 1006//2162 1001//2162 1010//2162
f 1007//2163 964//2163 958//2163
f 1007//2164 1002//2164 1011//2164
f 1003//2165 816//2165 819//2165
f 1016//2166 1010//2166 1012//2166 1017//2166
f 1008//2167 1014//2167 1009//2167
f 1009//2168 1015//2168 1012//2168
f 1027//2169 1028//2169 1026//2169 1034//2169
f 1012//2170 1018//2170 1017//2170
f 1011//2171 1020//2171 1019//2171
f 1011//2172 1016//2172 1020//2172
f 1011//2173 1010//2173 1016//2173
f 1018//2174 1023//2174 1017//2174
f 1018//2175 1015//2175 1022//2175
f 1026//2176 1023//2176 1022//2176
f 1026//2177 1022//2177 1034//2177
f 1029//2178 1025//2178 1023//2178 1028//2178
f 1032//2179 1035//2179 1036//2179 1033//2179
f 1030//2180 1028//2180 1027//2180
f 1013//2181 819//2181 1031//2181
f 1033//2182 1014//2182 1031//2182
f 1021//2183 1014//2183 1033//2183
f 1034//2184 1022//2184 1021//2184
f 1032//2185 831//2185 838//2185
f 1033//2186 1031//2186 1032//2186
f 1054//2187 1053//2187 1050//2187 1052//2187
f 1034//2188 1033//2188 1037//2188
f 1035//2189 838//2189 846//2189
f 1019//2190 1038//2190 978//2190
f 1020//2191 1038//2191 1019//2191
f 1020//2192 1016//2192 1024//2192
f 1020//2193 1039//2193 1038//2193
f 1024//2194 1025//2194 1039//2194
f 1029//2195 1041//2195 1025//2195
f 1040//2196 983//2196 982//2196
f 1039//2197 1041//2197 1042//2197
f 1043//2198 986//2198 1040//2198
f 1042//2199 1043//2199 1040//2199
f 316//2200 319//2200 1045//2200
f 1046//2201 318//2201 1045//2201
f 1045//2202 319//2202 1044//2202
f 1046//2203 1045//2203 1047//2203
f 1049//2204 1045//2204 1044//2204
f 1047//2205 1049//2205 1050//2205
f 1051//2206 1046//2206 1047//2206
f 1052//2207 1049//2207 1048//2207
f 1047//2208 1050//2208 1053//2208
f 340//2209 1063//2209 1061//2209 339//2209
f 1051//2210 1053//2210 1055//2210
f 1053//2211 1054//2211 1056//2211
f 1059//2212 342//2212 339//2212
f 1066//2213 1088//2213 1060//2213 1059//2213
f 1063//2214 1064//2214 1062//2214
f 1061//2215 1063//2215 1062//2215
f 1077//2216 1075//2216 1069//2216 1073//2216
f 1066//2217 1059//2217 1061//2217
f 1067//2218 1061//2218 1062//2218
f 1065//2219 1068//2219 1064//2219
f 1088//2220 1066//2220 1070//2220
f 1071//2221 1067//2221 1062//2221
f 1062//2222 1068//2222 1071//2222
f 1073//2223 1069//2223 1067//2223
f 1070//2224 1069//2224 1075//2224
f 1078//2225 1077//2225 1073//2225 1071//2225
f 1084//2226 1086//2226 1048//2226 1044//2226
f 1079//2227 1078//2227 1074//2227
f 1076//2228 1075//2228 1080//2228
f 1075//2229 1077//2229 1082//2229
f 1080//2230 1075//2230 1082//2230
f 1077//2231 1078//2231 1083//2231
f 1077//2232 1083//2232 1082//2232
f 319//2233 1085//2233 1044//2233
f 1060//2234 373//2234 342//2234
f 377//2235 373//2235 1060//2235
f 1044//2236 1085//2236 1084//2236
f 1//2237 2//2237 5//2237 4//2237
f 1060//2238 1088//2238 1087//2238 376//2238
f 1088//2239 1090//2239 1089//2239 1087//2239
f 1089//2240 1086//2240 1087//2240
f 1091//2241 1054//2241 1052//2241 1086//2241
f 1094//2242 1092//2242 1089//2242 1090//2242
f 1076//2243 1080//2243 1097//2243 1094//2243
f 1092//2244 1093//2244 1091//2244
f 1094//2245 1070//2245 1076//2245
f 1054//2246 1091//2246 1095//2246
f 1054//2247 1095//2247 1056//2247
f 1096//2248 1093//2248 1094//2248 1097//2248
f 1101//2249 1100//2249 1096//2249 1097//2249
f 1057//2250 1095//2250 1098//2250
f 1095//2251 1099//2251 1098//2251
f 1106//2252 416//2252 378//2252 1107//2252
f 1102//2253 1101//2253 1080//2253
f 1102//2254 1103//2254 1101//2254
f 1103//2255 1100//2255 1101//2255
f 1111//2256 1104//2256 1106//2256 1108//2256
f 1116//2257 1113//2257 1119//2257 1118//2257
f 1109//2258 1108//2258 1107//2258
f 1111//2259 1110//2259 1120//2259
f 1111//2260 1112//2260 1110//2260
f 1113//2261 1112//2261 1108//2261
f 1109//2262 1114//2262 1113//2262
f 1116//2263 1115//2263 1112//2263
f 1114//2264 1117//2264 1113//2264
f 1116//2265 1118//2265 1115//2265
f 1129//2266 471//2266 472//2266 1134//2266
f 1117//2267 1119//2267 1113//2267
f 415//2268 1064//2268 343//2268
f 1120//2269 1065//2269 415//2269
f 1121//2270 1074//2270 1072//2270
f 1110//2271 1121//2271 1072//2271
f 1110//2272 1115//2272 1122//2272
f 1121//2273 1122//2273 1079//2273
f 1122//2274 1123//2274 1079//2274
f 1123//2275 1081//2275 1079//2275
f 1122//2276 1124//2276 1123//2276
f 1235//2277 1124//2277 1115//2277
f 1105//2278 1126//2278 1109//2278
f 1126//2279 1127//2279 1109//2279
f 466//2280 470//2280 1105//2280
f 467//2281 1128//2281 470//2281
f 468//2282 1129//2282 1128//2282
f 1130//2283 470//2283 1128//2283 1131//2283
f 473//2284 1134//2284 472//2284
f 470//2285 1130//2285 1126//2285
f 1131//2286 1128//2286 1129//2286 1133//2286
f 1132//2287 1133//2287 1134//2287 1136//2287
f 1134//2288 1133//2288 1129//2288
f 473//2289 1135//2289 1134//2289
f 1127//2290 1126//2290 1130//2290 1137//2290
f 1140//2291 1132//2291 1136//2291 1141//2291
f 1138//2292 1137//2292 1131//2292
f 1132//2293 1138//2293 1131//2293
f 1138//2294 1139//2294 1137//2294
f 1138//2295 1140//2295 1139//2295
f 1142//2296 1145//2296 1149//2296 1148//2296
f 1127//2297 1117//2297 1114//2297
f 1142//2298 1117//2298 1127//2298
f 1143//2299 1142//2299 1137//2299
f 1143//2300 1145//2300 1142//2300
f 1150//2301 1145//2301 1139//2301
f 1146//2302 1150//2302 1140//2302
f 1117//2303 1148//2303 1125//2303
f 1154//2304 527//2304 528//2304 1155//2304
f 1145//2305 1150//2305 1149//2305
f 1146//2306 1286//2306 1150//2306
f 526//2307 1153//2307 473//2307
f 1154//2308 1155//2308 529//2308 1157//2308
f 1153//2309 1156//2309 1135//2309
f 1154//2310 1156//2310 527//2310
f 530//2311 531//2311 1158//2311 1157//2311
f 1135//2312 1156//2312 1160//2312 1159//2312
f 1135//2313 1159//2313 1136//2313
f 1166//2314 1161//2314 1157//2314 1167//2314
f 1158//2315 1162//2315 1157//2315
f 1164//2316 1163//2316 1159//2316
f 1165//2317 1164//2317 1160//2317
f 1161//2318 1166//2318 1165//2318
f 1167//2319 1157//2319 1162//2319 1169//2319
f 1162//2320 1158//2320 1174//2320 1169//2320
f 1136//2321 1163//2321 1170//2321 1141//2321
f 1172//2322 1165//2322 1166//2322 1173//2322
f 1164//2323 1171//2323 1163//2323
f 1165//2324 1172//2324 1171//2324
f 1177//2325 1173//2325 1168//2325 1178//2325
f 1172//2326 1177//2326 1176//2326
f 1173//2327 1177//2327 1172//2327
f 1168//2328 1169//2328 1179//2328 1178//2328
f 1179//2329 1169//2329 1174//2329 1180//2329
f 1147//2330 1144//2330 1170//2330 1181//2330
f 1177//2331 1178//2331 1184//2331 1183//2331
f 1171//2332 1182//2332 1175//2332
f 1176//2333 1182//2333 1171//2333
f 1177//2334 1183//2334 1182//2334
f 1181//2335 1175//2335 1186//2335 1185//2335
f 1181//2336 1185//2336 1152//2336
f 1190//2337 1183//2337 1184//2337 1191//2337
f 1186//2338 1187//2338 1185//2338
f 1186//2339 1188//2339 1187//2339
f 1182//2340 1188//2340 1186//2340
f 1189//2341 1188//2341 1182//2341
f 1193//2342 1183//2342 1190//2342 1194//2342
f 1192//2343 1191//2343 1184//2343
f 1195//2344 1194//2344 1191//2344 1196//2344
f 1191//2345 1194//2345 1190//2345
f 1200//2346 1203//2346 1199//2346 1083//2346
f 1208//2347 1210//2347 1211//2347 1209//2347
f 1081//2348 1204//2348 1200//2348
f 1212//2349 1214//2349 1215//2349 1213//2349
f 1213//2350 1208//2350 1099//2350
f 1213//2351 1099//2351 1212//2351
f 1102//2352 1080//2352 1198//2352
f 1202//2353 1221//2353 1102//2353 1198//2353
f 1216//2354 1210//2354 1213//2354
f 1214//2355 1103//2355 1217//2355
f 1215//2356 1214//2356 1217//2356
f 1223//2357 1215//2357 1217//2357
f 1224//2358 1225//2358 1218//2358 1223//2358
f 1219//2359 1102//2359 1221//2359
f 1222//2360 1217//2360 1219//2360
f 1225//2361 1224//2361 1231//2361 1228//2361
f 1218//2362 1226//2362 1216//2362
f 1227//2363 1226//2363 1225//2363
f 1227//2364 1574//2364 1226//2364
f 1227//2365 1225//2365 1228//2365 1229//2365
f 1227//2366 1229//2366 1230//2366 1574//2366
f 1221//2367 1207//2367 1232//2367 1219//2367
f 1231//2368 1224//2368 1222//2368
f 1207//2369 1221//2369 1205//2369
f 1234//2370 1124//2370 1236//2370 1239//2370
f 1232//2371 1233//2371 1222//2371
f 1124//2372 1234//2372 1123//2372
f 1236//2373 1124//2373 1235//2373
f 1118//2374 1236//2374 1235//2374
f 1118//2375 1237//2375 1236//2375
f 1125//2376 1237//2376 1119//2376
f 1238//2377 1204//2377 1201//2377
f 1204//2378 1238//2378 1246//2378 1206//2378
f 1239//2379 1241//2379 1234//2379
f 1237//2380 1239//2380 1236//2380
f 1238//2381 1234//2381 1241//2381
f 1246//2382 1242//2382 1253//2382 1247//2382
f 1242//2383 1238//2383 1241//2383
f 1240//2384 1244//2384 1243//2384
f 1245//2385 1205//2385 1206//2385
f 1245//2386 1206//2386 1246//2386
f 1247//2387 1245//2387 1246//2387
f 1242//2388 1239//2388 1248//2388
f 1253//2389 1242//2389 1248//2389 1249//2389
f 1249//2390 1243//2390 1244//2390 1250//2390
f 1243//2391 1248//2391 1239//2391
f 1243//2392 1249//2392 1248//2392
f 1255//2393 1256//2393 1257//2393 1277//2393
f 1244//2394 1251//2394 1250//2394
f 1252//2395 1207//2395 1245//2395
f 1255//2396 1247//2396 1253//2396
f 1256//2397 1255//2397 1249//2397
f 1251//2398 1258//2398 1256//2398
f 1260//2399 1262//2399 1263//2399 1590//2399
f 1229//2400 1259//2400 1230//2400
f 1261//2401 1229//2401 1228//2401
f 1262//2402 1260//2402 1229//2402
f 1260//2403 1259//2403 1229//2403
f 1233//2404 1232//2404 1268//2404 1269//2404
f 1261//2405 1231//2405 1233//2405
f 1267//2406 1268//2406 1232//2406
f 1271//2407 1272//2407 1265//2407 1264//2407
f 1269//2408 1270//2408 1261//2408
f 1270//2409 1262//2409 1261//2409
f 1270//2410 1263//2410 1262//2410
f 1264//2411 1590//2411 1263//2411
f 1271//2412 1264//2412 1263//2412
f 1272//2413 1274//2413 1266//2413 1265//2413
f 1273//2414 1274//2414 1272//2414
f 1268//2415 1267//2415 1275//2415 1276//2415
f 1292//2416 1289//2416 1185//2416 1293//2416
f 1276//2417 1269//2417 1268//2417
f 1277//2418 1252//2418 1254//2418
f 1277//2419 1278//2419 1275//2419
f 1278//2420 1276//2420 1275//2420
f 1279//2421 1270//2421 1276//2421
f 1279//2422 1271//2422 1270//2422
f 1279//2423 1272//2423 1271//2423
f 1280//2424 1278//2424 1257//2424
f 1280//2425 1281//2425 1278//2425
f 1281//2426 1282//2426 1279//2426
f 1280//2427 1283//2427 1281//2427
f 1282//2428 1273//2428 1272//2428
f 1148//2429 1284//2429 1125//2429
f 1149//2430 1284//2430 1148//2430
f 1149//2431 1285//2431 1284//2431
f 1150//2432 1286//2432 1285//2432
f 1152//2433 1185//2433 1289//2433
f 1284//2434 1240//2434 1125//2434
f 1285//2435 1294//2435 1284//2435
f 1285//2436 1290//2436 1294//2436
f 1287//2437 1291//2437 1290//2437
f 1240//2438 1284//2438 1294//2438 1244//2438
f 1291//2439 1288//2439 1299//2439 1297//2439
f 1290//2440 1296//2440 1295//2440
f 1290//2441 1297//2441 1296//2441
f 1297//2442 1299//2442 1298//2442
f 1251//2443 1244//2443 1295//2443 1301//2443
f 1294//2444 1295//2444 1244//2444
f 1306//2445 1301//2445 1296//2445 1298//2445
f 1292//2446 1300//2446 1304//2446 1303//2446
f 1299//2447 1303//2447 1302//2447
f 1251//2448 1301//2448 1305//2448 1258//2448
f 1274//2449 1273//2449 1311//2449 1312//2449
f 1310//2450 1314//2450 1315//2450 1311//2450
f 1305//2451 1313//2451 1309//2451
f 1266//2452 1312//2452 1316//2452 1317//2452
f 1316//2453 1312//2453 1311//2453
f 1313//2454 1318//2454 1319//2454 1310//2454
f 1318//2455 1306//2455 1320//2455 1321//2455
f 1320//2456 1302//2456 1303//2456 1322//2456
f 1321//2457 1319//2457 1318//2457
f 1322//2458 1321//2458 1320//2458
f 1323//2459 1303//2459 1304//2459 1324//2459
f 1303//2460 1323//2460 1322//2460
f 1283//2461 1280//2461 1309//2461 1310//2461
f 1324//2462 1325//2462 1323//2462
f 1305//2463 1309//2463 1280//2463
f 1273//2464 1282//2464 1283//2464 1311//2464
f 1319//2465 1321//2465 1328//2465 1314//2465
f 1326//2466 1317//2466 1316//2466
f 1327//2467 1315//2467 1314//2467
f 1326//2468 1315//2468 1327//2468 1329//2468
f 1333//2469 1332//2469 1325//2469 1335//2469
f 1329//2470 1317//2470 1326//2470
f 1323//2471 1332//2471 1322//2471
f 1332//2472 1333//2472 1330//2472
f 1329//2473 1327//2473 1339//2473 1341//2473
f 1339//2474 1327//2474 1328//2474
f 1341//2475 1343//2475 1334//2475 1331//2475
f 1340//2476 1328//2476 1330//2476
f 1340//2477 1339//2477 1328//2477
f 1340//2478 1341//2478 1339//2478
f 1341//2479 1331//2479 1329//2479
f 1333//2480 1342//2480 1340//2480
f 1342//2481 1341//2481 1340//2481
f 1342//2482 1343//2482 1341//2482
f 1342//2483 1333//2483 1335//2483 1336//2483
f 1342//2484 1336//2484 1337//2484 1343//2484
f 1343//2485 1337//2485 1338//2485 1334//2485
f 1193//2486 1194//2486 1195//2486 1347//2486
f 1346//2487 1188//2487 1189//2487
f 1344//2488 1300//2488 1293//2488
f 1354//2489 1347//2489 1196//2489 1348//2489
f 1196//2490 1347//2490 1195//2490
f 1348//2491 1196//2491 1350//2491 1349//2491
f 1350//2492 1197//2492 1361//2492 1349//2492
f 1197//2493 1350//2493 1196//2493
f 1352//2494 1188//2494 1346//2494 1353//2494
f 1354//2495 1348//2495 1349//2495 1358//2495
f 1347//2496 1354//2496 1193//2496
f 1354//2497 1358//2497 1355//2497
f 1355//2498 1358//2498 1359//2498 1356//2498
f 1356//2499 1359//2499 1360//2499 1357//2499
f 1358//2500 1351//2500 1362//2500 1359//2500
f 1351//2501 1349//2501 1361//2501
f 1351//2502 1358//2502 1349//2502
f 1345//2503 1344//2503 1352//2503 1365//2503
f 1362//2504 1360//2504 1359//2504
f 1363//2505 1351//2505 1361//2505
f 1363//2506 1364//2506 1362//2506
f 1367//2507 1354//2507 1355//2507 1368//2507
f 1353//2508 1366//2508 1365//2508
f 1367//2509 1366//2509 1354//2509
f 1377//2510 1376//2510 1372//2510 1373//2510
f 1356//2511 1368//2511 1355//2511
f 1357//2512 1369//2512 1356//2512
f 1370//2513 1369//2513 1357//2513
f 1345//2514 1371//2514 1304//2514
f 1365//2515 1371//2515 1345//2515
f 1365//2516 1372//2516 1371//2516
f 1366//2517 1372//2517 1365//2517
f 1367//2518 1373//2518 1366//2518
f 1356//2519 1375//2519 1368//2519
f 1369//2520 1375//2520 1356//2520
f 1371//2521 1325//2521 1324//2521
f 1372//2522 1325//2522 1371//2522
f 1378//2523 1380//2523 1374//2523 1379//2523
f 1378//2524 1377//2524 1373//2524 1375//2524
f 1338//2525 1337//2525 1378//2525 1379//2525
f 1376//2526 1377//2526 1335//2526
f 1377//2527 1336//2527 1335//2527
f 1381//2528 1378//2528 1337//2528
f 1046//2529 1051//2529 1389//2529 1387//2529
f 1377//2530 1378//2530 1381//2530
f 1381//2531 1337//2531 1336//2531
f 1383//2532 318//2532 1382//2532
f 708//2533 707//2533 1382//2533
f 1382//2534 318//2534 1385//2534
f 708//2535 1382//2535 1386//2535
f 1384//2536 708//2536 1386//2536
f 1387//2537 1382//2537 1385//2537
f 1388//2538 1384//2538 1386//2538
f 1387//2539 1389//2539 1390//2539 1386//2539
f 1390//2540 1391//2540 1388//2540 1386//2540
f 1055//2541 1394//2541 1389//2541 1051//2541
f 1392//2542 1390//2542 1389//2542
f 1391//2543 1390//2543 1393//2543
f 748//2544 752//2544 1399//2544 753//2544
f 1393//2545 1392//2545 1395//2545
f 1394//2546 1055//2546 1058//2546
f 1396//2547 1392//2547 1394//2547
f 1395//2548 1392//2548 1396//2548
f 1397//2549 1394//2549 1058//2549
f 1396//2550 1394//2550 1397//2550
f 747//2551 707//2551 708//2551
f 752//2552 708//2552 1398//2552
f 754//2553 1405//2553 1406//2553 1401//2553
f 1399//2554 752//2554 1403//2554
f 756//2555 755//2555 1401//2555
f 1402//2556 756//2556 1401//2556
f 1398//2557 708//2557 1384//2557
f 1403//2558 752//2558 1398//2558
f 1404//2559 1399//2559 1403//2559
f 1404//2560 1400//2560 1399//2560
f 1398//2561 1388//2561 1407//2561 1403//2561
f 1402//2562 1401//2562 1406//2562
f 1398//2563 1384//2563 1388//2563
f 1408//2564 1409//2564 1405//2564 1400//2564
f 1404//2565 1403//2565 1407//2565
f 1407//2566 1411//2566 1412//2566 1404//2566
f 1410//2567 1402//2567 1406//2567
f 1407//2568 1388//2568 1411//2568
f 1408//2569 1416//2569 1417//2569 1409//2569
f 1408//2570 1404//2570 1412//2570
f 1410//2571 1406//2571 1413//2571
f 1414//2572 1411//2572 1391//2572
f 1415//2573 1412//2573 1411//2573
f 1408//2574 1412//2574 1416//2574
f 763//2575 764//2575 1431//2575 765//2575
f 1413//2576 1409//2576 1417//2576
f 1421//2577 1413//2577 1417//2577
f 1427//2578 1423//2578 1419//2578
f 1416//2579 1415//2579 1423//2579
f 1420//2580 1416//2580 1428//2580
f 1424//2581 1421//2581 1420//2581
f 1427//2582 1419//2582 1422//2582
f 1561//2583 1428//2583 1427//2583
f 1432//2584 1433//2584 764//2584 756//2584
f 1431//2585 1433//2585 1434//2585 1435//2585
f 1438//2586 1439//2586 1433//2586 1432//2586
f 1436//2587 1435//2587 1434//2587
f 1438//2588 1432//2588 1410//2588
f 1439//2589 1440//2589 1434//2589 1433//2589
f 1418//2590 1441//2590 1439//2590 1438//2590
f 1437//2591 1434//2591 1440//2591
f 1418//2592 1438//2592 1410//2592
f 1439//2593 1441//2593 1443//2593 1440//2593
f 1440//2594 1443//2594 1444//2594 1437//2594
f 1444//2595 1446//2595 1436//2595 1437//2595
f 1445//2596 1446//2596 1444//2596
f 1421//2597 1425//2597 1453//2597 1418//2597
f 1446//2598 1448//2598 1447//2598
f 1453//2599 1441//2599 1418//2599
f 1449//2600 1442//2600 1441//2600
f 1450//2601 1445//2601 1442//2601
f 1445//2602 1444//2602 1442//2602
f 1450//2603 1451//2603 1445//2603
f 1442//2604 1455//2604 1456//2604 1450//2604
f 1453//2605 1454//2605 1441//2605
f 1454//2606 1455//2606 1449//2606
f 1454//2607 1449//2607 1441//2607
f 1455//2608 1442//2608 1449//2608
f 1458//2609 1457//2609 1464//2609 1465//2609
f 1457//2610 1458//2610 1456//2610
f 1459//2611 1446//2611 1451//2611
f 1452//2612 1448//2612 1459//2612
f 1463//2613 1455//2613 1454//2613
f 1577//2614 1455//2614 1463//2614
f 1466//2615 1435//2615 1470//2615 790//2615
f 1466//2616 786//2616 765//2616
f 1470//2617 1467//2617 790//2617
f 789//2618 788//2618 1468//2618
f 1435//2619 1466//2619 765//2619
f 1478//2620 1482//2620 1483//2620 1484//2620
f 1471//2621 1467//2621 1470//2621
f 1469//2622 1468//2622 1467//2622
f 1469//2623 1467//2623 1471//2623
f 1473//2624 1471//2624 1470//2624
f 1469//2625 1471//2625 1474//2625
f 1475//2626 1472//2626 1474//2626
f 1472//2627 1469//2627 1474//2627
f 1447//2628 1473//2628 1436//2628
f 1447//2629 1474//2629 1473//2629
f 1448//2630 1476//2630 1447//2630
f 1475//2631 1474//2631 1447//2631
f 1476//2632 1475//2632 1447//2632
f 1477//2633 1472//2633 1475//2633
f 1452//2634 1476//2634 1448//2634
f 1482//2635 1461//2635 1465//2635
f 1482//2636 1478//2636 1461//2636
f 1484//2637 1483//2637 1485//2637 1486//2637
f 1484//2638 1479//2638 1478//2638
f 1496//2639 1497//2639 1490//2639 1489//2639
f 1479//2640 1486//2640 1480//2640
f 1486//2641 1487//2641 1481//2641
f 1486//2642 1481//2642 1480//2642
f 807//2643 811//2643 1489//2643
f 1490//2644 807//2644 1489//2644
f 1493//2645 1492//2645 1495//2645
f 1494//2646 1468//2646 1472//2646
f 1496//2647 1500//2647 1503//2647 1497//2647
f 1491//2648 1490//2648 1497//2648
f 1498//2649 1495//2649 1491//2649
f 1500//2650 1496//2650 1494//2650
f 1501//2651 1502//2651 1498//2651 1497//2651
f 1505//2652 1555//2652 1556//2652 1502//2652
f 1499//2653 1495//2653 1502//2653
f 1500//2654 1472//2654 1477//2654
f 1503//2655 1500//2655 1507//2655
f 1504//2656 1501//2656 1503//2656
f 1501//2657 1504//2657 1502//2657
f 1502//2658 1504//2658 1505//2658
f 1476//2659 1452//2659 1506//2659 1507//2659
f 1556//2660 1499//2660 1502//2660
f 1477//2661 1475//2661 1476//2661
f 1510//2662 1508//2662 1504//2662 1503//2662
f 1507//2663 1500//2663 1477//2663
f 1510//2664 1503//2664 1507//2664
f 1478//2665 1479//2665 1510//2665 1506//2665
f 1504//2666 1508//2666 1505//2666
f 1555//2667 1505//2667 1509//2667
f 1510//2668 1507//2668 1506//2668
f 1516//2669 1517//2669 1518//2669 1512//2669
f 1479//2670 1508//2670 1510//2670
f 1515//2671 1517//2671 1516//2671
f 1518//2672 1519//2672 1513//2672 1511//2672
f 1518//2673 1511//2673 1512//2673
f 1481//2674 1523//2674 1514//2674 1509//2674
f 1515//2675 1516//2675 1523//2675 1525//2675
f 1515//2676 1526//2676 1527//2676 1517//2676
f 1523//2677 1516//2677 1514//2677
f 1526//2678 1525//2678 1524//2678
f 1524//2679 1530//2679 1531//2679 1526//2679
f 1519//2680 1517//2680 1527//2680
f 1528//2681 1519//2681 1527//2681
f 1529//2682 1520//2682 1519//2682
f 1521//2683 1520//2683 1529//2683
f 1525//2684 1487//2684 1488//2684
f 1525//2685 1530//2685 1524//2685
f 1528//2686 1625//2686 1534//2686 1535//2686
f 1532//2687 1533//2687 1531//2687
f 1533//2688 1527//2688 1526//2688
f 1532//2689 1528//2689 1533//2689
f 1528//2690 1527//2690 1533//2690
f 1529//2691 1519//2691 1528//2691
f 1538//2692 1539//2692 842//2692 845//2692
f 1535//2693 1521//2693 1529//2693
f 1522//2694 1521//2694 1535//2694
f 843//2695 810//2695 1493//2695
f 1537//2696 840//2696 843//2696
f 1538//2697 841//2697 844//2697
f 845//2698 841//2698 1538//2698
f 843//2699 1493//2699 1545//2699 1537//2699
f 846//2700 842//2700 1539//2700
f 844//2701 1540//2701 1542//2701 1538//2701
f 844//2702 1537//2702 1540//2702
f 1542//2703 1540//2703 1541//2703
f 1495//2704 1499//2704 1545//2704 1493//2704
f 1543//2705 846//2705 1539//2705
f 1547//2706 1548//2706 1538//2706 1542//2706
f 1547//2707 1542//2707 1541//2707
f 1539//2708 1548//2708 1549//2708 1543//2708
f 1548//2709 1539//2709 1538//2709
f 1546//2710 1552//2710 1553//2710 1541//2710
f 1550//2711 1545//2711 1499//2711
f 1552//2712 1551//2712 1511//2712
f 1550//2713 1555//2713 1512//2713 1551//2713
f 1556//2714 1550//2714 1499//2714
f 1550//2715 1556//2715 1555//2715
f 1513//2716 1520//2716 1547//2716 1553//2716
f 1513//2717 1552//2717 1511//2717
f 1553//2718 1552//2718 1513//2718
f 1397//2719 1209//2719 1557//2719 1396//2719
f 1554//2720 1547//2720 1520//2720
f 1521//2721 1554//2721 1520//2721
f 1397//2722 1058//2722 1209//2722
f 1426//2723 1557//2723 1559//2723 1560//2723
f 1557//2724 1426//2724 1396//2724
f 1558//2725 1422//2725 1426//2725
f 1571//2726 1564//2726 1430//2726 1429//2726
f 1561//2727 1427//2727 1558//2727
f 1563//2728 1428//2728 1561//2728
f 1562//2729 1563//2729 1561//2729
f 1569//2730 1429//2730 1563//2730
f 1429//2731 1428//2731 1563//2731
f 1568//2732 1570//2732 1571//2732 1569//2732
f 1565//2733 1209//2733 1211//2733
f 1565//2734 1557//2734 1209//2734
f 1211//2735 1566//2735 1565//2735
f 1566//2736 1559//2736 1565//2736
f 1559//2737 1557//2737 1565//2737
f 1567//2738 1559//2738 1566//2738
f 1562//2739 1558//2739 1560//2739
f 1567//2740 1568//2740 1560//2740
f 1569//2741 1562//2741 1568//2741
f 1569//2742 1563//2742 1562//2742
f 1571//2743 1570//2743 1573//2743 1564//2743
f 1216//2744 1226//2744 1574//2744 1220//2744
f 1566//2745 1216//2745 1220//2745
f 1567//2746 1566//2746 1220//2746
f 1580//2747 1581//2747 1575//2747 1573//2747
f 1570//2748 1568//2748 1574//2748
f 1230//2749 1572//2749 1574//2749
f 1572//2750 1570//2750 1574//2750
f 1576//2751 1462//2751 1575//2751
f 1577//2752 1463//2752 1576//2752
f 1578//2753 1457//2753 1456//2753
f 1464//2754 1457//2754 1579//2754
f 1580//2755 1570//2755 1572//2755
f 1581//2756 1586//2756 1582//2756 1575//2756
f 1582//2757 1583//2757 1578//2757 1577//2757
f 1582//2758 1576//2758 1575//2758
f 1582//2759 1577//2759 1576//2759
f 1587//2760 1264//2760 1265//2760 1588//2760
f 1584//2761 1579//2761 1578//2761
f 1259//2762 1572//2762 1230//2762
f 1581//2763 1572//2763 1259//2763
f 1587//2764 1582//2764 1586//2764
f 1583//2765 1582//2765 1587//2765
f 1588//2766 1583//2766 1587//2766
f 1589//2767 1584//2767 1588//2767
f 1589//2768 1585//2768 1584//2768
f 1587//2769 1260//2769 1590//2769
f 1265//2770 1266//2770 1591//2770 1588//2770
f 1485//2771 1596//2771 1597//2771 1487//2771
f 1592//2772 1465//2772 1579//2772
f 1465//2773 1464//2773 1579//2773
f 1482//2774 1465//2774 1593//2774
f 1599//2775 1594//2775 1593//2775
f 1594//2776 1483//2776 1482//2776
f 1596//2777 1483//2777 1595//2777
f 1585//2778 1598//2778 1592//2778 1579//2778
f 1592//2779 1598//2779 1599//2779 1465//2779
f 1597//2780 1608//2780 1609//2780 1488//2780
f 1600//2781 1594//2781 1599//2781
f 1601//2782 1602//2782 1600//2782
f 1602//2783 1595//2783 1594//2783
f 1608//2784 1597//2784 1596//2784
f 1589//2785 1603//2785 1598//2785 1585//2785
f 1604//2786 1605//2786 1600//2786 1599//2786
f 1591//2787 1307//2787 1603//2787 1589//2787
f 1601//2788 1600//2788 1605//2788
f 1606//2789 1602//2789 1601//2789
f 1607//2790 1602//2790 1606//2790
f 1608//2791 1614//2791 1615//2791 1609//2791
f 1611//2792 1605//2792 1610//2792
f 1605//2793 1604//2793 1610//2793
f 1601//2794 1605//2794 1612//2794
f 1613//2795 1606//2795 1612//2795
f 1606//2796 1601//2796 1612//2796
f 1611//2797 1617//2797 1619//2797 1613//2797
f 1317//2798 1617//2798 1616//2798
f 1617//2799 1611//2799 1616//2799
f 1611//2800 1610//2800 1616//2800
f 1612//2801 1605//2801 1611//2801
f 1530//2802 1630//2802 1622//2802 1531//2802
f 1613//2803 1612//2803 1611//2803
f 1607//2804 1606//2804 1613//2804
f 1329//2805 1617//2805 1317//2805
f 1619//2806 1617//2806 1329//2806
f 1331//2807 1618//2807 1619//2807
f 1620//2808 1618//2808 1334//2808
f 1621//2809 1630//2809 1530//2809
f 1621//2810 1530//2810 1488//2810
f 1624//2811 1626//2811 1625//2811 1532//2811
f 1532//2812 1531//2812 1622//2812
f 1624//2813 1532//2813 1623//2813
f 1625//2814 1528//2814 1532//2814
f 1609//2815 1627//2815 1621//2815 1488//2815
f 1626//2816 1534//2816 1625//2816
f 1639//2817 1536//2817 1534//2817
f 1630//2818 1621//2818 1627//2818 1628//2818
f 1622//2819 1630//2819 1632//2819 1623//2819
f 1632//2820 1630//2820 1629//2820
f 1631//2821 1633//2821 1634//2821 1629//2821
f 1632//2822 1629//2822 1634//2822 1635//2822
f 1623//2823 1632//2823 1635//2823 1624//2823
f 1357//2824 1360//2824 1636//2824 1633//2824
f 1635//2825 1634//2825 1636//2825 1637//2825
f 1629//2826 1630//2826 1644//2826 1642//2826
f 1638//2827 1636//2827 1360//2827
f 1639//2828 1534//2828 1626//2828
f 1640//2829 1637//2829 1638//2829
f 1640//2830 1626//2830 1637//2830
f 1609//2831 1641//2831 1627//2831
f 1357//2832 1633//2832 1631//2832 1370//2832
f 1644//2833 1630//2833 1628//2833
f 1620//2834 1645//2834 1646//2834 1615//2834
f 1615//2835 1641//2835 1609//2835
f 1644//2836 1628//2836 1641//2836
f 1374//2837 1631//2837 1642//2837
f 946//2838 947//2838 1648//2838 1647//2838
f 1646//2839 1641//2839 1615//2839
f 1646//2840 1644//2840 1641//2840
f 1374//2841 1643//2841 1379//2841
f 1374//2842 1642//2842 1643//2842
f 1338//2843 1645//2843 1620//2843
f 1379//2844 1645//2844 1338//2844
f 1379//2845 1643//2845 1645//2845
f 1648//2846 947//2846 948//2846 1649//2846
f 1651//2847 1647//2847 1648//2847 1652//2847
f 1650//2848 1658//2848 1660//2848 1653//2848
f 1653//2849 1652//2849 1649//2849
f 1651//2850 1174//2850 1158//2850
f 1652//2851 1656//2851 1651//2851
f 1652//2852 1654//2852 1656//2852
f 1655//2853 1654//2853 1652//2853
f 1657//2854 1180//2854 1656//2854
f 1658//2855 950//2855 975//2855
f 1659//2856 1658//2856 976//2856
f 950//2857 1658//2857 1650//2857
f 1663//2858 1658//2858 1659//2858 1661//2858
f 1662//2859 1663//2859 1664//2859 1668//2859
f 1653//2860 1662//2860 1655//2860
f 1660//2861 1662//2861 1653//2861
f 1660//2862 1663//2862 1662//2862
f 1654//2863 1655//2863 1668//2863 1667//2863
f 1663//2864 1665//2864 1664//2864
f 1657//2865 1654//2865 1675//2865 1674//2865
f 1665//2866 1670//2866 1664//2866
f 1180//2867 1674//2867 1192//2867
f 1688//2868 1671//2868 1672//2868 1679//2868
f 1676//2869 1669//2869 1677//2869
f 1670//2870 1678//2870 1669//2870
f 1688//2871 1678//2871 1670//2871
f 1192//2872 1674//2872 1680//2872 1197//2872
f 1673//2873 1679//2873 1672//2873
f 1682//2874 1667//2874 1676//2874 1683//2874
f 1674//2875 1681//2875 1680//2875
f 1675//2876 1681//2876 1674//2876
f 1682//2877 1681//2877 1675//2877
f 1682//2878 1683//2878 1681//2878
f 1686//2879 1685//2879 1688//2879 1679//2879
f 1677//2880 1684//2880 1676//2880
f 1678//2881 1685//2881 1677//2881
f 1688//2882 1685//2882 1678//2882
f 976//2883 984//2883 1689//2883 1659//2883
f 1679//2884 1687//2884 1686//2884
f 1693//2885 1695//2885 1671//2885 1666//2885
f 985//2886 1690//2886 1689//2886
f 1689//2887 1691//2887 1659//2887
f 1690//2888 1691//2888 1689//2888
f 1691//2889 1693//2889 1661//2889
f 1694//2890 1693//2890 1690//2890
f 1693//2891 1666//2891 1661//2891
f 1696//2892 1695//2892 1694//2892
f 1672//2893 1695//2893 1696//2893 1673//2893
f 1671//2894 1670//2894 1666//2894
f 1702//2895 1699//2895 1686//2895 1687//2895
f 1680//2896 1361//2896 1197//2896
f 1681//2897 1697//2897 1680//2897
f 1683//2898 1697//2898 1681//2898
f 1683//2899 1698//2899 1697//2899
f 1684//2900 1698//2900 1683//2900
f 1684//2901 1699//2901 1698//2901
f 1705//2902 1708//2902 1706//2902 1703//2902
f 1697//2903 1363//2903 1361//2903
f 1701//2904 1364//2904 1700//2904
f 1698//2905 1699//2905 1701//2905
f 1703//2906 1704//2906 1028//2906
f 1703//2907 1028//2907 1030//2907
f 1703//2908 1030//2908 1705//2908
f 1704//2909 1703//2909 1707//2909
f 1706//2910 1709//2910 1710//2910 1707//2910
f 1707//2911 1703//2911 1706//2911
f 1706//2912 1708//2912 1709//2912
f 1713//2913 1718//2913 1719//2913 1737//2913
f 1709//2914 1712//2914 1710//2914
f 1710//2915 1712//2915 1745//2915
f 1726//2916 1716//2916 1712//2916
f 1709//2917 1715//2917 1726//2917
f 1709//2918 1726//2918 1712//2918
f 1713//2919 1522//2919 1718//2919
f 1722//2920 1716//2920 1726//2920 1721//2920
f 1719//2921 1720//2921 1714//2921
f 1719//2922 1714//2922 1737//2922
f 1723//2923 1720//2923 1721//2923
f 1723//2924 1715//2924 1714//2924
f 1727//2925 1728//2925 1720//2925 1718//2925
f 1726//2926 1723//2926 1721//2926
f 1725//2927 1746//2927 1716//2927
f 1718//2928 1522//2928 1535//2928
f 1727//2929 1718//2929 1536//2929
f 1730//2930 1724//2930 1725//2930 1750//2930
f 1687//2931 1724//2931 1730//2931
f 1732//2932 1733//2932 1705//2932 1030//2932
f 1725//2933 1722//2933 1750//2933
f 1725//2934 1716//2934 1722//2934
f 1724//2935 1687//2935 1679//2935
f 1724//2936 1679//2936 1673//2936
f 1036//2937 1035//2937 1731//2937
f 1037//2938 1036//2938 1732//2938
f 1030//2939 1037//2939 1732//2939
f 1731//2940 846//2940 1543//2940
f 1738//2941 1041//2941 1029//2941 1704//2941
f 1731//2942 1543//2942 1734//2942
f 1735//2943 1733//2943 1731//2943
f 1736//2944 1549//2944 1554//2944
f 1737//2945 1735//2945 1736//2945
f 1711//2946 1708//2946 1735//2946
f 1736//2947 1554//2947 1522//2947
f 1737//2948 1736//2948 1713//2948
f 1737//2949 1714//2949 1711//2949
f 1738//2950 1704//2950 1707//2950 1739//2950
f 1738//2951 1043//2951 1042//2951
f 1692//2952 986//2952 1043//2952 1740//2952
f 1740//2953 1043//2953 1738//2953 1739//2953
f 1696//2954 1744//2954 1717//2954 1673//2954
f 1742//2955 1741//2955 1739//2955
f 1743//2956 1694//2956 1692//2956
f 1740//2957 1741//2957 1743//2957
f 1745//2958 1744//2958 1741//2958
f 1742//2959 1710//2959 1745//2959
f 1743//2960 1696//2960 1694//2960
f 1745//2961 1712//2961 1746//2961
f 1702//2962 1687//2962 1730//2962 1749//2962
f 1727//2963 1536//2963 1747//2963
f 1750//2964 1748//2964 1749//2964
f 1750//2965 1729//2965 1748//2965
f 1729//2966 1728//2966 1748//2966
f 1638//2967 1751//2967 1752//2967 1640//2967
f 1750//2968 1722//2968 1729//2968
f 1751//2969 1638//2969 1364//2969
f 1640//2970 1752//2970 1747//2970 1639//2970
f 1364//2971 1701//2971 1753//2971 1751//2971
f 1753//2972 1754//2972 1751//2972
f 1754//2973 1748//2973 1752//2973
f 1748//2974 1747//2974 1752//2974
f 1753//2975 1749//2975 1754//2975
f 1702//2976 1749//2976 1753//2976
