# Blender 4.3.2
# www.blender.org
mtllib Cloud2.mtl
o Sphere
v -1.115930 -0.000422 1.054721
v -1.117754 0.088498 1.082349
v -1.055208 0.011548 1.116345
v -1.067543 0.091115 1.126075
v -1.055664 -0.069046 1.056581
v -1.177206 0.065981 0.991805
v -1.173430 -0.010445 0.887177
v -1.195038 0.073340 0.903564
v -1.177331 0.019768 0.809342
v -1.194622 0.088275 0.838368
v -1.174781 0.088580 0.759599
v -1.113506 -0.068938 0.985080
v -1.171826 0.000110 0.938585
v -1.118862 -0.087586 0.901598
v -1.121488 -0.079471 0.824143
v -1.115658 -0.058527 0.760998
v -1.116336 0.012264 0.693229
v -1.120241 0.070394 0.677471
v -1.049089 -0.127855 0.976656
v -1.046705 -0.146514 0.897293
v -1.063281 -0.133274 0.836968
v -1.053630 -0.122859 0.776015
v -1.054465 -0.057292 0.685651
v -0.981341 -0.035344 1.131509
v -0.918972 -0.037755 1.197047
v -0.974479 0.029948 1.166134
v -0.975065 0.122471 1.176540
v -0.967555 -0.096966 1.095574
v -0.965300 -0.129414 1.053914
v -0.874219 -0.058229 1.249977
v -0.922266 0.048535 1.222491
v -0.864659 -0.127242 1.217067
v -0.900563 -0.177092 1.080937
v -0.917553 -0.121703 1.131053
v -0.826154 -0.044929 1.306478
v -0.852909 0.060080 1.302890
v -0.812587 -0.180477 1.234469
v -0.805121 -0.104035 1.297973
v -0.849935 -0.195533 1.163584
v -0.817056 -0.258349 1.098010
v -0.780146 0.055982 1.360207
v -0.747152 -0.170086 1.299201
v -0.728017 -0.243399 1.240282
v -0.782646 -0.249221 1.180497
v -0.737312 -0.314313 1.084309
v -0.739384 -0.052790 1.364144
v -0.676596 0.085732 1.405952
v -0.670782 -0.201612 1.311632
v -0.659708 -0.255303 1.262639
v -0.667634 -0.314078 1.168316
v -0.660218 -0.127037 1.365639
v -0.663566 0.004138 1.406642
v -0.578318 0.057580 1.426105
v -0.590952 -0.152985 1.364591
v -0.588044 -0.055216 1.406281
v -0.585371 -0.243924 1.295427
v -0.556586 -0.310674 1.209422
v -0.615263 -0.349807 1.097541
v -0.998709 -0.163689 0.838041
v -1.003932 -0.134441 0.744346
v -0.990702 -0.083588 0.673682
v -1.041677 0.049779 0.620432
v -0.955843 -0.010254 0.592648
v -0.995134 0.086344 0.565633
v -0.923132 -0.173480 1.021753
v -0.920983 -0.184640 0.962366
v -0.979518 -0.144207 0.744112
v -0.936136 -0.053976 0.617347
v -0.915656 -0.190149 0.889572
v -0.894971 -0.188157 0.836936
v -0.792302 -0.180143 0.711952
v -0.872311 -0.170013 0.768086
v -0.888341 -0.111740 0.660425
v -0.897716 -0.074855 0.593374
v -0.837192 -0.259149 0.998287
v -0.835772 -0.239945 0.871892
v -0.822861 -0.167219 0.724611
v -0.853234 -0.125696 0.641549
v -0.823594 -0.142299 0.593732
v -0.759264 -0.311535 1.024924
v -0.750425 -0.315605 0.949771
v -0.736016 -0.313270 0.896091
v -0.769076 -0.260301 0.812984
v -0.736530 -0.209975 0.648399
v -0.685034 -0.249180 0.606510
v -0.666773 -0.349959 1.019579
v -0.664825 -0.349759 0.961490
v -0.671277 -0.316232 0.828026
v -0.718202 -0.239432 0.720075
v -0.656323 -0.266273 0.700950
v -0.616678 -0.350380 0.893770
v -0.650131 -0.296484 0.779835
v -0.583758 -0.366599 0.992230
v -0.547874 -0.302411 0.724377
v -0.576430 -0.299287 0.664374
v -0.592315 -0.287633 0.554544
v -0.991049 0.029909 0.431964
v -0.999604 0.084583 0.427943
v -0.989685 -0.024642 0.367741
v -1.012228 0.064943 0.341706
v -0.993251 -0.009221 0.254025
v -1.014351 0.102692 0.292885
v -0.991912 0.058078 0.195495
v -0.926575 -0.037709 0.531188
v -0.955696 0.026705 0.530518
v -0.985370 0.124955 0.507406
v -0.935326 -0.078459 0.467806
v -0.971344 0.028110 0.483202
v -0.933129 -0.129716 0.359416
v -0.932058 -0.129000 0.272392
v -0.930360 -0.105164 0.204232
v -0.933933 -0.052643 0.145436
v -0.974314 0.121672 0.145638
v -0.927261 0.044782 0.071732
v -0.859974 -0.134584 0.522456
v -0.882961 -0.096170 0.534773
v -0.864795 -0.197515 0.369284
v -0.928065 -0.124056 0.407288
v -0.864494 -0.190697 0.243405
v -0.870403 -0.134172 0.143231
v -0.878033 -0.092471 0.105042
v -0.911196 -0.037331 0.099153
v -0.847051 -0.188073 0.445069
v -0.798922 -0.241159 0.315632
v -0.795412 -0.198112 0.147751
v -0.831218 -0.142001 0.105042
v -0.849257 -0.110351 0.088195
v -0.768185 -0.196692 0.537236
v -0.746531 -0.227906 0.480531
v -0.747160 -0.251403 0.415949
v -0.732386 -0.265989 0.347030
v -0.750182 -0.256741 0.255206
v -0.767473 -0.204891 0.099348
v -0.711805 -0.227584 0.530518
v -0.649493 -0.257667 0.466453
v -0.699768 -0.241411 0.163924
v -0.702624 -0.239031 0.094833
v -0.632434 -0.280019 0.353551
v -0.654170 -0.277504 0.275868
v -0.603092 -0.249403 0.149433
v -0.615079 -0.247695 0.127263
v -0.589238 -0.270944 0.452035
v -0.541950 -0.272717 0.407488
v -0.523818 -0.276702 0.277167
v -0.588665 -0.264987 0.222668
v -0.502221 0.061395 1.424806
v -0.527410 -0.140639 1.373758
v -0.497358 -0.031015 1.411839
v -0.527097 -0.247604 1.292670
v -0.528543 -0.351884 1.105043
v -0.442856 -0.130943 1.364413
v -0.420438 -0.202362 1.308748
v -0.459960 -0.257904 1.266987
v -0.452768 -0.315415 1.176480
v -0.469003 -0.355277 1.056137
v -0.335033 0.031564 1.379816
v -0.348414 0.088465 1.383536
v -0.377013 -0.315536 1.109345
v -0.333347 -0.053129 1.359230
v -0.340119 -0.156854 1.301865
v -0.350577 -0.244477 1.223811
v -0.300487 -0.258751 1.157068
v -0.285122 -0.029720 1.368031
v -0.224820 0.090961 1.397666
v -0.280029 -0.127560 1.318931
v -0.280815 -0.197779 1.249374
v -0.279824 -0.241127 1.180979
v -0.280815 -0.274728 1.084648
v -0.216766 -0.067796 1.364570
v -0.189447 0.029898 1.396151
v -0.219245 -0.143611 1.314807
v -0.223690 -0.191837 1.263141
v -0.220081 -0.260121 1.116928
v -0.135653 -0.062263 1.362635
v -0.134010 0.088620 1.395466
v -0.138911 -0.137438 1.311694
v -0.147205 -0.201624 1.244659
v -0.156155 -0.251854 1.139464
v -0.159116 -0.265626 1.048619
v -0.066154 0.001483 1.365621
v -0.080449 -0.129589 1.299732
v -0.061030 -0.191927 1.216198
v -0.112584 -0.252258 1.110626
v -0.527899 -0.366775 0.991917
v -0.527095 -0.355279 0.899938
v -0.512462 -0.310902 0.760593
v -0.485524 -0.322700 0.655677
v -0.502142 -0.318666 0.561964
v -0.461186 -0.353060 0.926081
v -0.471316 -0.313160 0.761809
v -0.374618 -0.329345 1.022932
v -0.369301 -0.326381 0.956349
v -0.367001 -0.311693 0.882680
v -0.392680 -0.307271 0.815264
v -0.436183 -0.311338 0.796221
v -0.366299 -0.330189 0.651336
v -0.369638 -0.329387 0.589691
v -0.296304 -0.282524 0.840852
v -0.306527 -0.314270 0.734619
v -0.282081 -0.281063 0.995287
v -0.280815 -0.271198 0.899938
v -0.250883 -0.310622 0.652402
v -0.228621 -0.303205 0.574436
v -0.219245 -0.265163 1.023078
v -0.211400 -0.249072 0.905316
v -0.204584 -0.246751 0.852870
v -0.123412 -0.254481 0.972095
v -0.113832 -0.229671 0.903442
v -0.215193 -0.285645 0.744453
v -0.137730 -0.227788 0.832022
v -0.130241 -0.252035 0.727102
v -0.115483 -0.258615 0.603050
v -0.076725 -0.247372 1.025190
v -0.076162 -0.193748 0.832727
v -0.045625 -0.170159 0.790882
v -0.091040 -0.253312 0.589929
v -0.379521 -0.381400 0.231736
v -0.404365 -0.382040 0.161673
v -0.324587 -0.379936 0.312381
v -0.310292 -0.436413 0.154445
v -0.329417 -0.433959 0.083737
v -0.244910 -0.382293 0.373218
v -0.247379 -0.439146 0.248653
v -0.223035 -0.470887 0.122348
v -0.120442 -0.382432 0.416796
v -0.128618 -0.437507 0.320307
v -0.125632 -0.484593 0.156333
v -0.153574 -0.487586 0.068743
v -0.118263 -0.470298 0.228975
v -0.065024 -0.496298 0.068743
v -0.503077 -0.271626 0.319691
v -0.527095 -0.281811 0.161098
v -0.470214 -0.351484 0.063663
v -0.434939 -0.316271 0.507604
v -0.460019 -0.282506 0.404983
v -0.456109 -0.295700 0.308662
v -0.487755 -0.304106 0.211368
v -0.440612 -0.367224 0.074847
v -0.403955 -0.303970 0.463351
v -0.384414 -0.310357 0.374193
v -0.338272 -0.311865 0.471054
v -0.354682 -0.309112 0.413391
v -0.280815 -0.319413 0.455144
v -0.186254 -0.311324 0.501971
v -0.199174 -0.302725 0.518851
v -0.156089 -0.325053 0.480968
v -0.098227 -0.289561 0.529279
v -1.115558 0.147219 1.084633
v -1.114507 0.231661 1.056557
v -1.067659 0.162205 1.124474
v -1.050092 0.309924 1.055969
v -1.175657 0.157712 0.995062
v -1.174367 0.200611 0.968589
v -1.194917 0.160339 0.901004
v -1.188100 0.163935 0.809985
v -1.175194 0.238120 0.859906
v -1.118582 0.298270 0.978830
v -1.171126 0.244588 0.898822
v -1.120801 0.318589 0.900780
v -1.131288 0.317550 0.827896
v -1.165586 0.146182 0.742170
v -1.150797 0.218892 0.728704
v -1.149054 0.272985 0.776798
v -1.109142 0.435582 0.749063
v -1.147835 0.334555 0.715228
v -1.112121 0.462325 0.709653
v -1.113812 0.605903 0.688765
v -1.109464 0.147870 0.646121
v -1.110898 0.181301 0.629376
v -1.145233 0.272985 0.653658
v -1.144626 0.334555 0.653658
v -1.113948 0.444113 0.644361
v -1.118937 0.573082 0.645497
v -1.121007 0.252406 0.589565
v -1.115095 0.330872 0.575459
v -1.113820 0.522597 0.551038
v -1.114728 0.591132 0.557882
v -1.114948 0.348258 0.825807
v -1.062556 0.407499 0.845550
v -1.059969 0.453510 0.832128
v -1.051809 0.572466 0.847724
v -1.086521 0.579614 0.778783
v -1.106086 0.403973 0.585790
v -1.107698 0.272776 0.565594
v -1.112788 0.617628 0.568325
v -1.056234 0.662681 0.808497
v -1.052656 0.734807 0.738084
v -1.093076 0.683283 0.649506
v -1.037921 0.781991 0.651004
v -1.065792 0.740389 0.587102
v -1.114231 0.529821 0.129725
v -1.115090 0.613760 0.135855
v -1.112876 0.557872 0.062278
v -1.017311 0.158853 0.533532
v -1.049931 0.305321 0.500686
v -1.090128 0.407516 0.534813
v -1.044407 0.351539 0.474507
v -1.049469 0.440978 0.399302
v -1.066749 0.552923 0.404576
v -1.042720 0.399397 0.350423
v -1.049621 0.449585 0.373354
v -1.068990 0.545590 0.348925
v -1.057231 0.355792 0.259650
v -1.089692 0.462654 0.249044
v -1.099110 0.548553 0.255598
v -1.095350 0.422823 0.164065
v -1.051539 0.302995 0.138819
v -1.086369 0.396871 0.066834
v -1.057688 0.729272 0.520706
v -1.053226 0.659754 0.425039
v -1.060423 0.688774 0.347264
v -1.059209 0.743906 0.311283
v -1.096307 0.639997 0.253545
v -1.054029 0.807028 0.254329
v -1.087201 0.723326 0.220869
v -1.101447 0.702023 0.135863
v -1.073273 0.792806 0.167202
v -1.077704 0.780615 0.062116
v -1.049640 0.847304 0.071172
v -1.038679 0.241580 1.116272
v -0.917361 0.145987 1.217499
v -0.932142 0.204172 1.182156
v -0.958085 0.267007 1.133499
v -0.959453 0.330631 1.081663
v -0.870660 0.229474 1.235972
v -0.901335 0.276112 1.160790
v -0.864532 0.322753 1.151008
v -0.915414 0.330347 1.095816
v -0.837878 0.153857 1.302497
v -0.810311 0.303579 1.246029
v -0.801023 0.365904 1.181648
v -0.873471 0.364164 1.071195
v -0.745717 0.167816 1.365219
v -0.802396 0.235673 1.301854
v -0.746118 0.304672 1.300346
v -0.733625 0.445294 1.110649
v -0.683251 0.246316 1.366012
v -0.734665 0.369490 1.242052
v -0.714751 0.475550 1.074337
v -0.647339 0.169423 1.400759
v -0.623313 0.366072 1.299898
v -0.663789 0.431823 1.196854
v -0.626482 0.481120 1.103382
v -0.650916 0.523508 1.038441
v -0.588945 0.181730 1.407972
v -0.583530 0.290386 1.363068
v -1.031871 0.380978 0.948954
v -1.018187 0.413989 0.907779
v -1.010367 0.458994 0.896252
v -0.955167 0.417807 0.968076
v -0.961626 0.456137 0.944507
v -0.975681 0.581593 0.929346
v -0.888967 0.443421 0.983932
v -0.866601 0.573368 0.993650
v -0.819359 0.414257 1.045789
v -0.840151 0.459572 1.006959
v -0.856698 0.500183 0.995074
v -0.743640 0.484696 1.046949
v -0.769530 0.521555 1.021643
v -0.713600 0.516085 1.036877
v -0.688260 0.567581 1.017250
v -0.555105 0.542507 1.033311
v -0.592420 0.601945 0.991664
v -0.990060 0.637602 0.901719
v -0.987760 0.696956 0.876424
v -0.991321 0.760493 0.817830
v -0.999519 0.803382 0.734836
v -1.013127 0.804822 0.570655
v -0.928765 0.673307 0.938696
v -0.917205 0.783151 0.871001
v -0.963987 0.804550 0.795452
v -0.937834 0.873169 0.643844
v -0.950042 0.861787 0.583709
v -0.926112 0.861853 0.741868
v -0.837577 0.630483 0.992753
v -0.855752 0.737983 0.941192
v -0.845986 0.805117 0.890218
v -0.853349 0.862143 0.814727
v -0.802487 0.897970 0.766966
v -0.817480 0.920615 0.675601
v -0.830539 0.918935 0.535592
v -0.794307 0.926719 0.585684
v -0.774041 0.673957 0.993905
v -0.772959 0.786284 0.928131
v -0.772853 0.862005 0.844229
v -0.788097 0.923666 0.690276
v -0.682965 0.672484 0.992938
v -0.711601 0.779027 0.936956
v -0.685751 0.857519 0.852488
v -0.681409 0.900137 0.771610
v -0.717521 0.923162 0.708078
v -0.711805 0.941577 0.592088
v -0.654271 0.796416 0.911178
v -0.646233 0.921477 0.673808
v -0.662297 0.959357 0.571328
v -0.605207 0.738688 0.940256
v -0.571979 0.798259 0.875226
v -0.598425 0.858740 0.813620
v -0.565210 0.866256 0.769571
v -0.593448 0.921848 0.637874
v -0.594348 0.958320 0.585763
v -1.035236 0.211415 0.518413
v -0.994000 0.148203 0.468810
v -1.001607 0.206931 0.464707
v -0.984223 0.233365 0.439210
v -1.010962 0.139507 0.356440
v -0.992265 0.197618 0.407378
v -0.992212 0.281629 0.406039
v -0.989143 0.246647 0.373576
v -1.001508 0.279952 0.333837
v -1.001992 0.211415 0.284238
v -1.010498 0.272985 0.284238
v -0.992629 0.189159 0.202361
v -1.012181 0.235369 0.167769
v -0.982846 0.180397 0.138982
v -1.049357 0.311087 0.041538
v -0.962506 0.149845 0.099528
v -1.029041 0.746255 0.476601
v -1.010633 0.766580 0.411451
v -0.998773 0.849821 0.348887
v -0.990582 0.918587 0.262723
v -1.010224 0.916855 0.160991
v -0.997080 0.932676 0.064772
v -0.957840 0.829756 0.477269
v -0.984944 0.794633 0.441241
v -0.929383 0.916648 0.394738
v -0.937359 0.988254 0.237173
v -0.901626 1.038112 0.158675
v -0.948035 0.992224 0.080065
v -0.903473 0.878097 0.524419
v -0.895749 0.895974 0.475028
v -0.918435 0.978482 0.312819
v -0.891440 1.044720 0.074035
v -0.808482 0.966247 0.475651
v -0.871253 0.988847 0.375350
v -0.866892 1.046569 0.256378
v -0.799743 1.105733 0.181181
v -0.801417 1.105627 0.066151
v -0.740467 0.962950 0.529289
v -0.796334 1.049819 0.364748
v -0.741663 1.104460 0.304919
v -0.696642 1.052966 0.442732
v -0.631498 1.108999 0.382102
v -0.570736 1.045522 0.495187
v -0.713275 1.146283 0.164976
v -0.622688 1.168959 0.188938
v -0.623872 1.171229 0.068590
v -0.619825 1.142547 0.302631
v -0.528948 0.190001 1.406233
v -0.529827 0.293878 1.361398
v -0.494419 0.366843 1.302679
v -0.550292 0.430439 1.230991
v -0.532229 0.489304 1.104869
v -0.464908 0.177873 1.400928
v -0.453995 0.270137 1.362787
v -0.472400 0.483614 1.113333
v -0.344297 0.150184 1.376484
v -0.354987 0.207772 1.363713
v -0.399543 0.270658 1.343361
v -0.352588 0.322233 1.296577
v -0.462553 0.421015 1.224365
v -0.399976 0.437519 1.164713
v -0.432032 0.494034 1.097237
v -0.336926 0.275795 1.329944
v -0.333337 0.368851 1.248970
v -0.343456 0.414717 1.177894
v -0.350387 0.476144 1.103469
v -0.288422 0.216475 1.366802
v -0.276654 0.440195 1.140684
v -0.263599 0.474926 1.087458
v -0.188125 0.146269 1.397885
v -0.230988 0.241659 1.369941
v -0.218043 0.316733 1.322753
v -0.218573 0.371452 1.269636
v -0.230171 0.418725 1.194175
v -0.130414 0.243272 1.364840
v -0.159960 0.355594 1.287068
v -0.172417 0.427439 1.180081
v -0.120681 0.428844 1.150065
v -0.183931 0.474121 1.063974
v -0.061369 0.173985 1.366584
v -0.070865 0.366817 1.241494
v -0.095992 0.438997 1.075711
v -0.508949 0.642599 0.952990
v -0.366361 0.607927 0.992113
v -0.309579 0.556182 1.032967
v -0.271394 0.616303 0.960527
v -0.200904 0.543883 1.004253
v -0.193287 0.611969 0.926532
v -0.124040 0.560377 0.933459
v -0.119508 0.613580 0.853663
v -0.101306 0.471688 1.006910
v -0.068367 0.615699 0.762790
v -0.507706 0.708833 0.902157
v -0.503422 0.802172 0.807635
v -0.513262 0.870406 0.675611
v -0.521922 0.892721 0.654259
v -0.537589 0.957258 0.590582
v -0.462516 0.680242 0.903743
v -0.455745 0.738575 0.831766
v -0.459330 0.811012 0.725291
v -0.455599 0.878472 0.646796
v -0.435079 0.984560 0.558866
v -0.407527 0.714538 0.833582
v -0.374121 0.739861 0.749072
v -0.425480 0.806032 0.697071
v -0.383029 0.793349 0.681364
v -0.340133 0.667383 0.908001
v -0.322410 0.838585 0.630427
v -0.334416 0.950263 0.559976
v -0.262654 0.676140 0.867189
v -0.293235 0.738964 0.709042
v -0.246988 0.772383 0.636472
v -0.241500 0.914638 0.543784
v -0.186537 0.675385 0.803391
v -0.223167 0.726394 0.670232
v -0.172761 0.734909 0.605927
v -0.187902 0.831102 0.560974
v -0.127353 0.670704 0.704819
v -0.149133 0.691886 0.652896
v -0.118161 0.684069 0.600561
v -0.500897 1.101471 0.420130
v -0.465348 1.043950 0.499356
v -0.391090 1.037821 0.491497
v -0.376496 1.105665 0.380452
v -0.309577 1.047591 0.440117
v -0.275124 0.976315 0.506409
v -0.309682 1.112676 0.315376
v -0.245440 1.102963 0.255377
v -0.213690 0.978602 0.458748
v -0.235773 1.052553 0.370197
v -0.210970 1.102262 0.128882
v -0.105642 0.720626 0.546987
v -0.095703 0.894880 0.444189
v -0.107752 0.950117 0.399706
v -0.146407 1.022657 0.316670
v -0.109412 1.033419 0.209053
v -0.103353 1.031263 0.111726
v -0.043928 0.646941 0.541821
v -0.081838 0.805570 0.491813
v -0.095872 0.998651 0.324336
v -0.098534 1.031465 0.166857
v -0.496923 1.136202 0.346997
v -0.507160 1.167933 0.254505
v -0.477504 1.180777 0.146803
v -0.524476 1.179157 0.069966
v -0.422836 1.162916 0.242972
v -0.373123 1.167321 0.127383
v -0.323982 1.141821 0.223503
v -0.279599 1.135083 0.129505
v -0.743592 -0.381406 -0.172888
v -0.784285 -0.372029 -0.300122
v -0.744982 -0.381177 -0.417476
v -0.662697 -0.375235 -0.063848
v -0.673829 -0.428704 -0.271438
v -0.669725 -0.429683 -0.330936
v -0.614992 -0.434466 -0.180320
v -0.613486 -0.433443 -0.420064
v -0.607257 -0.385124 -0.049664
v -0.545640 -0.457316 -0.331684
v -0.991050 0.005097 -0.158866
v -0.992338 0.093860 -0.157970
v -0.993110 -0.070014 -0.238603
v -1.010722 0.056862 -0.248933
v -0.989417 -0.084677 -0.349479
v -1.008610 0.011399 -0.331315
v -1.009263 0.102797 -0.328798
v -0.992356 -0.005777 -0.425925
v -0.992846 0.118864 -0.427913
v -0.918126 -0.019172 -0.001837
v -0.948797 0.082848 -0.046447
v -0.939243 -0.128079 -0.103781
v -0.959291 0.011557 -0.072581
v -0.932408 -0.188590 -0.171565
v -0.925835 -0.229110 -0.301496
v -0.972465 -0.136394 -0.270220
v -0.963862 -0.150323 -0.352754
v -0.926853 -0.203518 -0.403945
v -0.876325 -0.092471 0.033830
v -0.910931 -0.003416 0.030531
v -0.863653 -0.198522 -0.039996
v -0.863111 -0.256244 -0.112111
v -0.858133 -0.298570 -0.394323
v -0.824409 -0.151532 0.044759
v -0.849257 -0.110351 0.051602
v -0.794423 -0.262126 -0.021620
v -0.809029 -0.315382 -0.121170
v -0.855830 -0.303980 -0.214827
v -0.864038 -0.307867 -0.301056
v -0.775901 -0.222189 0.039695
v -0.762949 -0.315704 -0.058165
v -0.687543 -0.312206 0.013079
v -0.510545 -0.347823 0.036518
v -0.699434 -0.377655 -0.490715
v -0.620947 -0.378008 -0.551534
v -0.554743 -0.413829 -0.504752
v -0.936723 -0.134028 -0.490863
v -0.974860 0.056189 -0.492922
v -0.934295 -0.052747 -0.546612
v -0.926298 0.056291 -0.584707
v -0.865784 -0.248900 -0.486992
v -0.873077 -0.192855 -0.546782
v -0.866948 -0.128796 -0.605394
v -0.870492 -0.041035 -0.639008
v -0.861061 0.029465 -0.664754
v -0.858975 0.114111 -0.664696
v -0.805122 -0.315407 -0.481111
v -0.811655 -0.224117 -0.596670
v -0.805967 -0.128589 -0.667400
v -0.819853 -0.052633 -0.683968
v -0.748414 -0.316929 -0.550816
v -0.766863 -0.242853 -0.619411
v -0.747928 -0.189114 -0.675997
v -0.739506 -0.073607 -0.735965
v -0.780266 0.057247 -0.731008
v -0.679943 -0.314905 -0.608722
v -0.679821 -0.250076 -0.671163
v -0.694224 -0.131634 -0.737839
v -0.686842 0.056733 -0.780721
v -0.617443 -0.187975 -0.737605
v -0.640226 -0.072433 -0.777390
v -0.619989 0.017310 -0.799636
v -0.630268 0.114733 -0.796660
v -0.590828 -0.301576 -0.659833
v -0.560247 -0.079406 -0.794220
v -0.527638 -0.400397 -0.055204
v -0.501641 -0.437198 -0.138291
v -0.543081 -0.457653 -0.256000
v -0.537802 -0.440815 -0.436980
v -0.406793 -0.392831 -0.012663
v -0.429110 -0.394970 -0.034350
v -0.468134 -0.457620 -0.241203
v -0.469047 -0.457977 -0.352670
v -0.353573 -0.420354 -0.135893
v -0.396949 -0.439601 -0.181486
v -0.362083 -0.443814 -0.340023
v -0.380791 -0.436785 -0.415317
v -0.309750 -0.441158 0.014864
v -0.338362 -0.414554 -0.079635
v -0.298663 -0.419253 -0.194312
v -0.363678 -0.445397 -0.272313
v -0.265918 -0.427283 -0.130024
v -0.263510 -0.409393 -0.284150
v -0.280815 -0.406912 -0.393032
v -0.220757 -0.470517 0.007102
v -0.216416 -0.409704 -0.212902
v -0.204376 -0.394254 -0.278277
v -0.211628 -0.399047 -0.390439
v -0.125557 -0.483853 -0.023899
v -0.122355 -0.470116 -0.090101
v -0.136638 -0.441676 -0.168174
v -0.096105 -0.423436 -0.214464
v -0.079454 -0.420397 -0.276066
v -0.058742 -0.449284 -0.377276
v -0.498084 -0.373940 -0.586639
v -0.449353 -0.427151 -0.481262
v -0.392039 -0.378146 -0.562526
v -0.284971 -0.391679 -0.468086
v -0.315718 -0.377893 -0.525587
v -0.276173 -0.380135 -0.516194
v -0.252538 -0.374691 -0.555885
v -0.224105 -0.394864 -0.490879
v -0.189029 -0.380213 -0.668624
v -0.120827 -0.438371 -0.463261
v -0.137427 -0.376477 -0.738044
v -0.126954 -0.433981 -0.543714
v -0.065601 -0.446834 -0.591831
v -0.059045 -0.433492 -0.663929
v -0.057971 -0.369724 -0.806084
v -0.500746 -0.310440 -0.666302
v -0.517000 -0.254455 -0.711620
v -0.528534 -0.180372 -0.756632
v -0.475658 0.024165 -0.823030
v -0.527095 0.088275 -0.815128
v -0.415206 -0.154140 -0.772931
v -0.467537 -0.066246 -0.802731
v -0.439554 0.086328 -0.845973
v -0.346897 -0.313753 -0.643853
v -0.403955 -0.271477 -0.688525
v -0.404870 -0.205135 -0.743607
v -0.422339 -0.115055 -0.789893
v -0.346468 -0.159623 -0.818864
v -0.411706 -0.002947 -0.846113
v -0.341798 -0.272245 -0.698472
v -0.331887 -0.238681 -0.751328
v -0.233220 -0.236120 -0.859590
v -0.365878 -0.069878 -0.857994
v -0.307146 -0.071852 -0.921958
v -0.374712 0.061780 -0.907234
v -0.278518 -0.338742 -0.627035
v -0.265265 -0.312784 -0.713332
v -0.235797 -0.180874 -0.909859
v -0.195582 -0.312937 -0.794671
v -0.116195 -0.313006 -0.854522
v -0.122411 -0.252486 -0.919143
v -0.244985 -0.059536 -0.979429
v -0.282903 0.050512 -0.987714
v -0.186670 -0.118974 -0.982805
v -0.192501 0.061368 -1.047079
v -0.114253 -0.184407 -0.978309
v -0.128315 -0.056730 -1.042959
v -0.069585 0.077482 -1.098208
v -1.092967 0.456051 0.006421
v -1.054932 0.360378 -0.038287
v -1.094887 0.540114 -0.035239
v -1.050607 0.430269 -0.116614
v -1.068388 0.611184 -0.114651
v -1.054986 0.517286 -0.138859
v -1.097438 0.673003 0.004243
v -1.055477 0.797078 -0.029659
v -1.049684 0.720358 -0.118339
v -0.984737 0.211679 0.021093
v -0.977517 0.275855 -0.143581
v -1.035826 0.611118 -0.177825
v -0.997713 0.172773 -0.247489
v -0.976792 0.374194 -0.209809
v -0.993278 0.487804 -0.236246
v -0.990358 0.580914 -0.248857
v -0.991016 0.199256 -0.352590
v -0.924277 0.123405 0.005946
v -0.978499 0.225307 -0.054089
v -0.959129 0.149845 -0.085182
v -0.967417 0.211415 -0.085182
v -0.971871 0.211415 -0.146752
v -0.965033 0.274751 -0.223405
v -0.969665 0.338296 -0.203537
v -0.941074 0.339444 -0.274192
v -0.924364 0.424612 -0.300691
v -0.939205 0.538451 -0.308885
v -0.950630 0.303203 -0.332384
v -0.935574 0.294835 -0.436798
v -0.910119 0.389483 -0.327760
v -0.865876 0.546544 -0.370446
v -0.898994 0.378184 -0.382781
v -0.865175 0.452721 -0.372905
v -0.793279 0.526072 -0.443458
v -0.987883 0.917078 -0.038589
v -0.997034 0.853331 -0.108939
v -0.991973 0.796073 -0.177735
v -0.988709 0.674632 -0.240058
v -0.933790 0.973533 -0.059329
v -0.924620 0.905628 -0.178304
v -0.934326 0.827770 -0.232915
v -0.929634 0.671456 -0.309605
v -0.864602 1.045467 -0.023657
v -0.867660 0.987766 -0.145562
v -0.927988 0.752614 -0.283517
v -0.856329 0.811230 -0.319508
v -0.825434 1.045019 -0.098121
v -0.862695 0.918408 -0.239604
v -0.847195 0.671530 -0.378798
v -0.771198 0.773415 -0.399806
v -0.750545 1.106131 -0.053107
v -0.748821 1.049868 -0.173923
v -0.784789 0.992604 -0.224938
v -0.780604 0.923119 -0.299299
v -0.807258 0.660926 -0.421141
v -0.684169 1.040268 -0.228656
v -0.679399 0.980912 -0.300137
v -0.715123 0.830661 -0.400443
v -0.672902 1.106644 -0.126029
v -0.632674 0.905781 -0.388879
v -0.670192 0.849954 -0.416249
v -0.559106 1.107086 -0.169723
v -0.565049 1.055415 -0.247212
v -0.563189 0.965894 -0.351464
v -0.582636 0.927254 -0.399143
v -0.680755 1.145844 0.001794
v -0.552986 1.169192 -0.004461
v -0.559412 1.143141 -0.088365
v -0.940448 0.241124 -0.492964
v -0.932740 0.185173 -0.545851
v -0.870535 0.367123 -0.481250
v -0.868965 0.323055 -0.542954
v -0.865431 0.239107 -0.613524
v -0.801939 0.424012 -0.516054
v -0.794900 0.468504 -0.465542
v -0.791942 0.583993 -0.452919
v -0.786250 0.377950 -0.599342
v -0.774165 0.519265 -0.516171
v -0.776747 0.625520 -0.516038
v -0.772601 0.461240 -0.572041
v -0.778477 0.624251 -0.606378
v -0.808358 0.232077 -0.672929
v -0.754812 0.330185 -0.664418
v -0.756972 0.396125 -0.636104
v -0.735603 0.414547 -0.681826
v -0.771672 0.560150 -0.660294
v -0.745149 0.178035 -0.736815
v -0.744865 0.498686 -0.730917
v -0.743503 0.578858 -0.747903
v -0.717724 0.337110 -0.697286
v -0.681369 0.302882 -0.726378
v -0.690984 0.360358 -0.733348
v -0.686595 0.435258 -0.799084
v -0.686307 0.517852 -0.830572
v -0.682478 0.613695 -0.842226
v -0.650235 0.211415 -0.766474
v -0.653944 0.275143 -0.748606
v -0.636945 0.325759 -0.775459
v -0.626570 0.405806 -0.848789
v -0.642479 0.458615 -0.860181
v -0.603798 0.522787 -0.911126
v -0.617647 0.580495 -0.903833
v -0.552564 0.239746 -0.790109
v -0.584471 0.260959 -0.783966
v -0.577949 0.365637 -0.861895
v -0.556733 0.443388 -0.920285
v -0.785129 0.667667 -0.449714
v -0.747228 0.755458 -0.452772
v -0.744308 0.751150 -0.506606
v -0.752517 0.740732 -0.578839
v -0.744146 0.734646 -0.666203
v -0.744491 0.666651 -0.731849
v -0.698541 0.820479 -0.456189
v -0.680811 0.848861 -0.635654
v -0.686299 0.806217 -0.718162
v -0.685344 0.734354 -0.797967
v -0.635686 0.877863 -0.453753
v -0.680852 0.856433 -0.575016
v -0.602786 0.924168 -0.518937
v -0.626614 0.877234 -0.714160
v -0.616333 0.856959 -0.764889
v -0.639015 0.783354 -0.815620
v -0.603034 0.638277 -0.911927
v -0.630072 0.725901 -0.863304
v -0.572284 0.928903 -0.454602
v -0.606964 0.924477 -0.612153
v -0.554601 0.926739 -0.723552
v -0.585496 0.794168 -0.858673
v -0.566313 0.856499 -0.818207
v -0.556405 0.715762 -0.921860
v -0.558012 0.580586 -0.942401
v -0.511461 0.956938 -0.392166
v -0.442179 1.104917 -0.169440
v -0.465098 0.971610 -0.348544
v -0.378102 1.050309 -0.233814
v -0.440868 1.035451 -0.268013
v -0.413029 0.967354 -0.392648
v -0.322873 1.104181 -0.111790
v -0.337803 0.971365 -0.327614
v -0.322921 0.965592 -0.397024
v -0.237058 1.023260 -0.190042
v -0.299483 0.960503 -0.331439
v -0.195261 1.085507 0.038908
v -0.164919 1.014997 -0.129350
v -0.193665 0.987234 -0.231950
v -0.212629 0.950515 -0.336789
v -0.219245 0.957745 -0.393032
v -0.157675 0.972465 -0.271882
v -0.171046 0.971293 -0.390785
v -0.091641 1.001544 -0.016824
v -0.069775 0.979532 -0.052376
v -0.091181 0.989227 -0.094253
v -0.113935 0.989380 -0.183365
v -0.100271 0.972571 -0.266241
v -0.111283 0.972887 -0.335534
v -0.053391 1.048586 -0.422756
v -0.439393 1.168804 0.006828
v -0.435176 1.142373 -0.081307
v -0.339548 1.145304 0.004385
v -0.252348 1.110686 -0.004221
v -0.539634 0.212435 -0.796768
v -0.528172 0.271890 -0.822905
v -0.494239 0.377988 -0.918163
v -0.465525 0.211415 -0.829373
v -0.433866 0.245313 -0.853780
v -0.454114 0.305240 -0.881301
v -0.389245 0.176949 -0.902869
v -0.409623 0.267637 -0.884251
v -0.372855 0.303637 -0.915317
v -0.492292 0.965784 -0.440140
v -0.495055 0.981949 -0.515347
v -0.499889 0.983793 -0.576959
v -0.496136 0.980738 -0.629589
v -0.487729 0.922297 -0.791137
v -0.499865 0.862369 -0.857165
v -0.483794 0.790760 -0.919899
v -0.420218 0.994125 -0.485558
v -0.433030 0.982409 -0.694686
v -0.401719 1.003568 -0.598432
v -0.407196 0.934667 -0.803148
v -0.336288 0.997669 -0.480154
v -0.343787 1.004303 -0.611141
v -0.343341 0.982145 -0.712771
v -0.343491 0.940310 -0.798701
v -0.373020 0.895659 -0.855704
v -0.273331 0.843557 -0.903473
v -0.278615 0.989920 -0.477774
v -0.280815 0.998728 -0.577742
v -0.226910 0.991081 -0.634121
v -0.220986 0.978809 -0.683448
v -0.241987 0.936606 -0.784283
v -0.281445 0.892018 -0.854138
v -0.221121 0.986580 -0.460857
v -0.221358 1.003165 -0.549737
v -0.221512 0.912157 -0.833683
v -0.154077 1.027043 -0.486240
v -0.155620 1.027617 -0.603990
v -0.122864 1.049237 -0.590905
v -0.152560 0.970566 -0.741642
v -0.154647 0.918715 -0.846060
v -0.160239 0.856956 -0.918364
v -0.126745 1.046018 -0.488781
v -0.071599 1.046624 -0.664293
v -0.079008 0.962514 -0.779304
v -0.092727 0.911663 -0.853946
v -0.104703 0.856365 -0.919780
v -0.505365 0.525052 -0.962676
v -0.386985 0.346825 -0.929770
v -0.432473 0.484871 -0.979930
v -0.466437 0.580861 -0.979836
v -0.397482 0.559889 -0.991359
v -0.311571 0.182169 -0.979095
v -0.348132 0.329094 -0.935261
v -0.342385 0.396125 -0.953274
v -0.321612 0.477964 -0.979826
v -0.312006 0.274637 -0.966266
v -0.282644 0.350859 -0.968852
v -0.238158 0.434832 -0.973385
v -0.260761 0.479333 -0.974175
v -0.201443 0.184495 -1.051856
v -0.188602 0.302797 -1.043344
v -0.244434 0.554946 -0.982677
v -0.191556 0.486531 -0.977248
v -0.121025 0.381498 -1.046241
v -0.163575 0.513495 -0.989281
v -0.164616 0.631542 -1.001813
v -0.024981 0.476010 -1.041570
v -0.096105 0.519265 -1.004965
v -0.035841 0.594140 -1.004770
v -0.069329 0.144104 -1.104145
v -0.057090 0.242318 -1.104184
v -0.064655 0.335790 -1.079400
v -0.502191 0.637377 -0.964171
v -0.429300 0.679035 -0.980469
v -0.415402 0.805499 -0.927424
v -0.391697 0.630984 -0.988947
v -0.259790 0.692941 -0.977930
v -0.280446 0.765617 -0.950293
v -0.268206 0.646949 -0.983159
v -0.171681 0.751257 -0.980653
v -0.125916 0.701845 -0.997220
v -0.073206 0.749051 -0.980218
v -0.037983 0.088376 1.362520
v -0.005354 -0.062028 1.304195
v -0.003419 -0.135024 1.241773
v -0.003768 -0.191394 1.150337
v 0.005580 -0.201518 1.092160
v 0.049829 0.030738 1.294446
v 0.054509 0.088389 1.297282
v 0.028814 -0.063549 1.271263
v 0.059203 -0.120079 1.175869
v 0.062530 -0.061640 1.236430
v 0.123779 0.003794 1.178744
v 0.131373 0.088236 1.187359
v 0.068764 -0.140293 1.101182
v 0.121033 -0.063437 1.104508
v 0.154036 0.023109 1.049457
v 0.159750 0.088508 1.055051
v -0.001283 -0.194866 0.945111
v -0.032423 -0.161610 0.834327
v -0.040032 -0.202455 0.665392
v -0.049865 -0.261030 0.555342
v -0.036982 -0.223905 0.596378
v 0.019356 -0.193427 1.022198
v -0.009052 -0.126704 0.810033
v 0.029243 -0.099811 0.835169
v 0.064978 -0.034264 0.827212
v 0.004275 -0.144881 0.706181
v 0.018140 -0.100942 0.779271
v 0.064950 -0.026984 0.777600
v 0.033465 -0.139921 0.652144
v 0.023968 -0.222079 0.570649
v 0.078829 -0.134975 1.024445
v 0.062616 -0.132489 0.931774
v 0.120619 -0.067464 0.989839
v 0.122314 -0.024353 0.928536
v 0.071423 -0.077832 0.875545
v 0.107949 0.072855 0.843342
v 0.104123 0.079383 0.772199
v 0.076844 -0.038734 0.700520
v 0.115979 0.039044 0.686435
v 0.064351 -0.158178 0.607877
v 0.098959 -0.034865 0.664608
v 0.131723 -0.187828 0.559764
v 0.122449 -0.097659 0.610879
v 0.132487 0.005706 0.930633
v 0.148312 0.080401 0.955958
v 0.126259 0.110866 0.715695
v 0.153010 -0.010734 0.631447
v 0.138461 0.048396 0.663245
v 0.187481 0.118707 0.628368
v 0.206119 -0.128446 0.558229
v 0.248687 -0.047472 0.566494
v 0.283336 0.062197 0.568511
v -0.000384 -0.381918 0.415789
v -0.005150 -0.438279 0.319677
v -0.004567 -0.478446 0.194955
v 0.022849 -0.487675 0.068743
v 0.103084 -0.381676 0.379551
v 0.114552 -0.439172 0.250766
v 0.096537 -0.469628 0.123090
v 0.180724 -0.379637 0.326581
v 0.187537 -0.437236 0.130123
v 0.241653 -0.380913 0.248821
v 0.276496 -0.380028 0.162595
v 0.295342 -0.376668 0.064024
v -0.007269 -0.313946 0.500916
v 0.097935 -0.297917 0.487860
v 0.162961 -0.255111 0.496289
v 0.179552 -0.309695 0.433819
v 0.243518 -0.250566 0.445110
v 0.242640 -0.314100 0.377612
v 0.240858 -0.176866 0.508336
v 0.295398 -0.118031 0.502022
v 0.353644 -0.010628 0.497791
v 0.307801 -0.193566 0.440678
v 0.303394 -0.299874 0.325064
v 0.363044 -0.125752 0.431264
v 0.371610 -0.184718 0.370661
v 0.339902 -0.313115 0.223863
v 0.368461 -0.312811 0.122564
v 0.369888 0.122372 0.502957
v 0.386624 -0.036710 0.449255
v 0.426852 0.026684 0.419204
v 0.428472 0.119222 0.430286
v 0.429505 -0.070082 0.375710
v 0.378532 -0.251145 0.272205
v 0.429640 -0.227003 0.160381
v 0.436733 -0.231659 0.083266
v 0.431354 -0.142072 0.311996
v 0.434322 -0.189997 0.240204
v 0.480912 -0.082492 0.253162
v 0.486741 0.002354 0.308150
v 0.489016 -0.130658 0.145596
v 0.493966 0.120269 0.321021
v 0.508816 -0.045307 0.198101
v 0.528229 0.052456 0.202211
v 0.540573 -0.019656 0.038669
v 0.548247 0.023037 0.058657
v 0.554857 0.131947 0.098591
v -0.067523 0.303879 1.304308
v -0.000046 0.389240 1.089629
v 0.052412 0.146160 1.294302
v 0.002174 0.234547 1.306136
v 0.061954 0.227545 1.251152
v 0.007225 0.298889 1.253617
v -0.000941 0.369794 1.166335
v 0.066867 0.335718 1.064480
v 0.122489 0.176468 1.185064
v 0.062109 0.304574 1.175201
v 0.123113 0.242776 1.114923
v 0.150623 0.148616 1.102086
v -0.047622 0.424609 1.021152
v -0.050043 0.460604 0.963396
v -0.001326 0.493791 0.860375
v -0.057067 0.553184 0.867287
v 0.001585 0.548523 0.757244
v -0.028884 0.603236 0.662892
v -0.048731 0.627387 0.594276
v 0.013093 0.387800 0.990408
v 0.008742 0.409262 0.931843
v 0.065943 0.336762 0.881700
v 0.061629 0.435131 0.804954
v 0.061047 0.482632 0.704233
v 0.060088 0.499472 0.593830
v 0.005266 0.564850 0.595131
v 0.118477 0.262429 1.021771
v 0.122736 0.238111 0.966181
v 0.069969 0.316669 0.925167
v 0.113790 0.141744 0.848301
v 0.111726 0.206575 0.892127
v 0.100862 0.245065 0.838320
v 0.115500 0.186740 0.795021
v 0.121174 0.301707 0.751317
v 0.089876 0.400906 0.753779
v 0.116735 0.388961 0.638119
v 0.089987 0.448486 0.613481
v 0.151561 0.171449 1.026374
v 0.143940 0.152280 0.958311
v 0.133179 0.193773 0.716131
v 0.124036 0.313044 0.719173
v 0.160536 0.184214 0.657094
v 0.142587 0.304893 0.661594
v 0.153850 0.368932 0.599058
v 0.138683 0.438321 0.556408
v 0.184975 0.246291 0.621839
v 0.293250 0.173571 0.561443
v 0.192089 0.365954 0.567794
v 0.248754 0.294147 0.564064
v -0.014520 0.598420 0.552870
v 0.043699 0.535440 0.548022
v 0.034358 0.573163 0.525931
v 0.059864 0.597120 0.493366
v 0.088099 0.512806 0.528663
v 0.129832 0.525494 0.488816
v 0.133234 0.583626 0.472421
v 0.205950 0.514826 0.450285
v 0.197717 0.580867 0.441766
v 0.249755 0.527526 0.399417
v 0.244093 0.421635 0.501111
v 0.342581 0.358837 0.458649
v 0.302633 0.443149 0.436572
v 0.262299 0.582816 0.384151
v 0.310030 0.528178 0.333768
v 0.357545 0.253342 0.492965
v 0.369623 0.421292 0.375111
v 0.321940 0.580363 0.314459
v 0.368470 0.549014 0.187560
v 0.360935 0.584715 0.186103
v 0.347989 0.585958 0.067280
v 0.431215 0.211366 0.412446
v 0.434800 0.286117 0.379295
v 0.434292 0.358214 0.329625
v 0.347464 0.521623 0.284445
v 0.433225 0.423887 0.251596
v 0.446568 0.456060 0.101827
v 0.373525 0.553012 0.088997
v -0.020484 0.713681 0.504028
v -0.032553 0.752196 0.500293
v -0.006624 0.675253 0.496617
v -0.034535 0.827115 0.475716
v -0.038877 0.893491 0.440500
v -0.024691 0.945958 0.402964
v 0.009990 0.985602 0.376382
v -0.044843 0.986554 0.343697
v -0.034535 1.013993 0.284238
v -0.036654 1.028722 0.208354
v -0.034535 1.014152 0.099528
v 0.037404 0.635782 0.494464
v 0.015652 0.919155 0.444274
v 0.061292 1.044141 0.255758
v 0.033137 1.044389 0.224560
v 0.057248 1.044289 0.133807
v 0.120353 0.714886 0.503028
v 0.056818 0.798007 0.502418
v 0.086447 0.865925 0.476193
v 0.106367 0.926413 0.441326
v 0.092719 0.991526 0.376728
v 0.122796 1.044501 0.178004
v 0.121598 0.796909 0.499845
v 0.189753 0.761227 0.480962
v 0.174606 0.899586 0.440915
v 0.140395 0.983324 0.376425
v 0.145810 1.033911 0.251437
v 0.150174 1.019510 0.099528
v 0.241696 0.653174 0.442599
v 0.245784 0.703690 0.452722
v 0.236977 0.838745 0.440353
v 0.240778 0.925740 0.378128
v 0.195544 0.982017 0.342160
v 0.238399 0.983950 0.287297
v 0.242331 0.996541 0.224112
v 0.244585 0.991963 0.145139
v 0.211441 0.983698 0.066891
v 0.252494 0.776073 0.446977
v 0.309935 0.641086 0.372609
v 0.311693 0.844727 0.363114
v 0.309266 0.906918 0.306323
v 0.300869 0.920332 0.091353
v 0.317375 0.691457 0.381549
v 0.312041 0.781581 0.389032
v 0.354014 0.763672 0.319123
v 0.368604 0.683722 0.272931
v 0.368501 0.818711 0.247211
v 0.314338 0.928236 0.235828
v 0.359993 0.627119 0.222668
v 0.358126 0.637228 0.124697
v 0.368605 0.811868 0.135394
v 0.315036 0.926372 0.151710
v 0.365528 0.751106 0.097458
v 0.375661 0.773521 0.249270
v 0.375701 0.682960 0.223638
v 0.372363 0.685784 0.143636
v 0.377095 0.765545 0.161098
v 0.487472 0.222946 0.311219
v 0.494646 0.278827 0.254625
v 0.484690 0.356050 0.195802
v 0.480569 0.401050 0.101453
v 0.523318 0.181350 0.222907
v 0.546427 0.192715 0.113260
v 0.509074 0.308524 0.161751
v 0.539246 0.278197 0.105208
v 0.528616 0.330132 0.094477
v -0.004140 -0.479802 -0.050431
v 0.011022 -0.431417 -0.206182
v 0.104879 -0.426931 -0.156420
v 0.054340 -0.465551 -0.360759
v 0.085583 -0.471762 0.007675
v 0.108233 -0.443476 -0.101753
v 0.170304 -0.414134 -0.206043
v 0.073479 -0.433503 -0.244393
v 0.182986 -0.439486 0.008650
v 0.211386 -0.393366 -0.137764
v 0.159710 -0.448458 -0.297268
v 0.180439 -0.471133 -0.415953
v 0.242002 -0.435961 -0.298570
v 0.275874 -0.380657 -0.023844
v 0.251020 -0.377994 -0.102828
v 0.263371 -0.375911 -0.161280
v 0.317762 -0.433408 -0.376647
v 0.361138 -0.376189 -0.250302
v 0.338468 -0.324603 -0.136472
v 0.369963 -0.302166 -0.024538
v 0.392582 -0.278490 -0.093341
v 0.367082 -0.314803 0.021539
v 0.435068 -0.219475 -0.028543
v 0.439734 -0.316424 -0.224520
v 0.421993 -0.373700 -0.334804
v -0.032776 -0.464329 -0.484151
v 0.063078 -0.476434 -0.456261
v 0.025835 -0.470704 -0.546497
v 0.063106 -0.453263 -0.659605
v 0.052353 -0.420947 -0.743848
v 0.058918 -0.375722 -0.829444
v 0.106545 -0.476602 -0.530985
v 0.152591 -0.463800 -0.605648
v 0.153771 -0.441829 -0.691002
v 0.153121 -0.389432 -0.805880
v 0.228756 -0.462852 -0.538889
v 0.234549 -0.437485 -0.669407
v 0.223171 -0.383057 -0.798250
v 0.322844 -0.439285 -0.478698
v 0.305909 -0.434281 -0.598830
v 0.307440 -0.380019 -0.755744
v 0.366299 -0.379620 -0.699616
v 0.426831 -0.389008 -0.480447
v 0.421145 -0.378900 -0.608256
v -0.001925 -0.307801 -0.906601
v 0.118576 -0.313767 -0.913153
v 0.209347 -0.316027 -0.894882
v 0.322236 -0.318155 -0.848863
v 0.319991 -0.257700 -0.915985
v 0.421919 -0.316009 -0.764716
v 0.425835 -0.252926 -0.847362
v 0.416581 -0.180894 -0.922918
v 0.005169 -0.240988 -0.973926
v -0.034723 -0.127911 -1.039907
v -0.014042 -0.000647 -1.093398
v 0.020603 -0.132301 -1.048465
v 0.061988 -0.006097 -1.103237
v 0.058249 0.093221 -1.120354
v 0.119243 -0.250304 -0.975782
v 0.091282 -0.130706 -1.054965
v 0.155198 -0.135163 -1.050253
v 0.175318 0.005663 -1.104101
v 0.210265 -0.239713 -0.970533
v 0.243557 -0.127406 -1.039580
v 0.291633 -0.193783 -0.980797
v 0.308940 -0.068254 -1.045499
v 0.274482 0.026685 -1.085703
v 0.275722 0.139791 -1.107606
v 0.370697 -0.133496 -0.984811
v 0.334884 0.088275 -1.083857
v 0.438363 0.076198 -1.056597
v 0.492157 -0.132157 -0.019554
v 0.408999 -0.282113 -0.132190
v 0.463319 -0.201119 -0.091188
v 0.507242 -0.096435 0.037958
v 0.534643 -0.077786 -0.022846
v 0.480228 -0.234198 -0.153909
v 0.521867 -0.147944 -0.093848
v 0.531122 -0.232906 -0.205904
v 0.523943 -0.285115 -0.291469
v 0.545631 -0.299572 -0.391405
v 0.593448 0.118345 0.045955
v 0.579879 -0.035891 -0.022590
v 0.607755 0.036426 0.001763
v 0.582182 -0.130531 -0.108848
v 0.575969 -0.208374 -0.197826
v 0.592572 -0.258983 -0.303370
v 0.642734 0.101292 0.012734
v 0.640321 -0.038847 -0.048977
v 0.656433 -0.123821 -0.122569
v 0.638642 -0.189207 -0.190876
v 0.690139 0.127705 0.007140
v 0.705614 -0.006753 -0.051099
v 0.734480 -0.068610 -0.109096
v 0.718517 -0.134195 -0.164053
v 0.732381 -0.192357 -0.255314
v 0.692371 -0.251958 -0.366696
v 0.735430 -0.248690 -0.432770
v 0.758825 0.049145 -0.050992
v 0.791010 -0.080907 -0.160645
v 0.797962 -0.129042 -0.221760
v 0.802894 -0.195007 -0.356661
v 0.797510 0.128831 -0.044573
v 0.834860 -0.001125 -0.130179
v 0.858425 0.060916 -0.115210
v 0.856496 -0.069520 -0.211589
v 0.862528 -0.126205 -0.303179
v 0.915241 0.060847 -0.176029
v 0.917627 -0.064482 -0.298964
v 0.914586 -0.115638 -0.424499
v 0.547192 -0.307850 -0.514753
v 0.526530 -0.285944 -0.674580
v 0.471776 -0.110994 -0.933597
v 0.547177 -0.309346 -0.468279
v 0.547246 -0.299129 -0.578539
v 0.525876 -0.227038 -0.787554
v 0.506670 -0.159996 -0.876222
v 0.540296 -0.093502 -0.923546
v 0.583426 -0.265276 -0.664991
v 0.575785 -0.204763 -0.795413
v 0.691077 -0.256676 -0.609134
v 0.656741 -0.247364 -0.673839
v 0.644296 -0.194136 -0.787216
v 0.666370 -0.129845 -0.857804
v 0.662835 -0.060217 -0.919190
v 0.733819 -0.250717 -0.547892
v 0.723986 -0.197269 -0.730987
v 0.729209 -0.084197 -0.868230
v 0.726262 -0.013850 -0.922566
v 0.794982 -0.191542 -0.657032
v 0.756672 -0.138836 -0.794708
v 0.790414 -0.048389 -0.858492
v 0.842226 -0.186354 -0.454358
v 0.839226 -0.188481 -0.542649
v 0.851782 -0.134833 -0.688393
v 0.853916 -0.066954 -0.781879
v 0.849620 0.000700 -0.846208
v 0.786243 0.064510 -0.927429
v 0.914805 -0.118995 -0.548400
v 0.923071 -0.069139 -0.666042
v 0.925704 -0.015362 -0.735500
v 0.923769 0.051024 -0.795068
v 0.890049 0.140134 -0.881789
v 0.487315 -0.007028 -0.978523
v 0.448009 0.048165 -1.028792
v 0.619857 0.082696 -1.018568
v 0.482861 0.116942 -1.100334
v 0.557955 0.029107 -0.994029
v 0.617498 0.113667 -1.051556
v 0.652393 0.052545 -0.983332
v 0.723585 0.101561 -0.979947
v 0.953934 0.143707 -0.185764
v 0.924908 -0.004746 -0.237799
v 0.986064 0.055377 -0.300281
v 0.999611 0.135072 -0.265278
v 0.939111 -0.073757 -0.384919
v 0.982175 -0.002174 -0.363123
v 0.983659 -0.028304 -0.483542
v 1.045948 0.159004 -0.388513
v 0.985542 -0.004486 -0.597720
v 0.984595 0.043139 -0.674679
v 0.985242 0.110952 -0.729911
v 1.011808 0.030115 -0.487174
v 1.042840 0.116987 -0.493200
v 1.021121 0.089708 -0.606368
v 0.366382 0.550029 0.008545
v 0.347702 0.581981 -0.018016
v 0.333752 0.627873 -0.086626
v 0.398706 0.567851 -0.051974
v -0.024160 0.988644 0.021453
v -0.023540 0.975333 -0.011129
v -0.061017 0.981561 -0.173428
v -0.034535 0.962599 -0.269892
v -0.043028 0.972885 -0.308805
v 0.027035 0.943715 -0.085182
v 0.053906 0.927763 -0.146585
v 0.044778 0.925940 -0.245764
v 0.031647 0.943119 -0.264972
v 0.031920 0.971098 -0.310927
v 0.031942 1.043862 -0.405127
v 0.101203 0.988661 0.018949
v 0.086141 0.961996 -0.017586
v 0.080309 0.924222 -0.091064
v 0.102018 0.882001 -0.202558
v 0.093401 0.905371 -0.264972
v 0.111702 0.934888 -0.313184
v 0.079109 1.045272 -0.422333
v 0.150793 0.985106 0.027880
v 0.131681 0.924532 -0.049507
v 0.179621 0.796899 -0.115248
v 0.144281 0.884947 -0.079381
v 0.125196 0.863922 -0.146752
v 0.169131 0.803611 -0.215350
v 0.183494 0.793241 -0.247105
v 0.150479 0.852071 -0.273944
v 0.200474 0.835233 -0.319193
v 0.124903 0.983229 -0.365075
v 0.245582 0.919472 0.010578
v 0.273928 0.847725 -0.008735
v 0.228217 0.719614 -0.110959
v 0.215915 0.774332 -0.087396
v 0.191967 0.842784 -0.075621
v 0.199201 0.762205 -0.146752
v 0.226069 0.745986 -0.201490
v 0.187214 0.938333 -0.375459
v 0.232446 0.895276 -0.404765
v 0.186247 0.987726 -0.430650
v 0.311650 0.847513 0.033456
v 0.302191 0.651600 -0.025541
v 0.266707 0.739236 -0.043808
v 0.288507 0.658460 -0.085182
v 0.257512 0.702325 -0.082106
v 0.277775 0.688855 -0.142740
v 0.256428 0.740182 -0.230750
v 0.283548 0.783718 -0.352871
v 0.251513 0.839742 -0.386551
v 0.326003 0.642405 0.037958
v 0.320056 0.706419 0.016722
v 0.311905 0.790689 0.005092
v 0.330532 0.713378 -0.233097
v 0.359724 0.733271 -0.308955
v 0.330297 0.776156 -0.402690
v 0.290317 0.827845 -0.443688
v 0.406732 0.615817 -0.106736
v 0.368145 0.671793 -0.180019
v 0.396475 0.723137 -0.273262
v 0.399716 0.759790 -0.392620
v -0.034535 1.075818 -0.516171
v -0.030508 1.075078 -0.591992
v -0.038900 1.045565 -0.680699
v -0.018382 0.948213 -0.796926
v -0.012309 0.919855 -0.824103
v -0.043060 0.851422 -0.908041
v 0.021321 1.076353 -0.493952
v 0.047851 1.076579 -0.576614
v 0.033480 1.052314 -0.675911
v 0.027035 0.996708 -0.747612
v 0.051709 0.887338 -0.825757
v 0.049572 0.770930 -0.922910
v 0.127755 1.054977 -0.511900
v 0.084757 1.044039 -0.669447
v 0.085413 0.924617 -0.788895
v 0.118204 0.794604 -0.856292
v 0.092379 0.770034 -0.900845
v 0.126036 1.042849 -0.463821
v 0.141415 1.045935 -0.580797
v 0.124807 1.043053 -0.630210
v 0.116362 0.985490 -0.733013
v 0.169982 0.845868 -0.804724
v 0.164576 0.880233 -0.779109
v 0.148732 0.784047 -0.884224
v 0.242784 0.923101 -0.443166
v 0.197988 1.007894 -0.546587
v 0.239530 0.958013 -0.578051
v 0.226732 0.912004 -0.693875
v 0.185100 0.988350 -0.662652
v 0.195791 0.894911 -0.746438
v 0.215805 0.830606 -0.833780
v 0.172073 0.783001 -0.911552
v 0.300445 0.849741 -0.542305
v 0.243336 0.952349 -0.515713
v 0.288291 0.880687 -0.579641
v 0.306403 0.854197 -0.661057
v 0.274924 0.889647 -0.643570
v 0.270714 0.876273 -0.700881
v 0.271221 0.862353 -0.762803
v 0.295934 0.867293 -0.810647
v 0.303128 0.864644 -0.926242
v 0.364051 0.790659 -0.552997
v 0.335671 0.828884 -0.575727
v 0.328663 0.848294 -0.642118
v 0.295860 0.859092 -0.743038
v 0.402246 0.808322 -0.575756
v 0.367756 0.856004 -0.667731
v 0.428156 0.896084 -0.769143
v 0.427524 0.901884 -0.822178
v 0.394921 0.892501 -0.907167
v 0.031919 0.522797 -1.050048
v 0.020410 0.632634 -1.000520
v 0.071682 0.362039 -1.098817
v 0.050893 0.179477 -1.124433
v 0.066135 0.580803 -1.044488
v 0.095673 0.402344 -1.100105
v 0.109759 0.514519 -1.097520
v 0.135381 0.283529 -1.120920
v 0.125580 0.621946 -1.071707
v 0.211328 0.203551 -1.122605
v 0.147971 0.353137 -1.128348
v 0.168309 0.434192 -1.156565
v 0.208425 0.589951 -1.168639
v 0.208753 0.294222 -1.150951
v 0.184755 0.531442 -1.166565
v 0.252181 0.397665 -1.212060
v 0.257538 0.461015 -1.224078
v 0.264072 0.230256 -1.148444
v 0.300785 0.366574 -1.233122
v 0.265590 0.517960 -1.225096
v 0.312913 0.609020 -1.226736
v 0.394965 0.114095 -1.095252
v 0.329134 0.171172 -1.133398
v 0.343913 0.301829 -1.226315
v 0.366036 0.457039 -1.267092
v 0.372179 0.522457 -1.264231
v 0.409793 0.183775 -1.167283
v 0.396561 0.373041 -1.262673
v 0.429241 0.578049 -1.264228
v -0.008114 0.812226 -0.926099
v 0.078497 0.699939 -0.962076
v 0.009196 0.677872 -0.980636
v 0.082280 0.649270 -1.013129
v 0.137221 0.738130 -0.954563
v 0.233030 0.808312 -0.973670
v 0.141429 0.704073 -1.014360
v 0.255061 0.797551 -1.031155
v 0.180407 0.663458 -1.103658
v 0.243411 0.736356 -1.101793
v 0.261569 0.678342 -1.163341
v 0.340316 0.857628 -0.991205
v 0.358033 0.804099 -1.101110
v 0.331555 0.734083 -1.160378
v 0.428725 0.859135 -1.040032
v 0.386779 0.749055 -1.167924
v 0.404343 0.672017 -1.225266
v 0.463366 0.461794 0.046578
v 0.399986 0.534924 -0.005877
v 0.479147 0.486239 0.006153
v 0.524807 0.385299 0.055467
v 0.518532 0.454486 0.015529
v 0.497398 0.528883 -0.031904
v 0.509335 0.627098 -0.104941
v 0.596830 0.251406 0.055069
v 0.578731 0.334128 0.049736
v 0.579562 0.415385 0.016803
v 0.596602 0.460664 -0.002215
v 0.565677 0.573879 -0.054141
v 0.641639 0.181472 0.031551
v 0.670353 0.322739 0.017547
v 0.649927 0.405499 0.004558
v 0.652993 0.505410 -0.006392
v 0.615888 0.602012 -0.041514
v 0.716880 0.213166 0.008623
v 0.756761 0.307457 -0.008634
v 0.703282 0.398510 0.006510
v 0.730438 0.450618 0.011564
v 0.727593 0.620397 0.014345
v 0.746260 0.409100 0.006410
v 0.765874 0.519265 0.029718
v 0.800470 0.579108 0.036566
v 0.801271 0.209716 -0.034977
v 0.762824 0.344123 -0.010714
v 0.826591 0.442120 0.028089
v 0.859228 0.517256 0.042352
v 0.842170 0.265547 -0.046624
v 0.827444 0.334555 -0.016173
v 0.888765 0.192700 -0.097810
v 0.898728 0.420634 0.023196
v 0.889386 0.603203 0.035266
v 0.451465 0.681811 -0.181456
v 0.457715 0.737745 -0.281348
v 0.455606 0.766447 -0.382150
v 0.534605 0.694819 -0.156817
v 0.503572 0.717853 -0.214619
v 0.527427 0.768979 -0.288605
v 0.509725 0.783794 -0.410269
v 0.569075 0.658900 -0.099654
v 0.610628 0.739454 -0.114916
v 0.610253 0.798061 -0.181249
v 0.559359 0.749579 -0.193191
v 0.546623 0.797295 -0.344519
v 0.541134 0.792057 -0.432518
v 0.632069 0.669130 -0.053150
v 0.677441 0.728799 -0.052556
v 0.678229 0.799289 -0.112399
v 0.633802 0.862781 -0.329444
v 0.666634 0.881430 -0.386868
v 0.758308 0.778387 -0.052108
v 0.667486 0.866255 -0.232254
v 0.706830 0.899486 -0.302599
v 0.750955 0.865575 -0.155580
v 0.797195 0.901663 -0.210635
v 0.802015 0.923325 -0.282685
v 0.755201 0.920006 -0.362028
v 0.800369 0.679121 0.015577
v 0.850624 0.712955 0.003942
v 0.828275 0.860503 -0.125099
v 0.851905 0.932789 -0.353983
v 0.844451 0.795990 -0.050891
v 0.885970 0.860322 -0.125891
v 0.888681 0.916225 -0.242884
v 0.923161 0.158325 -0.856754
v 0.935131 0.220858 -0.922225
v 0.460943 0.785749 -0.500169
v 0.476026 0.800504 -0.547714
v 0.450933 0.867912 -0.668812
v 0.454557 0.898426 -0.912213
v 0.540295 0.863849 -0.670760
v 0.534642 0.898422 -0.787084
v 0.521438 0.894939 -0.919642
v 0.557032 0.795904 -0.548482
v 0.601458 0.811061 -0.518482
v 0.577593 0.808421 -0.572197
v 0.579879 0.891793 -0.849577
v 0.677668 0.868706 -0.472741
v 0.642734 0.814968 -0.577742
v 0.642734 0.822673 -0.639311
v 0.616781 0.868370 -0.746069
v 0.674314 0.858644 -0.851697
v 0.741621 0.863101 -0.540929
v 0.704304 0.830202 -0.577742
v 0.733601 0.792589 -0.671698
v 0.708037 0.808879 -0.643193
v 0.688703 0.826413 -0.721000
v 0.695399 0.845737 -0.852687
v 0.801178 0.919735 -0.435924
v 0.757451 0.816189 -0.625741
v 0.790737 0.791854 -0.665268
v 0.779810 0.795860 -0.745345
v 0.767583 0.816220 -0.824918
v 0.764688 0.817938 -0.883883
v 0.817974 0.876126 -0.546219
v 0.916929 0.921172 -0.427961
v 0.898269 0.874938 -0.550173
v 0.895128 0.783786 -0.675746
v 0.922532 0.783980 -0.755467
v 0.923823 0.801386 -0.805327
v 0.911761 0.808907 -0.885048
v 0.481046 0.177513 -1.168140
v 0.440538 0.253482 -1.222758
v 0.456348 0.370320 -1.268934
v 0.459364 0.483840 -1.279060
v 0.556535 0.139343 -1.115227
v 0.581257 0.204375 -1.172563
v 0.526778 0.276804 -1.234068
v 0.551522 0.395523 -1.266658
v 0.516185 0.485494 -1.277567
v 0.519594 0.580835 -1.261835
v 0.606692 0.309961 -1.228863
v 0.579908 0.490647 -1.266162
v 0.609934 0.609686 -1.233736
v 0.669187 0.178930 -1.103410
v 0.669641 0.245738 -1.163653
v 0.670844 0.403629 -1.227458
v 0.675155 0.532735 -1.224998
v 0.701004 0.580378 -1.198872
v 0.708468 0.152679 -1.031408
v 0.775782 0.213128 -1.036006
v 0.730871 0.241368 -1.111383
v 0.725126 0.325627 -1.170479
v 0.670998 0.464834 -1.232006
v 0.797506 0.289854 -1.089969
v 0.791623 0.333896 -1.124551
v 0.793175 0.410198 -1.158884
v 0.777172 0.586320 -1.170724
v 0.784912 0.456056 -1.172973
v 0.765874 0.519265 -1.182988
v 0.857287 0.159384 -0.925761
v 0.820625 0.192568 -0.980422
v 0.831437 0.258149 -1.049376
v 0.878313 0.414968 -1.154762
v 0.870580 0.635619 -1.148411
v 0.882598 0.519228 -1.170684
v 0.903852 0.231389 -0.971874
v 0.889051 0.301108 -1.083071
v 0.906000 0.346881 -1.117095
v 0.917317 0.476430 -1.164889
v 0.891419 0.577577 -1.164490
v 0.458647 0.782145 -1.147813
v 0.455674 0.674482 -1.230637
v 0.512706 0.858650 -1.038611
v 0.519885 0.799507 -1.123638
v 0.541188 0.671771 -1.226634
v 0.535821 0.746257 -1.174015
v 0.607497 0.862668 -0.982206
v 0.605708 0.797364 -1.101301
v 0.629371 0.720535 -1.164977
v 0.669052 0.802901 -1.045394
v 0.672483 0.747869 -1.113157
v 0.707078 0.815161 -0.974214
v 0.709538 0.766403 -1.057250
v 0.719493 0.703406 -1.119745
v 0.722006 0.633821 -1.167536
v 0.872189 0.796369 -0.982722
v 0.764613 0.800106 -0.969545
v 0.763194 0.746083 -1.062973
v 0.764393 0.622809 -1.158403
v 0.765874 0.692289 -1.116387
v 0.825749 0.705546 -1.109599
v 0.827444 0.751883 -1.060701
v 0.899740 0.743917 -1.062050
v 0.911441 0.687062 -1.111621
v 0.976584 0.429967 0.009876
v 0.970787 0.519529 0.024647
v 0.987694 0.613836 0.013419
v 0.983918 0.319640 -0.050716
v 0.938672 0.240428 -0.098636
v 0.962011 0.207896 -0.146426
v 1.043348 0.368663 -0.047550
v 1.036509 0.550173 -0.001708
v 1.052805 0.291342 -0.117267
v 1.007093 0.198808 -0.199428
v 1.050135 0.177656 -0.343319
v 1.104206 0.483312 -0.049897
v 1.101740 0.354090 -0.105348
v 1.043760 0.186782 -0.285942
v 1.086228 0.219433 -0.418654
v 1.165420 0.467595 -0.119460
v 1.169946 0.519736 -0.115776
v 1.113643 0.293300 -0.186691
v 1.170000 0.373298 -0.179967
v 1.106826 0.248233 -0.271540
v 1.167491 0.306382 -0.411453
v 1.170144 0.608138 -0.122974
v 1.228698 0.492266 -0.232810
v 1.229543 0.583154 -0.238668
v 1.168709 0.305300 -0.299616
v 1.230811 0.425966 -0.305895
v 1.210134 0.376345 -0.335194
v 1.228919 0.431615 -0.421454
v 1.244300 0.520738 -0.314968
v 1.247387 0.554335 -0.365247
v 0.942095 0.675904 0.008593
v 0.950771 0.783283 -0.055674
v 0.947337 0.842519 -0.120020
v 0.977885 0.870846 -0.176992
v 0.940734 0.922038 -0.305276
v 0.991220 0.904949 -0.385689
v 1.039047 0.719245 -0.051824
v 1.032904 0.798437 -0.111568
v 1.044179 0.872658 -0.262190
v 1.041406 0.883870 -0.329658
v 1.104155 0.617989 -0.054141
v 1.105409 0.733032 -0.114438
v 1.045930 0.853061 -0.211234
v 1.106686 0.794318 -0.188444
v 1.104287 0.840746 -0.331590
v 1.090182 0.851683 -0.391131
v 1.169218 0.706898 -0.183718
v 1.116543 0.814887 -0.254050
v 1.169067 0.773067 -0.330212
v 1.170629 0.767083 -0.393426
v 1.225949 0.626304 -0.254151
v 1.176757 0.744746 -0.255538
v 1.225181 0.668766 -0.336060
v 1.225696 0.662481 -0.387364
v 0.986112 0.170408 -0.753454
v 0.970211 0.187216 -0.798460
v 0.987856 0.234192 -0.832699
v 0.978069 0.234475 -0.882952
v 1.048432 0.181294 -0.565235
v 1.021545 0.148742 -0.655174
v 1.036469 0.241104 -0.645508
v 1.021558 0.267003 -0.761107
v 1.047312 0.148308 -0.460622
v 1.093748 0.250079 -0.484550
v 1.062190 0.208637 -0.519503
v 1.095485 0.295409 -0.558662
v 1.074136 0.296781 -0.679134
v 1.073608 0.330857 -0.778419
v 1.112115 0.384899 -0.789820
v 1.053360 0.300690 -0.902450
v 1.107570 0.371820 -0.885301
v 1.121129 0.330202 -0.570594
v 1.177524 0.392143 -0.519940
v 1.166677 0.393730 -0.573302
v 1.150543 0.375820 -0.688119
v 1.165992 0.603584 -0.685167
v 1.152113 0.457695 -0.771751
v 1.161136 0.522740 -0.766652
v 1.136007 0.584459 -0.795803
v 1.117079 0.400734 -0.824021
v 1.138406 0.460105 -0.825878
v 1.142026 0.517470 -0.836037
v 1.132729 0.582391 -0.909695
v 1.183144 0.363854 -0.475850
v 1.227501 0.522299 -0.469600
v 1.231590 0.609075 -0.440328
v 1.189621 0.458398 -0.552458
v 1.183951 0.582997 -0.580408
v 1.193937 0.519265 -0.577742
v 1.172655 0.412343 -0.690296
v 1.186863 0.456069 -0.682647
v 1.189385 0.514816 -0.693020
v 1.175159 0.561075 -0.723825
v 1.169799 0.433994 -0.733815
v 0.971644 0.861654 -0.545087
v 0.969187 0.777372 -0.652053
v 0.950584 0.765747 -0.700881
v 0.971847 0.786227 -0.884025
v 1.039908 0.864729 -0.470864
v 1.013418 0.753982 -0.649363
v 1.004705 0.739928 -0.699552
v 1.014564 0.739528 -0.761595
v 1.043520 0.737061 -0.821930
v 1.075614 0.797269 -0.546913
v 1.104706 0.722755 -0.596934
v 1.110539 0.691166 -0.631938
v 1.108495 0.663669 -0.711264
v 1.108545 0.646748 -0.777105
v 1.066929 0.695650 -0.762451
v 1.105448 0.661971 -0.881864
v 1.119781 0.803502 -0.470547
v 1.122594 0.760975 -0.532368
v 1.157909 0.626550 -0.620624
v 1.171874 0.732448 -0.483551
v 1.170033 0.630077 -0.581062
v 0.978989 0.298639 -1.037876
v 0.975241 0.373329 -1.108067
v 0.929892 0.546380 -1.162344
v 1.036058 0.304828 -0.972737
v 1.046780 0.362171 -1.036027
v 1.043502 0.404211 -1.066983
v 1.043313 0.490681 -1.102135
v 1.054371 0.591269 -1.072147
v 1.000515 0.598642 -1.115211
v 1.096328 0.371573 -0.945178
v 1.106886 0.435810 -0.996947
v 1.105372 0.518827 -1.019936
v 1.107854 0.584956 -0.997069
v 1.121976 0.436615 -0.951323
v 1.132228 0.519265 -0.947161
v 0.931340 0.796043 -0.938722
v 0.968388 0.733263 -1.041986
v 0.981790 0.656544 -1.102980
v 1.043012 0.736985 -0.927758
v 1.010808 0.746382 -0.967902
v 1.045712 0.675868 -1.030667
v 1.108005 0.628275 -0.965011
vn -0.6391 -0.1902 0.7452
vn -0.6697 -0.2328 0.7052
vn -0.9694 -0.2412 -0.0450
vn -0.9735 -0.2216 -0.0570
vn -0.9601 -0.1396 -0.2424
vn -0.7972 -0.1940 0.5717
vn -0.9595 -0.2202 0.1755
vn -0.8130 -0.5813 -0.0333
vn -0.6474 -0.5544 0.5229
vn -0.6324 -0.7746 0.0037
vn -0.5743 -0.6651 -0.4773
vn -0.5736 -0.4858 0.6595
vn -0.4780 -0.5198 0.7080
vn -0.6772 -0.3352 0.6550
vn -0.6568 -0.4429 0.6103
vn -0.5460 -0.3065 0.7797
vn -0.5724 -0.4902 0.6573
vn -0.6212 -0.6331 0.4618
vn -0.3903 -0.0546 0.9191
vn -0.2912 -0.2922 0.9109
vn -0.3335 -0.6721 0.6611
vn -0.3093 -0.7952 0.5215
vn -0.2952 -0.9228 0.2474
vn -0.1306 -0.3856 0.9134
vn -0.1223 -0.1616 0.9793
vn -0.2050 -0.6825 0.7016
vn -0.5668 -0.6851 0.4575
vn -0.4236 -0.9022 -0.0816
vn -0.5333 -0.3927 -0.7493
vn -0.4441 -0.7652 0.4662
vn -0.3608 -0.8958 -0.2595
vn -0.3039 -0.7454 -0.5933
vn -0.3824 -0.6121 -0.6921
vn -0.3949 -0.5803 -0.7122
vn -0.5325 -0.4218 -0.7338
vn -0.3523 -0.8699 -0.3452
vn -0.2835 -0.7486 -0.5993
vn -0.5514 -0.7969 -0.2469
vn -0.4462 -0.7917 -0.4173
vn -0.5093 -0.5991 -0.6178
vn -0.5825 -0.6966 -0.4188
vn -0.3771 -0.9211 0.0963
vn -0.5271 -0.7205 -0.4505
vn -0.6050 -0.7788 -0.1654
vn -0.2933 -0.9358 0.1957
vn -0.2945 -0.9343 -0.2008
vn -0.2926 -0.9261 -0.2380
vn -0.4545 -0.8432 -0.2872
vn -0.4477 -0.8615 -0.2396
vn -0.1997 -0.9798 -0.0101
vn -0.1534 -0.8889 -0.4316
vn -0.9683 -0.2002 0.1495
vn -0.9778 -0.1262 -0.1675
vn -0.8834 -0.4019 -0.2412
vn -0.9251 -0.3254 -0.1958
vn -0.9301 -0.2100 0.3014
vn -0.8610 -0.4042 -0.3087
vn -0.8828 -0.2982 -0.3630
vn -0.8667 -0.2619 -0.4246
vn -0.7420 -0.6682 -0.0548
vn -0.7174 -0.5615 0.4124
vn -0.7119 -0.5993 0.3661
vn -0.7145 -0.5391 -0.4459
vn -0.6755 -0.6545 0.3396
vn -0.5773 -0.8153 -0.0455
vn -0.4612 -0.8460 -0.2675
vn -0.4861 -0.8706 -0.0762
vn -0.4297 -0.8503 0.3040
vn -0.2316 -0.9135 0.3346
vn -0.3408 -0.8782 -0.3357
vn -0.1651 -0.9659 0.1995
vn -0.1541 -0.9570 -0.2458
vn -0.2493 -0.9546 -0.1629
vn 0.0348 -0.9965 0.0766
vn 0.0154 -0.9774 -0.2110
vn 0.0319 -0.3358 0.9414
vn -0.0530 -0.9336 0.3544
vn 0.1431 -0.3595 0.9221
vn 0.0800 -0.9196 0.3846
vn 0.2595 -0.0021 0.9657
vn 0.2426 -0.9302 0.2754
vn 0.2705 -0.2223 0.9367
vn 0.4144 -0.6324 0.6544
vn 0.3530 -0.5037 0.7885
vn 0.3446 -0.8312 0.4364
vn -0.1113 -0.0909 0.9896
vn 0.0533 -0.4457 0.8936
vn 0.2827 -0.8724 0.3987
vn 0.4372 -0.8459 0.3054
vn -0.0872 -0.5446 0.8341
vn 0.1039 -0.9649 0.2411
vn 0.0126 -0.8612 0.5081
vn 0.1982 -0.1759 0.9642
vn 0.2376 -0.5519 0.7993
vn 0.0878 -0.9853 0.1465
vn -0.2430 -0.9678 0.0653
vn -0.3210 -0.9455 -0.0539
vn 0.0509 -0.9901 0.1306
vn 0.0820 -0.9890 -0.1229
vn -0.1923 -0.9748 0.1134
vn 0.2875 -0.9424 -0.1713
vn 0.0375 -0.9913 0.1261
vn 0.4620 -0.8869 -0.0026
vn 0.3089 -0.9464 -0.0938
vn 0.2812 -0.9481 0.1482
vn -0.0304 -0.9981 0.0534
vn 0.3432 -0.8943 0.2872
vn 0.3633 -0.9315 0.0151
vn 0.5865 -0.7790 0.2219
vn 0.5346 -0.8382 0.1081
vn -0.4140 -0.8602 0.2976
vn -0.3471 -0.9358 0.0614
vn -0.3049 -0.9359 0.1764
vn -0.3092 -0.9371 -0.1619
vn 0.0695 -0.9974 0.0184
vn -0.1224 -0.9595 -0.2539
vn -0.5420 -0.8387 0.0522
vn -0.0565 -0.9919 -0.1135
vn -0.0515 -0.9523 -0.3008
vn -0.5940 -0.7744 0.2177
vn -0.0765 -0.9455 -0.3164
vn -0.5063 -0.7737 0.3809
vn -0.3721 -0.8085 0.4560
vn 0.0580 -0.9981 0.0221
vn -0.6641 0.2433 0.7069
vn -0.8336 0.3080 0.4585
vn -0.8174 0.5514 0.1668
vn -0.9437 0.0518 -0.3268
vn -0.9264 0.3074 -0.2173
vn -0.7771 0.4438 0.4462
vn -0.9669 0.1898 0.1707
vn -0.9985 -0.0390 0.0388
vn -0.9987 -0.0383 -0.0336
vn -0.9987 -0.0083 -0.0497
vn -0.7273 0.4797 0.4908
vn -0.9119 0.3517 0.2116
vn -0.8679 0.4832 0.1150
vn -0.8716 0.4861 0.0637
vn -0.9997 -0.0085 -0.0236
vn -0.7510 0.0165 -0.6601
vn -0.9404 -0.1506 -0.3049
vn -0.9388 -0.3443 0.0052
vn -0.9105 0.3752 -0.1739
vn -0.9245 0.1964 -0.3266
vn -0.9478 0.2007 0.2478
vn -0.9556 0.2945 0.0061
vn -0.9214 0.3886 -0.0062
vn -0.3273 0.4903 0.8077
vn -0.3423 0.5890 0.7320
vn -0.5964 0.0710 0.7995
vn -0.4468 0.4251 0.7872
vn -0.5702 0.2534 0.7814
vn -0.5712 0.4805 0.6654
vn -0.5420 0.7635 0.3511
vn -0.4465 0.7766 0.4445
vn -0.2811 0.5678 0.7737
vn -0.2847 0.7535 0.5926
vn -0.2435 0.7677 0.5927
vn -0.1633 0.8013 0.5755
vn -0.1173 0.8970 0.4263
vn -0.6106 0.7045 0.3619
vn -0.7896 -0.0262 0.6130
vn -0.6587 -0.3593 -0.6610
vn -0.3328 0.7541 0.5662
vn -0.4752 0.7568 0.4488
vn -0.6643 0.2917 0.6882
vn -0.7033 0.0071 0.7108
vn -0.3670 0.4416 0.8187
vn -0.5064 0.0227 0.8620
vn -0.4465 0.0789 0.8913
vn -0.2930 -0.0210 0.9559
vn -0.5988 0.6356 0.4873
vn -0.4394 0.4597 0.7717
vn -0.2549 0.8039 0.5373
vn -0.4274 0.6201 0.6579
vn -0.1910 0.4609 0.8667
vn -0.1974 0.4324 0.8798
vn -0.1212 0.7776 0.6169
vn -0.5965 0.2266 0.7699
vn -0.6206 0.3276 0.7124
vn -0.5960 0.5260 0.6067
vn -0.6820 0.6201 0.3878
vn -0.6055 0.7191 0.3410
vn -0.4917 0.1643 0.8551
vn -0.4670 0.4990 0.7300
vn -0.4451 0.7507 0.4882
vn -0.4163 0.2254 0.8808
vn -0.3463 0.3575 0.8674
vn -0.3209 0.9057 0.2771
vn -0.3720 0.9279 0.0236
vn -0.2219 0.9750 0.0090
vn -0.1574 0.5001 0.8515
vn -0.1703 0.8667 0.4688
vn 0.1602 0.4925 0.8554
vn 0.1895 0.5654 0.8028
vn 0.1482 0.9538 0.2614
vn 0.2932 0.3603 0.8856
vn 0.3021 0.6210 0.7232
vn 0.2236 0.9142 0.3380
vn -0.6869 -0.4594 -0.5631
vn -0.6905 -0.4074 -0.5977
vn -0.7872 -0.2300 -0.5722
vn -0.9887 -0.0092 0.1499
vn -0.8819 -0.3573 -0.3075
vn -0.8823 -0.3312 -0.3345
vn -0.9719 0.1723 0.1602
vn -0.8851 -0.3483 0.3088
vn -0.9738 0.0066 -0.2274
vn -0.9850 0.1008 -0.1401
vn -0.8761 -0.4294 0.2191
vn -0.8812 -0.4470 0.1538
vn -0.7995 -0.4302 -0.4193
vn -0.9785 -0.1707 0.1160
vn -0.9313 -0.1352 0.3381
vn -0.7821 -0.5954 -0.1837
vn -0.9861 0.1322 0.1007
vn -0.9700 -0.2054 0.1297
vn -0.9475 0.0116 -0.3197
vn -0.8902 0.2626 0.3723
vn -0.8422 0.4576 0.2851
vn -0.8825 0.4546 0.1207
vn -0.6388 0.7484 -0.1784
vn -0.8628 0.4668 0.1940
vn -0.7718 0.6359 -0.0009
vn -0.5453 0.8129 -0.2047
vn -0.4237 0.9018 -0.0847
vn -0.7207 0.6803 0.1335
vn -0.6501 0.6243 0.4331
vn -0.6568 0.7093 0.2559
vn -0.6553 0.7361 0.1693
vn -0.5020 0.8354 0.2238
vn -0.5874 0.7263 0.3571
vn -0.5708 0.7051 0.4207
vn -0.5964 0.6178 0.5124
vn -0.5605 0.8281 -0.0028
vn -0.4233 0.8903 0.1678
vn -0.3529 0.7932 0.4963
vn -0.4814 0.8445 0.2346
vn -0.1924 0.8989 0.3937
vn -0.3606 0.8290 0.4275
vn -0.2957 0.7330 0.6126
vn -0.1828 0.8121 0.5541
vn -0.8233 -0.4083 0.3944
vn -0.2748 0.8996 0.3394
vn -0.2479 0.9686 0.0207
vn -0.0189 0.7406 0.6717
vn 0.1634 0.5692 0.8058
vn 0.1301 0.7899 0.5993
vn 0.2477 0.2533 0.9351
vn 0.2130 0.3516 0.9116
vn 0.2916 0.4753 0.8301
vn 0.2598 0.7415 0.6186
vn 0.2167 0.8585 0.4648
vn 0.0495 0.7771 0.6274
vn 0.1597 0.4046 0.9004
vn 0.1371 0.6795 0.7208
vn 0.2398 0.8309 0.5020
vn 0.1656 0.7681 0.6185
vn -0.1152 0.1203 0.9860
vn -0.0719 0.2032 0.9765
vn -0.2164 0.3815 0.8987
vn -0.0171 0.8390 0.5438
vn 0.1153 0.8187 0.5625
vn -0.1106 0.6917 0.7137
vn -0.1161 0.8336 0.5401
vn -0.0400 0.9148 0.4019
vn 0.0436 0.2988 0.9533
vn 0.1034 0.5845 0.8048
vn 0.0625 0.9861 0.1539
vn 0.2054 0.1523 0.9668
vn 0.1900 0.2134 0.9583
vn 0.2593 0.6891 0.6767
vn 0.2392 0.8591 0.4525
vn 0.3333 0.9130 0.2353
vn 0.0742 0.6031 0.7942
vn 0.0806 0.6354 0.7680
vn 0.1522 0.6084 0.7789
vn 0.1629 0.7153 0.6795
vn 0.2636 0.6357 0.7255
vn 0.2959 0.8714 0.3912
vn 0.4444 0.6362 0.6307
vn 0.2414 0.3612 0.9007
vn 0.4446 0.5357 0.7179
vn 0.4707 0.7396 0.4811
vn 0.1321 0.7123 0.6894
vn -0.0334 0.8185 0.5735
vn 0.4142 0.6877 0.5963
vn 0.5334 0.6187 0.5768
vn 0.6456 0.6413 0.4146
vn 0.4666 0.7771 0.4225
vn 0.0724 0.6281 0.7747
vn 0.0208 0.7847 0.6195
vn 0.3342 0.7166 0.6122
vn 0.3960 0.8248 0.4037
vn 0.4778 0.7337 0.4831
vn 0.4909 0.7410 0.4581
vn 0.4281 0.6286 0.6493
vn 0.0641 0.8054 0.5893
vn 0.3413 0.4635 0.8177
vn 0.3382 0.5278 0.7791
vn 0.3103 0.9131 0.2644
vn 0.4486 0.6681 0.5936
vn 0.5457 0.6609 0.5152
vn 0.4108 0.5354 0.7379
vn 0.4314 0.4390 0.7882
vn 0.3771 0.8148 0.4403
vn 0.5201 0.4274 0.7395
vn 0.5109 0.8032 0.3063
vn 0.0262 0.7142 0.6994
vn 0.1311 0.7343 0.6661
vn 0.3040 0.7234 0.6198
vn 0.3364 0.8350 0.4354
vn 0.4343 0.7417 0.5111
vn 0.6508 0.4031 0.6434
vn 0.5041 0.6029 0.6184
vn 0.5049 0.7527 0.4225
vn 0.4681 0.8230 0.3219
vn 0.5078 0.8223 0.2568
vn 0.5443 0.8373 -0.0506
vn -0.0708 0.9411 0.3307
vn -0.0505 0.9932 0.1045
vn 0.2499 0.9335 0.2572
vn -0.4725 -0.8771 0.0865
vn -0.4665 -0.8802 -0.0876
vn -0.3476 -0.8856 0.3080
vn -0.2514 -0.9004 0.3549
vn -0.2248 -0.9708 0.0838
vn -0.2169 -0.9715 -0.0959
vn -0.9787 -0.0163 0.2044
vn -0.9809 -0.1946 -0.0069
vn -0.9899 -0.1335 0.0483
vn -0.9760 -0.1691 -0.1370
vn -0.9124 -0.2095 0.3515
vn -0.9133 -0.3453 0.2162
vn -0.9310 -0.2535 0.2628
vn -0.9131 -0.3678 0.1761
vn -0.8957 -0.4443 -0.0184
vn -0.9319 -0.3610 -0.0362
vn -0.7810 -0.4170 0.4650
vn -0.7914 -0.4935 0.3608
vn -0.6627 -0.5871 0.4649
vn -0.6546 -0.4906 0.5751
vn -0.6206 -0.6568 0.4284
vn -0.6071 -0.7663 0.2101
vn -0.4265 -0.8508 0.3070
vn -0.2337 -0.7755 0.5865
vn -0.3605 -0.8937 -0.2672
vn -0.2284 -0.9017 -0.3672
vn -0.8875 -0.4038 -0.2220
vn -0.9127 -0.3443 -0.2200
vn -0.9657 -0.0079 -0.2595
vn -0.9101 -0.2156 -0.3539
vn -0.8796 -0.0981 -0.4655
vn -0.7727 -0.5838 -0.2491
vn -0.7831 -0.3774 -0.4943
vn -0.7718 0.0195 -0.6355
vn -0.6427 -0.4308 -0.6335
vn -0.6042 -0.7658 -0.2205
vn -0.6005 -0.6436 -0.4745
vn -0.5013 -0.3696 -0.7823
vn -0.6373 0.0162 -0.7704
vn -0.5191 -0.7751 -0.3601
vn -0.4743 -0.6588 -0.5839
vn -0.4561 -0.5641 -0.6883
vn -0.4673 -0.1123 -0.8770
vn -0.3775 -0.7903 -0.4826
vn -0.2957 -0.6624 -0.6883
vn -0.3577 -0.4908 -0.7945
vn -0.3693 -0.2593 -0.8924
vn -0.2179 -0.1882 -0.9576
vn -0.1317 -0.9778 -0.1630
vn -0.0358 -0.9824 0.1833
vn -0.0519 -0.9860 -0.1584
vn 0.1029 -0.9477 0.3022
vn 0.1024 -0.9445 0.3123
vn 0.0663 -0.9744 0.2150
vn -0.5169 -0.8546 0.0503
vn -0.5473 -0.8341 -0.0691
vn -0.1670 -0.9751 0.1457
vn 0.2184 -0.9655 0.1416
vn 0.2229 -0.9559 0.1915
vn -0.1903 -0.9814 -0.0257
vn 0.3367 -0.9415 -0.0141
vn -0.3140 -0.9494 -0.0093
vn -0.3224 -0.9281 -0.1864
vn 0.0775 -0.9837 -0.1624
vn 0.1144 -0.9926 -0.0408
vn -0.2395 -0.9709 -0.0079
vn -0.1961 -0.9289 -0.3142
vn -0.1073 -0.8894 -0.4444
vn -0.1275 -0.8501 0.5110
vn -0.0594 -0.8612 0.5047
vn -0.1642 -0.9299 -0.3292
vn -0.0371 -0.9316 -0.3617
vn -0.0138 -0.8951 -0.4456
vn 0.0763 -0.9722 -0.2214
vn 0.0736 -0.8761 -0.4764
vn 0.3219 -0.9242 -0.2054
vn -0.1459 -0.9556 -0.2560
vn -0.1610 -0.9604 -0.2276
vn -0.4171 -0.9036 -0.0980
vn -0.4050 -0.8956 -0.1843
vn -0.3494 -0.9151 -0.2011
vn -0.1820 -0.5841 -0.7910
vn -0.0144 -0.5208 -0.8535
vn -0.2033 -0.4208 -0.8841
vn -0.4165 -0.2346 -0.8783
vn -0.7127 -0.2213 -0.6657
vn -0.1070 -0.7868 -0.6079
vn -0.1298 -0.6344 -0.7620
vn -0.3227 -0.5201 -0.7908
vn -0.5934 -0.5833 -0.5546
vn -0.4687 -0.6222 -0.6271
vn -0.5320 -0.4325 -0.7280
vn -0.6263 -0.3012 -0.7191
vn -0.6774 -0.4122 -0.6093
vn -0.6337 -0.3079 -0.7097
vn -0.3387 -0.8838 -0.3229
vn -0.2186 -0.8808 -0.4201
vn -0.1366 -0.7825 -0.6074
vn -0.4745 -0.7001 -0.5336
vn -0.5879 -0.5592 -0.5845
vn -0.6124 -0.4712 -0.6348
vn -0.5164 -0.7950 -0.3184
vn -0.5332 -0.7129 -0.4555
vn -0.4746 -0.7865 -0.3951
vn -0.3577 -0.7910 -0.4963
vn -0.5354 -0.4310 -0.7263
vn -0.4419 -0.6149 -0.6532
vn -0.4352 -0.3806 -0.8160
vn -0.4544 -0.2765 -0.8468
vn -0.3393 -0.4329 -0.8351
vn -0.3340 -0.4741 -0.8146
vn -0.3496 -0.2218 -0.9103
vn -0.9860 -0.1595 -0.0485
vn -0.9814 -0.1029 -0.1623
vn -0.9315 -0.2444 -0.2695
vn -0.9345 -0.1316 -0.3308
vn -0.9919 0.0853 -0.0946
vn -0.9863 0.1525 -0.0637
vn -0.9457 0.2705 -0.1805
vn -0.9395 0.1506 -0.3078
vn -0.8422 -0.5139 -0.1630
vn -0.9821 0.1083 0.1544
vn -0.8260 -0.2387 -0.5106
vn -0.8499 -0.0445 -0.5251
vn -0.9224 -0.2267 -0.3128
vn -0.8266 -0.5377 -0.1661
vn -0.9241 0.0743 0.3750
vn -0.9878 -0.0238 -0.1542
vn -0.9261 0.0494 -0.3740
vn -0.7732 -0.2480 -0.5836
vn -0.7803 -0.0599 -0.6226
vn -0.9532 0.3019 0.0153
vn -0.9473 0.3176 -0.0423
vn -0.9088 0.3846 -0.1619
vn -0.8712 0.0136 -0.4907
vn -0.8467 0.5099 -0.1523
vn -0.8406 0.4512 -0.2995
vn -0.8806 0.1355 -0.4540
vn -0.8580 0.1574 -0.4889
vn -0.8272 0.0669 -0.5579
vn -0.7417 0.6504 -0.1641
vn -0.7406 0.6519 -0.1631
vn -0.7536 0.5329 -0.3849
vn -0.7343 0.4488 -0.5093
vn -0.6128 0.6202 -0.4897
vn -0.6644 0.4829 -0.5704
vn -0.6469 0.3876 -0.6567
vn -0.5989 0.7344 -0.3194
vn -0.6220 0.4439 -0.6450
vn -0.6187 0.2723 -0.7369
vn -0.5886 0.2829 -0.7573
vn -0.4954 0.7410 -0.4533
vn -0.4331 0.8147 -0.3856
vn -0.4815 0.6267 -0.6127
vn -0.6416 0.3364 -0.6894
vn -0.3769 0.8376 -0.3954
vn -0.3699 0.7367 -0.5661
vn -0.2980 0.8161 -0.4951
vn -0.3557 0.6126 -0.7059
vn -0.4283 0.7795 -0.4571
vn -0.3498 0.9340 -0.0722
vn -0.2850 0.9114 -0.2970
vn -0.1857 0.9606 -0.2069
vn -0.1573 0.9026 -0.4006
vn -0.9302 0.2620 -0.2570
vn -0.9118 0.1392 -0.3864
vn -0.7890 0.3611 -0.4970
vn -0.8039 0.1345 -0.5794
vn -0.6926 0.6668 -0.2751
vn -0.7192 -0.0958 -0.6882
vn -0.6858 0.5744 -0.4469
vn -0.6843 0.2457 -0.6865
vn -0.9562 0.1279 -0.2633
vn -0.6456 0.4325 -0.6294
vn -0.9175 0.1444 -0.3706
vn -0.9965 -0.0499 -0.0664
vn -0.6034 0.2051 -0.7706
vn -0.9606 -0.2112 -0.1808
vn -0.9476 -0.0507 -0.3155
vn -0.4673 0.0936 -0.8791
vn -0.8557 -0.3121 -0.4128
vn -0.8282 -0.1971 -0.5246
vn -0.7026 -0.1347 -0.6987
vn -0.6898 -0.4543 -0.5637
vn -0.7427 -0.2363 -0.6266
vn -0.6858 -0.1517 -0.7118
vn -0.1701 0.1567 -0.9729
vn -0.6385 -0.4336 -0.6358
vn -0.9800 0.0866 -0.1789
vn -0.9237 0.2597 -0.2817
vn -0.9644 0.2408 -0.1092
vn -0.9685 0.0918 -0.2313
vn -0.9615 0.1933 -0.1951
vn -0.8296 0.5167 -0.2119
vn -0.8506 0.0853 -0.5188
vn -0.7261 0.5276 -0.4409
vn -0.6695 0.4099 -0.6194
vn -0.6080 0.7591 0.2324
vn -0.6682 0.7433 0.0324
vn -0.5703 0.7818 -0.2522
vn -0.5957 0.5721 -0.5638
vn -0.5429 -0.0242 -0.8395
vn -0.0248 0.7582 -0.6515
vn -0.0479 0.9610 -0.2723
vn 0.2372 0.8445 -0.4802
vn 0.3151 0.7885 -0.5282
vn 0.2706 0.9624 -0.0220
vn 0.4202 0.8205 -0.3877
vn 0.2020 0.8706 -0.4487
vn 0.2300 0.8429 -0.4864
vn 0.0864 0.9353 -0.3432
vn 0.5428 0.8376 -0.0612
vn 0.5798 0.8038 -0.1330
vn 0.5307 0.8102 -0.2488
vn 0.3843 0.8583 -0.3399
vn 0.0171 0.9427 -0.3333
vn 0.3673 0.9255 -0.0922
vn 0.0300 0.9460 -0.3229
vn 0.0860 0.9791 -0.1844
vn 0.0726 0.9952 -0.0654
vn 0.1180 0.9916 -0.0527
vn 0.3317 0.9033 -0.2721
vn 0.4296 0.8998 -0.0766
vn -0.7061 -0.1665 -0.6883
vn -0.4116 -0.5276 -0.7431
vn -0.3284 0.1056 -0.9386
vn -0.5983 -0.0179 -0.8010
vn -0.7442 -0.0062 -0.6679
vn -0.7671 -0.0409 -0.6403
vn -0.4615 0.8831 -0.0842
vn -0.4684 0.8599 -0.2027
vn -0.4698 0.7190 -0.5121
vn -0.3363 0.8916 -0.3031
vn -0.3136 0.8754 -0.3678
vn -0.3999 0.7141 -0.5746
vn -0.1997 0.8784 -0.4342
vn -0.2090 0.7429 -0.6359
vn -0.1836 0.7284 -0.6600
vn 0.0355 0.9343 0.3548
vn -0.0394 0.6333 -0.7729
vn 0.1112 0.9330 0.3421
vn 0.1058 0.9938 -0.0336
vn 0.0404 0.7161 -0.6968
vn 0.0031 0.9830 0.1834
vn -0.0073 0.9899 -0.1413
vn -0.1269 0.8671 -0.4817
vn -0.0005 0.7133 -0.7008
vn -0.3429 0.8364 0.4275
vn -0.3420 0.9396 0.0091
vn -0.4259 0.8434 -0.3275
vn -0.2438 0.8068 -0.5381
vn -0.4543 -0.1684 -0.8748
vn -0.3162 -0.3310 -0.8890
vn -0.3506 -0.2482 -0.9030
vn -0.3783 -0.0207 -0.9255
vn -0.3606 -0.4000 -0.8426
vn -0.2114 -0.3946 -0.8942
vn -0.1834 -0.0639 -0.9810
vn -0.6375 0.0156 -0.7703
vn -0.0082 -0.1469 -0.9891
vn -0.6628 -0.0957 -0.7427
vn -0.4922 0.1606 -0.8555
vn -0.5506 0.1845 -0.8141
vn -0.0557 -0.0244 -0.9981
vn -0.3765 0.1071 -0.9202
vn -0.3314 0.2511 -0.9095
vn -0.4529 0.1601 -0.8770
vn -0.3784 0.0171 -0.9255
vn -0.3450 0.2497 -0.9048
vn -0.3155 0.3287 -0.8902
vn -0.2689 0.0955 -0.9584
vn -0.1845 0.3973 -0.8989
vn 0.0067 0.5145 -0.8575
vn -0.1846 -0.0528 -0.9814
vn -0.1522 0.1846 -0.9710
vn -0.0082 0.7664 -0.6423
vn 0.0115 0.3274 -0.9448
vn 0.3235 -0.0712 0.9435
vn 0.4071 -0.6841 0.6052
vn 0.5512 -0.2440 0.7979
vn 0.6513 -0.3149 0.6903
vn 0.5205 -0.7277 0.4466
vn 0.6018 -0.6809 0.4174
vn 0.6907 -0.3141 0.6513
vn 0.5934 -0.5952 0.5418
vn 0.6600 -0.7151 0.2305
vn 0.9516 -0.2444 0.1862
vn 0.4074 -0.9054 0.1192
vn 0.3879 -0.8948 -0.2213
vn 0.5925 -0.8053 -0.0216
vn 0.7849 -0.6082 -0.1188
vn 0.5836 -0.7797 0.2267
vn 0.3389 -0.7481 0.5704
vn 0.4895 -0.8720 -0.0045
vn 0.4837 -0.8679 -0.1133
vn 0.6988 -0.6846 0.2073
vn 0.3208 -0.6199 0.7161
vn 0.8231 -0.4749 -0.3112
vn 0.7064 -0.5596 -0.4333
vn 0.7275 -0.4586 -0.5104
vn 0.9426 -0.2326 0.2397
vn 0.7754 -0.5103 0.3720
vn 0.7524 -0.5174 0.4076
vn 0.8199 -0.3275 0.4696
vn 0.9362 -0.3513 0.0090
vn 0.9424 -0.3102 -0.1255
vn 0.5291 -0.3671 0.7651
vn 0.7270 -0.1778 0.6633
vn 0.4804 -0.1072 0.8705
vn -0.0042 -0.9413 0.3375
vn -0.0122 -0.9809 0.1943
vn 0.0972 -0.9909 0.0936
vn 0.1742 -0.8532 0.4917
vn 0.1674 -0.9382 0.3029
vn 0.1615 -0.9811 0.1068
vn 0.3029 -0.8599 0.4109
vn 0.4825 -0.8559 0.1862
vn 0.0327 -0.7037 0.7097
vn 0.2418 -0.8452 0.4765
vn -0.0077 -0.7704 0.6376
vn 0.2859 -0.5840 0.7597
vn 0.4106 -0.4947 0.7660
vn 0.4063 -0.5201 0.7513
vn 0.4490 -0.6104 0.6526
vn 0.3960 -0.7671 0.5047
vn 0.5209 -0.4021 0.7530
vn 0.5716 -0.6012 0.5585
vn 0.4917 -0.7745 0.3980
vn 0.5167 -0.7616 0.3911
vn 0.6130 -0.7849 0.0904
vn 0.7617 -0.1897 0.6195
vn 0.7736 -0.0887 0.6275
vn 0.7620 -0.4070 0.5037
vn 0.6655 -0.6706 0.3278
vn 0.7860 -0.6085 0.1090
vn 0.7904 -0.2330 0.5666
vn 0.8586 -0.4093 0.3087
vn 0.9409 -0.1984 0.2746
vn 0.9413 -0.0931 0.3246
vn 0.9096 -0.3494 0.2250
vn 0.9798 -0.1185 0.1609
vn 0.3243 0.0437 0.9449
vn 0.3933 0.4126 0.8217
vn 0.5604 0.2113 0.8008
vn 0.5021 0.5229 0.6889
vn 0.5184 0.6868 0.5095
vn 0.6561 0.7297 0.1926
vn 0.7960 0.2080 0.5684
vn 0.6873 0.5093 0.5179
vn 0.8167 0.4157 0.4003
vn 0.6852 0.6929 0.2244
vn 0.9777 -0.0156 0.2097
vn 0.4372 0.8861 0.1539
vn 0.5263 0.7314 0.4337
vn 0.5935 0.6009 0.5354
vn 0.5393 0.8400 0.0592
vn 0.5891 0.7719 0.2391
vn 0.8223 0.5513 0.1409
vn 0.7885 0.4492 0.4202
vn 0.8098 0.5325 0.2464
vn 0.7663 0.6421 0.0224
vn 0.7568 0.6536 0.0111
vn 0.8351 0.5452 0.0735
vn 0.7446 0.6634 -0.0741
vn 0.8566 0.4163 -0.3047
vn 0.9424 0.3283 0.0645
vn 0.9796 0.1368 0.1470
vn 0.9213 0.1904 0.3391
vn 0.9383 0.2914 0.1863
vn 0.9382 0.2908 0.1878
vn 0.9061 0.3465 0.2429
vn 0.7599 0.3808 0.5268
vn 0.7801 0.0473 0.6239
vn 0.5138 0.0539 0.8562
vn 0.5743 0.1946 0.7952
vn 0.7031 0.5740 0.4197
vn 0.5499 0.5193 0.6542
vn 0.5652 0.5181 0.6420
vn 0.4700 0.5702 0.6738
vn 0.4349 0.5618 0.7037
vn 0.7237 0.1763 0.6672
vn 0.5410 0.3882 0.7461
vn 0.5607 0.3830 0.7341
vn 0.7364 0.0197 0.6763
vn 0.6052 -0.0034 0.7960
vn 0.6934 0.5613 0.4517
vn 0.7985 0.0400 0.6007
vn 0.7524 0.3871 0.5330
vn 0.7517 0.5258 0.3981
vn 0.8302 0.5252 0.1868
vn 0.7232 0.1300 0.6783
vn 0.1761 0.3110 0.9339
vn -0.3353 0.6064 0.7210
vn 0.0525 0.9032 0.4259
vn 0.6019 0.5056 0.6181
vn 0.4855 0.5025 0.7154
vn -0.1773 0.3025 0.9365
vn -0.2063 0.9769 -0.0559
vn 0.0086 -0.1864 0.9824
vn -0.0121 0.5024 0.8646
vn -0.0329 0.7004 0.7130
vn 0.0403 0.0381 0.9985
vn 0.2008 0.4076 0.8908
vn 0.1806 0.4459 0.8767
vn 0.1269 0.7119 0.6908
vn 0.1247 0.9868 0.1032
vn 0.4059 -0.2570 0.8770
vn 0.3743 0.2411 0.8954
vn 0.3336 0.3338 0.8817
vn 0.3900 0.6976 0.6011
vn 0.4030 0.8924 0.2029
vn 0.6850 -0.1961 0.7017
vn 0.6824 0.7306 -0.0229
vn 0.6747 0.7018 -0.2286
vn 0.8989 -0.0844 0.4300
vn 0.8695 0.3511 0.3474
vn 0.9358 -0.2180 0.2769
vn 0.9913 -0.0742 -0.1088
vn 0.9358 0.1625 0.3129
vn 0.9889 -0.0400 0.1430
vn 0.9307 -0.1412 -0.3375
vn 0.9784 0.0716 -0.1941
vn 0.8513 0.1780 0.4935
vn 0.8711 0.2828 0.4016
vn 0.8628 0.3925 0.3186
vn 0.8365 0.5158 0.1853
vn 0.9595 -0.0087 0.2816
vn 0.9381 0.1796 0.2962
vn 0.9228 0.3016 0.2398
vn 0.9178 0.3724 0.1375
vn 0.9542 0.0617 0.2926
vn 0.7813 0.4915 0.3848
vn 0.0035 -0.9908 -0.1354
vn -0.0119 -0.9790 -0.2037
vn -0.0218 -0.9407 -0.3387
vn -0.0379 -0.9180 -0.3949
vn -0.0689 -0.9953 -0.0677
vn 0.0973 -0.9914 -0.0875
vn -0.1402 -0.9485 0.2843
vn -0.0721 -0.9954 -0.0636
vn -0.1722 -0.9560 0.2376
vn 0.1525 -0.9833 -0.0995
vn 0.1793 -0.9443 -0.2759
vn 0.2011 -0.9341 -0.2950
vn 0.1073 -0.9878 -0.1133
vn 0.3146 -0.9491 -0.0123
vn -0.0040 -0.9639 0.2661
vn 0.3350 -0.9422 0.0049
vn 0.2788 -0.9526 0.1220
vn 0.4888 -0.8724 -0.0022
vn 0.3477 -0.9346 0.0750
vn 0.6084 -0.7743 -0.1743
vn 0.6551 -0.7555 0.0060
vn -0.2666 -0.9612 0.0705
vn -0.2892 -0.9568 -0.0302
vn -0.2616 -0.9621 -0.0766
vn -0.2070 -0.9737 -0.0951
vn -0.1386 -0.9304 -0.3392
vn -0.1884 -0.8955 -0.4031
vn -0.0659 -0.9972 -0.0361
vn 0.0058 -0.9935 0.1138
vn 0.0370 -0.9990 0.0237
vn -0.0103 -0.9845 -0.1752
vn -0.0060 -0.9339 -0.3575
vn -0.0116 -0.8837 -0.4678
vn 0.1045 -0.9890 -0.1051
vn 0.1175 -0.9621 -0.2460
vn 0.2283 -0.9733 0.0242
vn 0.2204 -0.7864 -0.5770
vn 0.4149 -0.8022 -0.4294
vn 0.4273 -0.6646 -0.6129
vn -0.2618 -0.7169 -0.6462
vn -0.2818 -0.2572 -0.9244
vn -0.1703 -0.5408 -0.8238
vn -0.0765 -0.3757 -0.9236
vn 0.0101 -0.1695 -0.9855
vn 0.2303 -0.6865 -0.6897
vn 0.3925 -0.5632 -0.7272
vn 0.2207 -0.1878 -0.9571
vn 0.3960 -0.5634 -0.7251
vn 0.4152 -0.3771 -0.8279
vn 0.8382 -0.5407 -0.0714
vn 0.6866 -0.6375 0.3496
vn 0.5892 -0.6735 0.4464
vn 0.8825 -0.4698 0.0210
vn 0.9168 -0.3983 0.0286
vn 0.5966 -0.6322 0.4943
vn 0.5416 -0.7785 0.3172
vn 0.7419 -0.2701 0.6137
vn 0.2798 -0.6430 0.7129
vn 0.3561 -0.7155 0.6011
vn 0.3023 -0.7474 0.5916
vn 0.3797 -0.9003 0.2127
vn 0.4278 -0.3701 0.8246
vn 0.1870 -0.7335 0.6534
vn 0.2153 -0.8669 0.4496
vn 0.2503 -0.9230 0.2921
vn 0.3240 -0.3444 0.8811
vn 0.2767 -0.3034 0.9118
vn 0.4873 -0.4653 0.7389
vn 0.4281 -0.8724 0.2359
vn 0.5320 -0.3841 0.7546
vn 0.5025 -0.5354 0.6788
vn 0.5269 -0.7570 0.3864
vn 0.6681 -0.4045 0.6246
vn 0.6805 -0.4618 0.5688
vn 0.6602 -0.6184 0.4262
vn 0.5158 -0.8012 -0.3033
vn 0.4719 -0.6086 -0.6380
vn 0.5536 -0.8323 -0.0266
vn 0.5500 -0.8275 -0.1127
vn 0.5481 -0.7403 -0.3892
vn 0.4896 -0.7041 -0.5143
vn 0.3644 -0.9088 -0.2034
vn 0.2372 -0.7495 -0.6181
vn 0.1886 -0.8808 -0.4342
vn 0.2145 -0.7650 -0.6072
vn 0.2719 -0.8593 -0.4333
vn 0.3799 -0.6689 -0.6390
vn 0.4416 -0.8689 -0.2236
vn 0.5094 -0.7467 -0.4276
vn 0.5298 -0.6118 -0.5874
vn 0.6437 -0.7404 0.1936
vn 0.6944 -0.7193 0.0207
vn 0.6930 -0.5825 -0.4247
vn 0.6946 -0.4691 -0.5454
vn 0.5808 -0.3553 -0.7324
vn 0.4876 -0.4949 -0.7192
vn 0.4428 -0.4106 -0.7971
vn 0.2349 -0.4149 -0.8790
vn 0.1408 -0.6099 -0.7798
vn 0.2275 -0.7018 -0.6751
vn 0.2383 -0.6182 -0.7490
vn 0.2866 -0.4535 -0.8439
vn 0.3806 -0.4991 -0.7785
vn 0.5081 -0.4351 -0.7433
vn 0.4447 -0.3905 -0.8061
vn 0.6977 -0.5523 0.4563
vn 0.7142 -0.6540 0.2495
vn 0.7913 -0.5545 0.2576
vn 0.9150 -0.3242 0.2403
vn 0.8129 -0.5733 0.1029
vn 0.7901 -0.6127 0.0180
vn 0.7977 -0.5733 -0.1869
vn 0.8124 -0.4913 -0.3140
vn 0.8211 -0.3652 -0.4388
vn 0.8964 -0.4367 -0.0763
vn 0.9019 -0.3623 -0.2353
vn 0.8158 0.5706 -0.0936
vn 0.3636 0.8755 -0.3184
vn 0.3620 0.8653 -0.3466
vn 0.3451 0.9377 0.0407
vn 0.1749 0.9702 -0.1679
vn 0.1398 0.9781 -0.1539
vn -0.1823 0.9272 -0.3272
vn 0.4341 0.8991 -0.0565
vn 0.0362 0.7909 0.6109
vn 0.3324 0.9380 -0.0982
vn 0.4604 0.8504 0.2548
vn 0.5009 0.6404 0.5822
vn 0.1955 0.7761 0.5995
vn 0.3837 0.6310 -0.6743
vn 0.6666 0.7445 -0.0357
vn 0.7542 0.6034 0.2590
vn 0.6867 0.7068 0.1698
vn 0.5843 0.3318 -0.7406
vn 0.4903 0.4903 -0.7205
vn 0.6665 0.6711 -0.3248
vn 0.7412 0.6490 0.1715
vn 0.7341 0.3956 0.5519
vn 0.5456 0.6292 0.5535
vn 0.5987 0.6839 -0.4170
vn 0.8127 0.5640 0.1463
vn 0.5198 0.8541 -0.0160
vn 0.4840 0.7847 0.3872
vn 0.9344 -0.0309 -0.3549
vn 0.7859 0.1960 -0.5864
vn 0.8092 0.5510 0.2040
vn 0.3559 0.7884 0.5018
vn 0.3278 0.8752 0.3557
vn 0.3468 0.8565 0.3823
vn 0.4219 0.8672 0.2643
vn 0.2952 0.6968 0.6536
vn 0.2718 0.8285 0.4897
vn 0.1918 0.8339 0.5175
vn -0.2377 0.9444 0.2273
vn -0.1214 0.9452 -0.3030
vn 0.1831 0.7361 -0.6516
vn 0.1701 0.7323 -0.6594
vn -0.0194 0.9382 0.3455
vn 0.0288 0.9700 -0.2412
vn -0.0286 0.7257 -0.6874
vn 0.4598 0.5573 -0.6913
vn 0.2284 0.9468 0.2266
vn 0.1856 0.9480 -0.2585
vn 0.2591 0.5505 -0.7936
vn 0.4506 0.7619 0.4652
vn 0.4696 0.7533 -0.4604
vn -0.2341 0.7968 -0.5570
vn 0.7426 0.4313 0.5124
vn 0.7096 0.5312 0.4629
vn 0.7717 0.6359 0.0107
vn 0.4433 0.5795 -0.6839
vn 0.8458 0.5334 -0.0032
vn 0.8406 0.5322 -0.1012
vn 0.5928 0.7736 -0.2241
vn 0.1632 0.7181 -0.6765
vn -0.4048 0.9132 -0.0461
vn 0.6877 0.6530 0.3174
vn 0.7280 0.6749 0.1205
vn 0.5569 0.7084 -0.4337
vn 0.2339 0.9718 0.0279
vn -0.2160 0.9452 0.2449
vn -0.1917 0.3058 -0.9326
vn -0.1724 0.0211 -0.9848
vn -0.1124 0.1245 -0.9858
vn -0.1225 0.1756 -0.9768
vn -0.4801 -0.0068 -0.8772
vn -0.6371 0.0976 -0.7646
vn -0.6886 0.2637 -0.6755
vn -0.6817 0.0401 -0.7306
vn 0.1173 -0.1136 -0.9866
vn -0.3747 -0.0311 -0.9266
vn -0.6856 0.2531 -0.6826
vn -0.5399 -0.2484 -0.8042
vn -0.6073 0.0210 -0.7942
vn -0.2971 -0.2926 -0.9089
vn -0.5778 0.0672 -0.8134
vn -0.1796 -0.4239 -0.8877
vn -0.4463 -0.3824 -0.8091
vn -0.3699 -0.0807 -0.9256
vn -0.3461 0.1632 -0.9239
vn -0.2665 -0.2747 -0.9239
vn -0.2820 -0.1523 -0.9473
vn -0.2379 0.2443 -0.9401
vn 0.1845 0.5228 -0.8322
vn 0.1986 0.5506 -0.8108
vn 0.1537 0.1964 -0.9684
vn -0.1765 0.3591 -0.9165
vn 0.1067 0.4221 -0.9002
vn -0.3164 0.6615 -0.6799
vn -0.6086 0.4445 -0.6572
vn -0.3404 0.6559 -0.6737
vn -0.0496 0.8400 -0.5403
vn -0.5450 0.5745 -0.6106
vn -0.4390 0.7671 -0.4678
vn -0.5817 0.7511 -0.3122
vn -0.6864 0.5007 -0.5274
vn -0.4474 0.8323 -0.3273
vn -0.5688 0.5081 -0.6468
vn -0.4315 0.8367 -0.3374
vn -0.3607 0.8143 -0.4548
vn -0.4380 0.5861 -0.6817
vn -0.2771 0.6797 -0.6792
vn -0.3182 0.4809 -0.8170
vn -0.2558 0.5390 -0.8025
vn 0.8126 0.5003 0.2990
vn 0.3602 0.7294 0.5817
vn 0.1540 0.7320 0.6637
vn 0.7190 0.4337 0.5431
vn 0.6726 0.5918 0.4443
vn 0.4792 0.4710 0.7406
vn 0.2766 0.5713 0.7728
vn -0.0800 0.6011 0.7952
vn 0.6840 0.1252 0.7187
vn 0.5513 0.5067 0.6628
vn 0.4114 0.3387 0.8462
vn 0.1858 0.3203 0.9289
vn 0.5023 -0.1910 0.8433
vn 0.4585 -0.0051 0.8887
vn -0.3436 0.2015 0.9172
vn 0.3357 -0.1213 0.9341
vn -0.0164 0.1511 0.9884
vn -0.2144 0.0170 0.9766
vn 0.4197 -0.2735 0.8655
vn 0.4578 -0.0310 0.8885
vn -0.1348 -0.0354 0.9902
vn 0.3722 -0.0797 0.9247
vn 0.6090 -0.2400 0.7560
vn 0.5630 -0.1231 0.8173
vn 0.5390 -0.2255 0.8116
vn -0.0085 0.0851 0.9963
vn -0.0141 -0.4062 0.9137
vn -0.0394 -0.3456 0.9375
vn 0.3654 -0.3673 0.8553
vn 0.7074 -0.2501 0.6611
vn -0.2725 0.8345 0.4788
vn -0.3208 0.8244 0.4662
vn -0.2300 0.9615 0.1505
vn -0.4419 0.4370 0.7834
vn -0.3170 0.4574 0.8308
vn -0.5603 0.7549 0.3410
vn -0.5797 0.4339 0.6897
vn -0.5659 0.6163 0.5477
vn -0.4797 0.7469 0.4603
vn -0.3242 0.3837 0.8647
vn -0.2852 0.7229 0.6294
vn -0.2640 0.9575 0.1157
vn -0.1222 0.5406 0.8324
vn -0.1267 0.8751 0.4671
vn 0.0305 0.2843 0.9583
vn 0.0157 0.9897 0.1424
vn 0.6805 -0.3623 -0.6369
vn -0.0969 0.9589 0.2668
vn -0.2804 0.9591 -0.0396
vn 0.0568 0.9483 0.3123
vn -0.3992 0.9072 0.1328
vn 0.0538 0.8631 0.5022
vn -0.5226 0.8311 -0.1903
vn 0.2655 0.9080 0.3241
vn -0.3743 0.8273 -0.4190
vn -0.2742 0.9028 -0.3314
vn -0.2358 0.8311 -0.5037
vn 0.3705 0.8881 0.2719
vn 0.3757 0.9267 0.0085
vn -0.0708 0.8217 -0.5655
vn -0.0162 0.8178 -0.5752
vn 0.1015 0.9384 0.3302
vn -0.1133 -0.3519 -0.9292
vn -0.1430 0.0566 -0.9881
vn -0.0234 -0.3647 -0.9308
vn 0.1591 -0.8534 -0.4965
vn 0.1798 -0.0485 -0.9825
vn 0.4489 -0.3808 -0.8084
vn 0.4535 -0.2980 -0.8400
vn 0.4979 -0.6019 -0.6243
vn 0.5958 -0.5680 -0.5678
vn 0.5616 -0.3490 -0.7502
vn 0.3873 -0.6976 -0.6028
vn 0.1397 -0.7203 -0.6794
vn 0.1086 -0.4470 -0.8879
vn 0.0930 -0.2191 -0.9713
vn 0.0724 -0.0759 -0.9945
vn 0.0616 0.0962 -0.9935
vn -0.1499 0.7305 -0.6663
vn -0.1035 0.7955 -0.5970
vn -0.1141 0.3546 -0.9280
vn 0.0830 0.6979 -0.7114
vn 0.2428 0.9569 -0.1596
vn 0.2432 0.8490 -0.4692
vn 0.1952 0.7042 -0.6826
vn 0.1886 0.3152 -0.9301
vn 0.3253 0.9355 -0.1377
vn 0.3711 0.6576 -0.6556
vn 0.4242 0.8270 -0.3690
vn 0.4412 0.7227 -0.5320
vn 0.4277 0.3262 -0.8430
vn 0.2581 0.8364 -0.4835
vn 0.1948 0.7061 -0.6808
vn 0.2637 0.8333 -0.4859
vn 0.2160 0.6934 -0.6875
vn 0.0482 0.3347 -0.9411
vn 0.0668 0.7231 -0.6875
vn 0.0831 0.8443 -0.5294
vn 0.1264 0.6666 -0.7347
vn 0.2517 -0.6021 0.7577
vn 0.5512 -0.4853 0.6787
vn 0.3975 -0.6565 0.6411
vn 0.6360 -0.4598 0.6198
vn 0.8656 -0.3173 0.3873
vn 0.4933 -0.2447 0.8347
vn 0.4801 -0.5100 0.7138
vn 0.4774 -0.7034 0.5266
vn 0.7825 -0.5955 0.1817
vn 0.5963 0.0255 0.8023
vn 0.7335 -0.1110 0.6706
vn 0.7014 0.0227 0.7124
vn 0.7358 -0.3400 0.5856
vn 0.8686 -0.4347 0.2377
vn 0.9007 -0.3085 0.3059
vn 0.8607 -0.5090 -0.0143
vn 0.9822 0.0030 0.1876
vn 0.9817 -0.1261 0.1427
vn 0.9294 -0.3677 -0.0332
vn 0.1898 0.2139 0.9582
vn 0.1923 0.8337 0.5176
vn 0.2509 0.9219 0.2952
vn 0.1384 0.9898 -0.0338
vn 0.3800 0.3459 0.8579
vn 0.3054 0.4707 0.8277
vn 0.3360 0.7591 0.5576
vn 0.3799 0.9149 0.1364
vn 0.3603 0.9324 0.0281
vn 0.4733 0.2853 0.8334
vn 0.5210 0.7180 0.4616
vn 0.5643 0.8178 0.1127
vn 0.5659 0.8243 0.0174
vn 0.4683 0.8791 -0.0887
vn 0.7263 0.6171 0.3026
vn 0.8753 0.2593 0.4083
vn 0.9063 0.3786 0.1878
vn 0.8793 0.4682 0.0870
vn 0.9134 -0.2633 -0.3105
vn 0.8640 -0.4560 -0.2136
vn 0.8637 -0.4654 -0.1933
vn 0.9810 -0.1885 0.0465
vn 0.8493 -0.5196 0.0932
vn 0.8424 -0.5190 -0.1452
vn 0.7724 -0.6186 -0.1439
vn 0.7320 -0.6386 -0.2375
vn 0.7646 -0.6411 -0.0661
vn 0.8177 -0.5743 0.0397
vn 0.7106 -0.6975 -0.0929
vn 0.8120 -0.5832 -0.0231
vn 0.6842 -0.6887 -0.2400
vn 0.7343 -0.5929 -0.3304
vn 0.9289 0.2484 -0.2747
vn 0.9412 -0.3377 0.0133
vn 0.8766 -0.4447 -0.1838
vn 0.7722 -0.5556 -0.3081
vn 0.8172 -0.4321 -0.3814
vn 0.9379 -0.1511 -0.3122
vn 0.9420 -0.2699 -0.1995
vn 0.9451 0.1357 -0.2972
vn 0.8538 -0.5192 -0.0390
vn 0.9872 0.1528 -0.0449
vn 0.9486 0.2990 -0.1039
vn 0.7751 -0.5439 -0.3215
vn 0.9420 -0.2716 -0.1970
vn 0.7827 -0.2939 -0.5486
vn 0.9342 0.0524 -0.3528
vn 0.8881 0.1576 -0.4318
vn 0.9811 0.0188 -0.1927
vn 0.1903 0.9083 -0.3727
vn 0.2508 0.7804 -0.5728
vn 0.1818 0.7703 -0.6112
vn 0.1744 0.9409 -0.2905
vn 0.3524 0.9352 0.0349
vn 0.3350 0.9114 -0.2389
vn 0.4832 0.8661 0.1280
vn 0.4624 0.8742 -0.1485
vn 0.4147 0.7203 -0.5561
vn 0.5421 0.6039 -0.5843
vn 0.7244 0.6678 -0.1711
vn 0.5676 0.8233 -0.0033
vn 0.7444 0.4635 -0.4806
vn 0.6171 0.5903 -0.5204
vn 0.9028 0.3489 -0.2514
vn 0.8771 0.4523 -0.1617
vn 0.7668 0.6026 -0.2210
vn 0.8982 0.2606 -0.3540
vn 0.8873 0.3097 -0.3419
vn 0.2483 -0.8055 -0.5381
vn 0.1249 0.0860 -0.9884
vn 0.5212 -0.8020 -0.2918
vn 0.5884 -0.3034 -0.7495
vn 0.4497 -0.0484 -0.8919
vn 0.6182 -0.7609 -0.1970
vn 0.8128 -0.1417 -0.5651
vn 0.9557 -0.2855 -0.0717
vn 0.9952 0.0438 -0.0870
vn 0.3099 0.8577 -0.4103
vn 0.2670 0.8439 -0.4653
vn 0.3032 0.6609 -0.6865
vn 0.6560 0.6564 -0.3726
vn 0.5243 0.5842 -0.6196
vn 0.3633 0.3035 -0.8809
vn 0.9454 0.1917 -0.2635
vn 0.7930 0.3606 -0.4910
vn -0.6323 -0.7526 0.1840
vn -0.8189 -0.5467 0.1747
vn -0.8017 -0.5801 0.1441
vn -0.9608 -0.2643 0.0842
vn -0.8515 -0.5018 -0.1521
vn -0.8293 -0.5030 -0.2434
vn -0.8228 -0.3971 -0.4066
vn -0.8571 -0.2806 -0.4321
vn -0.8364 -0.1951 -0.5122
vn -0.4664 -0.1373 0.8739
vn -0.6712 -0.7392 -0.0547
vn -0.6337 -0.7396 -0.2267
vn -0.6536 -0.6983 -0.2920
vn -0.6565 -0.5249 -0.5418
vn -0.6109 -0.2451 -0.7528
vn -0.4766 -0.5219 0.7075
vn -0.7015 -0.2749 0.6575
vn -0.4168 -0.3913 0.8205
vn -0.6474 -0.4813 0.5909
vn -0.7770 -0.3554 0.5195
vn -0.7850 -0.2026 0.5854
vn -0.6740 -0.2325 0.7012
vn -0.7174 -0.0823 0.6918
vn -0.7521 -0.4992 0.4303
vn -0.7986 -0.3803 0.4666
vn -0.6393 -0.6181 0.4575
vn -0.7629 -0.5465 0.3454
vn -0.7342 -0.1626 0.6592
vn -0.5852 -0.1568 0.7956
vn -0.6854 -0.3886 0.6158
vn -0.7002 -0.5277 0.4810
vn -0.6982 -0.6585 0.2808
vn -0.5127 -0.6357 0.5771
vn -0.1697 -0.5851 0.7930
vn -0.6371 -0.6907 0.3422
vn -0.5121 -0.8038 0.3026
vn -0.4138 -0.1224 0.9021
vn -0.4747 -0.4021 0.7830
vn -0.3731 -0.6384 0.6732
vn -0.4032 -0.7989 0.4463
vn -0.4294 -0.8289 0.3585
vn -0.3418 -0.5190 0.7835
vn -0.4100 -0.4209 0.8092
vn -0.2280 -0.2958 0.9276
vn -0.2077 -0.0249 0.9779
vn -0.1548 -0.8191 0.5523
vn -0.3907 -0.8889 -0.2392
vn -0.1126 -0.9180 0.3801
vn -0.4679 -0.7228 0.5085
vn -0.4894 -0.7080 -0.5092
vn -0.4008 -0.7064 -0.5834
vn -0.5222 -0.3973 -0.7546
vn -0.6450 -0.2573 -0.7195
vn -0.3487 -0.9282 0.1298
vn -0.3855 -0.9092 0.1569
vn -0.1957 -0.9432 -0.2683
vn -0.3148 -0.9490 0.0201
vn -0.6614 -0.7205 0.2083
vn -0.6332 -0.7488 0.1958
vn -0.6864 -0.7188 0.1102
vn -0.2290 -0.9652 -0.1265
vn -0.5978 -0.7981 -0.0751
vn -0.1090 -0.8809 -0.4606
vn -0.2792 -0.7117 -0.6446
vn -0.5987 -0.7342 -0.3202
vn -0.6345 -0.5767 -0.5146
vn -0.7051 -0.6935 0.1479
vn -0.3756 -0.8555 -0.3563
vn -0.6059 -0.7582 -0.2408
vn -0.5685 -0.8106 0.1403
vn -0.5778 -0.8029 -0.1468
vn -0.5531 -0.8329 -0.0199
vn -0.5481 -0.8209 -0.1604
vn -0.5146 -0.8010 -0.3058
vn -0.5969 -0.8013 -0.0414
vn -0.3773 -0.9261 -0.0036
vn -0.1907 -0.9492 -0.2502
vn -0.3513 -0.9265 -0.1346
vn -0.4198 -0.8318 -0.3631
vn -0.4058 -0.8188 -0.4061
vn -0.2883 -0.8350 -0.4687
vn -0.5885 -0.8079 0.0327
vn -0.1610 -0.9810 0.1083
vn -0.1631 -0.9808 -0.1070
vn -0.1271 -0.9195 -0.3720
vn -0.4003 -0.9155 -0.0414
vn -0.3357 -0.9354 0.1111
vn -0.8754 -0.3612 0.3213
vn -0.9747 -0.1397 0.1745
vn -0.9696 -0.2448 -0.0028
vn -0.9842 -0.1580 -0.0794
vn -0.7909 -0.4405 -0.4247
vn -0.8846 -0.3548 0.3026
vn -0.9281 -0.1193 0.3527
vn -0.8655 -0.4445 0.2311
vn -0.8851 -0.4647 -0.0264
vn -0.8659 -0.4778 0.1481
vn -0.7116 -0.5240 -0.4680
vn -0.8632 -0.4695 -0.1857
vn -0.8859 -0.1085 -0.4511
vn -0.8019 -0.5973 0.0153
vn -0.7339 -0.5208 0.4361
vn -0.7070 -0.6898 0.1563
vn -0.6833 -0.7290 -0.0411
vn -0.7032 -0.7108 -0.0145
vn -0.7091 -0.6599 -0.2484
vn -0.6651 -0.6664 -0.3368
vn -0.6296 -0.5951 -0.4995
vn -0.8021 -0.3244 -0.5014
vn -0.7607 -0.5603 0.3276
vn -0.6700 -0.7358 0.0989
vn -0.6688 -0.7023 0.2441
vn -0.5897 -0.7178 -0.3702
vn -0.5674 -0.6965 -0.4394
vn -0.5960 -0.7846 0.1708
vn -0.5558 -0.7244 0.4079
vn -0.4620 -0.8481 0.2595
vn -0.4407 -0.8468 0.2979
vn -0.4304 -0.9008 -0.0582
vn -0.3924 -0.9133 0.1092
vn -0.4598 -0.8757 0.1478
vn -0.3373 -0.9409 -0.0294
vn -0.4805 -0.8612 -0.1655
vn -0.6832 -0.6652 -0.3012
vn -0.3848 -0.9212 0.0583
vn -0.4299 -0.8969 -0.1034
vn -0.1539 -0.9744 0.1639
vn -0.1709 -0.9849 -0.0285
vn -0.0871 -0.9957 -0.0304
vn -0.1183 -0.9581 -0.2607
vn 0.0011 -0.6047 0.7965
vn 0.0065 -0.9994 -0.0342
vn 0.0082 -0.9756 -0.2195
vn -0.0568 -0.3902 0.9190
vn -0.0145 -0.1719 0.9850
vn 0.0238 -0.1377 0.9902
vn 0.1418 -0.5908 0.7942
vn -0.0213 -0.7932 0.6085
vn 0.1182 -0.8228 0.5559
vn 0.1743 -0.6680 0.7235
vn 0.1633 -0.6801 0.7147
vn 0.1821 -0.9405 0.2870
vn 0.2374 -0.1227 0.9636
vn 0.3056 -0.7925 0.5278
vn 0.3332 -0.7065 0.6244
vn 0.3752 -0.8239 0.4248
vn 0.2550 -0.2976 0.9200
vn 0.3705 -0.4679 0.8024
vn -0.0619 -0.2369 0.9696
vn -0.0130 -0.4833 0.8754
vn -0.1087 -0.2760 0.9550
vn 0.3439 -0.7909 0.5062
vn 0.0662 -0.5554 0.8290
vn -0.1121 -0.0895 0.9897
vn -0.2052 -0.4475 0.8704
vn -0.0977 -0.6998 0.7076
vn -0.1432 -0.7173 0.6819
vn -0.0410 -0.8442 0.5345
vn 0.2121 -0.8652 0.4544
vn 0.0443 -0.3185 0.9469
vn 0.0239 -0.0109 0.9997
vn 0.0770 -0.7280 0.6812
vn 0.2386 -0.8865 0.3965
vn 0.0178 -0.9539 0.2995
vn 0.0646 -0.9026 0.4255
vn 0.0757 -0.9862 0.1470
vn 0.1805 -0.2414 0.9535
vn 0.2308 -0.7169 0.6579
vn 0.2858 -0.7350 0.6149
vn -0.0227 -0.9899 0.1402
vn -0.0289 -0.9898 -0.1392
vn 0.1352 -0.9493 -0.2837
vn -0.0309 -0.9514 -0.3063
vn -0.2492 -0.9685 0.0025
vn 0.1967 -0.9804 -0.0049
vn 0.2717 -0.9624 -0.0072
vn -0.0577 -0.9921 0.1115
vn -0.0485 -0.9820 -0.1828
vn 0.3130 -0.9365 0.1583
vn -0.0559 -0.9934 0.1000
vn 0.3272 -0.9286 -0.1749
vn 0.3230 -0.9284 -0.1839
vn 0.2036 -0.9429 -0.2637
vn -0.0701 -0.9973 -0.0220
vn 0.4481 -0.8878 0.1046
vn 0.0502 -0.9870 0.1526
vn 0.4707 -0.8745 -0.1171
vn 0.1737 -0.9842 -0.0344
vn 0.4135 -0.9081 0.0657
vn 0.1726 -0.9482 0.2667
vn 0.1661 -0.9837 0.0688
vn 0.2116 -0.9755 0.0601
vn 0.3329 -0.9416 0.0501
vn 0.2895 -0.9508 -0.1106
vn 0.2900 -0.9171 0.2737
vn 0.0415 -0.9907 -0.1296
vn 0.2185 -0.9738 -0.0632
vn 0.1795 -0.9329 -0.3121
vn 0.3857 -0.9175 0.0966
vn 0.3986 -0.8869 0.2334
vn -0.5069 -0.8579 0.0841
vn 0.2269 -0.9731 0.0396
vn 0.2031 -0.9780 -0.0477
vn 0.4773 -0.8596 -0.1824
vn 0.4805 -0.8661 -0.1377
vn 0.3682 -0.8671 0.3355
vn -0.4820 -0.8577 0.1788
vn -0.2026 -0.9577 0.2043
vn -0.3289 -0.8566 0.3975
vn -0.4144 -0.8747 0.2514
vn -0.1757 -0.8485 0.4992
vn -0.2337 -0.8828 0.4075
vn -0.1770 -0.9325 0.3147
vn -0.2877 -0.9574 -0.0261
vn -0.1686 -0.9818 0.0873
vn -0.0977 -0.9931 0.0651
vn -0.2417 -0.9453 -0.2189
vn 0.0847 -0.9934 0.0773
vn -0.4451 -0.8400 0.3103
vn -0.5938 -0.7840 0.1810
vn -0.1821 -0.9464 -0.2669
vn -0.1204 -0.9906 -0.0656
vn -0.3815 -0.8774 0.2908
vn -0.5931 -0.7624 0.2588
vn -0.3470 -0.9180 0.1922
vn -0.3056 -0.9463 0.1055
vn -0.2330 -0.9637 -0.1306
vn -0.3148 -0.8869 0.3381
vn -0.3983 -0.8859 0.2376
vn -0.6328 -0.7626 0.1341
vn -0.0113 -0.9888 -0.1490
vn -0.1177 -0.9929 -0.0139
vn -0.4912 -0.7752 0.3972
vn -0.5101 -0.7804 0.3616
vn 0.1712 -0.9802 -0.0995
vn -0.0634 -0.9425 0.3281
vn 0.2445 -0.9374 0.2480
vn -0.1979 -0.8176 0.5408
vn -0.1547 -0.8139 0.5600
vn 0.1633 -0.8956 0.4139
vn -0.6491 0.0064 0.7607
vn -0.0694 -0.7625 0.6433
vn 0.0252 -0.8198 0.5721
vn -0.9798 0.0084 0.1998
vn -0.9986 0.0327 -0.0424
vn -0.9671 0.1539 0.2023
vn -0.8332 0.0004 0.5530
vn -0.9749 0.2131 -0.0646
vn -0.9697 -0.0081 -0.2443
vn -0.8433 0.5324 0.0740
vn -0.8033 0.1969 0.5621
vn -0.8120 0.4215 0.4038
vn -0.9536 0.2726 0.1275
vn -0.8517 0.4602 0.2505
vn -0.9605 0.2727 0.0551
vn -0.9351 0.2900 0.2035
vn -0.9312 0.1260 -0.3421
vn -0.9536 0.2166 -0.2091
vn -0.8864 0.4544 -0.0882
vn -0.9996 0.0264 0.0066
vn -0.8504 -0.0629 -0.5223
vn -0.8983 -0.0120 -0.4393
vn -0.9982 0.0157 -0.0579
vn -0.9236 -0.2752 -0.2669
vn -0.9627 0.2663 -0.0487
vn -0.9350 0.0078 -0.3546
vn -0.9935 0.0049 0.1140
vn -0.9248 -0.2773 -0.2605
vn -0.9260 0.2030 -0.3182
vn -0.7011 0.6464 0.3012
vn -0.6639 0.5503 0.5064
vn -0.6355 0.7426 0.2114
vn -0.8732 0.4727 0.1189
vn -0.8759 0.0195 0.4820
vn -0.8626 0.1857 0.4705
vn -0.9922 0.1246 -0.0071
vn -0.9801 0.1216 0.1566
vn -0.9538 0.0322 0.2986
vn -0.6103 -0.2227 -0.7602
vn -0.8648 -0.0250 -0.5014
vn -0.9935 -0.0865 -0.0741
vn -0.8413 -0.0126 -0.5405
vn -0.8757 0.1558 0.4571
vn -0.9162 0.2125 0.3398
vn -0.9040 0.3208 0.2826
vn -0.9635 0.2672 0.0178
vn -0.9279 0.3660 -0.0707
vn -0.6957 -0.4237 -0.5801
vn -0.9363 -0.1384 -0.3226
vn -0.8557 -0.1738 -0.4874
vn -0.8740 -0.3407 -0.3464
vn -0.9849 -0.1712 0.0262
vn -0.9529 0.0176 -0.3026
vn -0.9283 -0.2540 0.2716
vn -0.9473 -0.1208 0.2966
vn -0.9833 -0.1253 0.1317
vn -0.9447 -0.2682 0.1886
vn -0.9250 -0.3623 0.1148
vn -0.9932 0.0815 0.0835
vn -0.9923 -0.0191 0.1220
vn -0.9030 0.3265 -0.2794
vn -0.9248 0.1811 -0.3346
vn -0.9456 0.0509 0.3212
vn -0.9804 0.1535 0.1237
vn -0.9457 0.1920 0.2622
vn -0.9333 0.2798 0.2252
vn -0.9881 0.0337 0.1502
vn -0.4371 0.2092 0.8748
vn -0.9596 0.2652 0.0943
vn -0.9380 0.3091 0.1567
vn -0.6141 0.2997 0.7301
vn -0.5800 0.4823 0.6564
vn -0.4839 0.0189 0.8749
vn -0.6290 0.2806 0.7250
vn -0.7455 0.0963 0.6595
vn -0.3421 0.5889 0.7322
vn -0.7086 0.2504 0.6597
vn -0.3396 0.6393 0.6899
vn -0.6595 0.5294 0.5337
vn -0.5635 0.5700 0.5979
vn -0.6843 0.4609 0.5651
vn -0.6402 0.6243 0.4476
vn -0.5888 0.1237 0.7988
vn -0.3783 0.8037 0.4594
vn -0.5229 0.6345 0.5692
vn -0.6766 0.2987 0.6730
vn -0.6441 0.4396 0.6260
vn -0.1585 0.1241 0.9795
vn -0.5419 0.7671 0.3434
vn -0.4240 0.0901 0.9012
vn -0.4667 0.3632 0.8064
vn -0.4627 0.3947 0.7938
vn -0.4074 0.7924 0.4539
vn -0.3370 0.1752 0.9250
vn -0.3322 0.2552 0.9080
vn -0.3290 0.6629 0.6725
vn -0.2736 0.8915 0.3610
vn -0.2313 0.8032 0.5490
vn -0.1559 0.3679 0.9167
vn -0.7890 0.2447 0.5636
vn -0.2211 0.5538 0.8028
vn -0.0802 0.8206 0.5658
vn -0.5622 0.7299 0.3889
vn -0.2272 0.7691 0.5973
vn -0.7324 0.0235 0.6805
vn -0.4757 0.7680 0.4289
vn -0.6680 0.3049 0.6788
vn -0.4367 0.5178 0.7356
vn -0.4689 0.0540 0.8816
vn -0.3443 0.6931 0.6333
vn -0.3814 0.2219 0.8974
vn -0.0063 0.5156 0.8568
vn -0.2870 -0.0202 0.9577
vn -0.0984 0.6769 0.7295
vn -0.0685 0.3846 0.9205
vn -0.7527 0.1913 0.6300
vn -0.6470 0.7502 0.1368
vn -0.7432 0.2865 0.6046
vn -0.7672 0.4672 0.4396
vn -0.7254 0.5797 0.3712
vn -0.7702 0.6062 0.1981
vn -0.7806 0.6217 -0.0642
vn -0.7341 0.4376 0.5192
vn -0.6722 0.7404 0.0001
vn -0.1688 0.1528 0.9737
vn -0.5368 0.4829 0.6919
vn -0.5722 0.6248 0.5313
vn -0.4832 0.7324 0.4797
vn -0.3753 0.5945 0.7111
vn -0.3789 0.7203 0.5810
vn -0.3251 0.8895 0.3211
vn -0.3969 0.9052 0.1520
vn -0.1855 0.7509 0.6338
vn -0.2745 0.3777 0.8843
vn -0.2360 0.6092 0.7571
vn -0.0208 0.1983 0.9799
vn -0.2318 0.9346 0.2697
vn -0.1211 0.9920 0.0361
vn -0.0191 0.7388 0.6737
vn 0.0170 0.4686 0.8832
vn -0.0641 0.5047 0.8609
vn -0.0178 0.8943 0.4472
vn -0.0473 0.9413 0.3344
vn -0.1080 0.9894 0.0965
vn -0.0150 0.9681 0.2502
vn 0.0949 0.7146 0.6931
vn 0.2607 0.7389 0.6213
vn 0.1798 0.2135 0.9603
vn 0.2255 0.8788 0.4205
vn 0.0806 0.9017 0.4248
vn 0.2720 0.9151 0.2975
vn -0.6722 -0.2610 -0.6929
vn -0.8809 -0.2693 -0.3891
vn -0.8017 -0.1861 -0.5680
vn -0.9961 0.0800 0.0362
vn -0.9322 -0.3342 0.1390
vn -0.9890 -0.0124 0.1476
vn -0.9874 0.1551 0.0318
vn -0.9921 -0.1208 -0.0343
vn -0.9988 0.0073 0.0491
vn -0.9721 -0.1329 0.1932
vn -0.9698 -0.2412 0.0352
vn -0.8646 0.3743 0.3352
vn -0.8793 -0.4494 0.1578
vn -0.8959 -0.4373 -0.0778
vn -0.8716 -0.4883 0.0443
vn -0.8708 -0.4880 -0.0601
vn -0.8974 0.3883 -0.2093
vn -0.9902 -0.1311 0.0477
vn -0.9791 -0.1569 -0.1294
vn -0.9089 -0.2095 -0.3607
vn -0.9236 -0.1730 -0.3422
vn -0.7832 0.5905 -0.1945
vn -0.8197 0.4445 -0.3612
vn -0.7509 0.6101 -0.2528
vn -0.9246 0.3493 -0.1523
vn -0.8945 0.3855 0.2266
vn -0.7428 0.6351 -0.2118
vn -0.8633 0.4791 0.1585
vn -0.8900 0.4543 0.0388
vn -0.8522 0.5224 -0.0305
vn -0.7507 0.6519 0.1071
vn -0.7384 0.6743 0.0017
vn -0.8463 0.3918 0.3609
vn -0.7584 0.5032 0.4143
vn -0.7596 0.5417 0.3601
vn -0.1847 0.7537 0.6308
vn -0.7435 0.6669 0.0497
vn -0.6616 0.6383 0.3934
vn -0.7299 0.5890 0.3470
vn -0.7178 0.6448 0.2629
vn -0.6813 0.7316 -0.0249
vn -0.4743 0.8746 -0.1004
vn -0.5994 0.7286 0.3315
vn -0.5629 0.7515 0.3440
vn -0.5682 0.8123 0.1317
vn -0.5116 0.7122 0.4806
vn -0.4930 0.8179 0.2965
vn -0.4019 0.7288 0.5544
vn -0.4258 0.7444 0.5143
vn -0.1650 0.9083 0.3844
vn -0.3313 0.8432 0.4233
vn -0.2890 0.9314 0.2215
vn -0.5541 0.8324 0.0073
vn -0.3872 0.9020 0.1910
vn -0.4238 0.9058 0.0053
vn 0.0092 0.1450 0.9894
vn -0.0127 0.3892 0.9211
vn -0.0195 0.6336 0.7734
vn 0.1234 0.3813 0.9162
vn -0.0853 0.9075 0.4113
vn 0.1124 0.1649 0.9799
vn 0.0850 0.8856 0.4565
vn 0.2316 0.1138 0.9661
vn 0.2296 0.5625 0.7943
vn -0.1340 0.2348 0.9628
vn 0.1189 0.6055 0.7869
vn 0.2309 0.8481 0.4769
vn 0.1271 0.7893 0.6007
vn -0.1015 0.4639 0.8801
vn -0.1383 0.5467 0.8258
vn 0.0575 0.7726 0.6323
vn -0.1332 0.0845 0.9875
vn 0.0359 0.8390 0.5430
vn -0.1373 0.5440 0.8278
vn -0.1363 0.7348 0.6644
vn -0.1591 0.8606 0.4837
vn 0.0237 -0.0197 0.9995
vn 0.0346 0.5276 0.8488
vn -0.0250 0.6962 0.7174
vn 0.0737 0.8761 0.4765
vn 0.0066 0.8086 0.5883
vn 0.1848 0.5919 0.7846
vn 0.1698 0.8272 0.5357
vn 0.2862 0.6838 0.6712
vn -0.1280 0.6560 0.7439
vn -0.0318 0.6877 0.7253
vn 0.0598 0.6582 0.7505
vn 0.2174 0.6648 0.7147
vn 0.3880 0.8558 0.3421
vn 0.4286 0.6584 0.6188
vn 0.4485 0.6417 0.6221
vn 0.4828 0.7157 0.5046
vn 0.4446 0.5401 0.7146
vn 0.4631 0.7237 0.5117
vn 0.5445 0.7610 0.3527
vn 0.3342 0.5699 0.7507
vn 0.5280 0.5693 0.6302
vn 0.2659 0.6482 0.7135
vn 0.1030 0.8797 0.4642
vn 0.2276 0.7113 0.6650
vn 0.2313 0.5663 0.7911
vn 0.1656 0.9248 0.3426
vn 0.4166 0.7392 0.5291
vn 0.2614 0.5460 0.7959
vn 0.1603 0.8042 0.5723
vn 0.2968 0.7744 0.5588
vn 0.1755 0.9261 0.3339
vn 0.1360 0.8341 0.5346
vn 0.2778 0.7967 0.5368
vn 0.2690 0.9118 0.3102
vn 0.4121 0.8007 0.4349
vn 0.4308 0.8760 0.2170
vn 0.4613 0.7576 0.4619
vn 0.5057 0.8211 0.2646
vn 0.4487 0.8774 0.1697
vn 0.6669 0.6854 0.2923
vn -0.0447 0.7255 0.6868
vn -0.1056 0.8419 0.5293
vn -0.0161 0.7311 0.6821
vn -0.0113 0.8067 0.5908
vn 0.2264 0.6868 0.6907
vn 0.5476 0.4726 0.6905
vn 0.2358 0.8152 0.5290
vn 0.3591 0.6190 0.6985
vn 0.2860 0.6983 0.6562
vn 0.4612 0.6300 0.6248
vn 0.4087 0.7196 0.5613
vn 0.3539 0.8293 0.4324
vn 0.4356 0.8371 0.3309
vn 0.4914 0.8629 0.1185
vn 0.4714 0.7312 0.4931
vn -0.0801 0.9129 0.4002
vn 0.6735 0.5278 0.5175
vn 0.6008 0.5880 0.5416
vn 0.5701 0.3292 0.7528
vn 0.5054 0.6054 0.6148
vn 0.2888 0.7836 0.5501
vn 0.3904 0.8931 0.2235
vn -0.0768 0.9968 0.0220
vn -0.1205 0.9663 0.2275
vn 0.1270 0.9352 0.3306
vn 0.1073 0.8958 0.4313
vn 0.4145 0.9024 0.1178
vn 0.1455 0.9843 0.1001
vn 0.0778 0.9872 0.1391
vn 0.2095 0.9257 0.3149
vn 0.2324 0.9630 0.1367
vn 0.3230 0.9426 0.0849
vn 0.3539 0.9060 0.2323
vn -0.2169 -0.9762 0.0022
vn -0.4530 -0.8913 -0.0166
vn -0.3664 -0.9131 0.1789
vn -0.3657 -0.9106 -0.1924
vn -0.9861 -0.0048 -0.1663
vn -0.9819 -0.1247 0.1428
vn -0.9997 -0.0065 -0.0220
vn -0.9346 -0.0063 0.3556
vn -0.8817 -0.2199 0.4175
vn -0.8960 -0.4285 -0.1166
vn -0.8741 -0.4746 0.1038
vn -0.9538 -0.3004 0.0080
vn -0.8636 -0.4911 -0.1141
vn -0.8563 -0.2759 0.4366
vn -0.9667 -0.2280 -0.1164
vn -0.9660 -0.1434 -0.2152
vn -0.8790 -0.0572 0.4734
vn -0.9687 -0.0550 0.2421
vn -0.7941 -0.5942 0.1281
vn -0.7819 -0.4895 0.3860
vn -0.7720 -0.5956 0.2221
vn -0.7897 -0.6003 -0.1267
vn -0.8610 -0.5085 -0.0105
vn -0.6673 -0.4814 0.5683
vn -0.5392 -0.8422 -0.0085
vn -0.6064 -0.7863 0.1187
vn -0.6914 -0.6727 0.2636
vn -0.7840 -0.5578 0.2725
vn -0.7004 -0.7130 0.0336
vn -0.6410 -0.5401 0.5454
vn -0.6226 -0.6387 0.4521
vn -0.5032 -0.7838 0.3640
vn -0.6098 -0.7816 -0.1314
vn -0.5160 -0.6659 0.5388
vn -0.2460 -0.7735 0.5842
vn -0.4938 -0.6690 0.5555
vn -0.4252 -0.7626 0.4875
vn -0.4554 -0.8035 0.3833
vn -0.2974 -0.7380 0.6057
vn -0.7992 -0.1310 -0.5866
vn -0.2823 -0.8896 -0.3591
vn -0.9281 -0.2763 -0.2495
vn -0.9125 -0.1527 -0.3795
vn -0.8031 -0.5065 -0.3138
vn -0.7847 -0.4971 -0.3702
vn -0.8021 -0.3213 -0.5034
vn -0.7815 -0.2504 -0.5714
vn -0.5827 -0.1333 -0.8017
vn -0.6927 -0.6579 -0.2955
vn -0.6375 -0.6217 -0.4551
vn -0.6707 -0.5803 -0.4621
vn -0.6896 -0.4518 -0.5659
vn -0.6829 -0.2852 -0.6726
vn -0.6729 -0.2730 -0.6875
vn -0.6758 -0.1714 -0.7169
vn -0.4778 -0.7962 -0.3713
vn -0.5436 -0.6392 -0.5440
vn -0.5482 -0.4763 -0.6874
vn -0.5925 -0.4758 -0.6501
vn -0.5719 -0.2733 -0.7735
vn -0.1536 -0.9210 0.3580
vn -0.3845 -0.7872 -0.4821
vn -0.4371 -0.6235 -0.6482
vn -0.3813 -0.4883 -0.7850
vn -0.5046 -0.3685 -0.7807
vn -0.2614 -0.3599 -0.8956
vn -0.3785 -0.1601 -0.9116
vn -0.3502 -0.1502 -0.9246
vn -0.2719 0.0007 -0.9623
vn -0.2318 -0.7632 -0.6031
vn -0.2407 -0.5861 -0.7737
vn -0.2221 -0.3563 -0.9076
vn -0.0041 -1.0000 0.0002
vn -0.0992 -0.9739 0.2042
vn -0.0333 -0.9176 0.3960
vn 0.1233 -0.9923 -0.0063
vn -0.0836 -0.9796 0.1827
vn 0.1499 -0.9817 0.1175
vn 0.3470 -0.9307 -0.1159
vn 0.1450 -0.9812 -0.1276
vn -0.3791 -0.9211 -0.0886
vn 0.1000 -0.9921 0.0753
vn -0.3294 -0.9442 0.0046
vn -0.2887 -0.9408 -0.1774
vn 0.3413 -0.9395 0.0304
vn 0.1613 -0.9807 -0.1109
vn -0.2154 -0.9510 -0.2220
vn 0.2455 -0.9690 0.0255
vn -0.1669 -0.9819 -0.0900
vn -0.1575 -0.9715 -0.1771
vn -0.1936 -0.9327 -0.3043
vn -0.0977 -0.9928 -0.0695
vn -0.2696 -0.9537 0.1335
vn -0.2563 -0.9188 0.3002
vn -0.3787 -0.8066 0.4538
vn 0.2243 -0.9084 -0.3528
vn -0.4878 -0.8704 0.0662
vn -0.1137 -0.8599 -0.4976
vn 0.0363 -0.9731 -0.2277
vn 0.0184 -0.9936 -0.1117
vn 0.1969 -0.8948 -0.4007
vn 0.0003 -0.9724 -0.2333
vn -0.1357 -0.7851 -0.6043
vn -0.3905 -0.9205 0.0102
vn -0.3833 -0.9234 -0.0212
vn -0.3188 -0.9413 0.1108
vn -0.3644 -0.9074 -0.2095
vn -0.3512 -0.8840 -0.3086
vn -0.1166 -0.1766 -0.9773
vn -0.1177 -0.6452 -0.7549
vn -0.1339 -0.5297 -0.8375
vn -0.1610 -0.3884 -0.9073
vn -0.1666 0.0028 -0.9860
vn -0.0449 -0.3534 -0.9344
vn -0.0089 -0.4998 -0.8661
vn 0.0856 -0.7910 -0.6058
vn -0.3315 -0.1512 -0.9313
vn 0.0640 -0.6277 -0.7758
vn 0.0945 -0.6600 -0.7453
vn -0.4272 -0.6888 -0.5857
vn -0.5277 -0.4174 -0.7398
vn -0.2061 -0.4230 -0.8824
vn -0.3808 -0.1173 -0.9172
vn 0.2504 -0.8218 -0.5117
vn -0.3973 -0.7392 -0.5439
vn 0.0301 -0.9362 -0.3502
vn -0.4913 -0.8104 -0.3192
vn -0.4976 -0.8337 -0.2395
vn -0.4659 -0.7904 -0.3977
vn -0.5315 -0.6834 -0.5005
vn -0.3742 -0.7840 -0.4954
vn -0.6435 -0.2595 -0.7201
vn -0.7098 -0.2880 -0.6428
vn -0.9823 -0.1759 -0.0642
vn -0.5380 -0.4889 -0.6867
vn -0.5128 -0.2388 -0.8246
vn -0.4165 -0.5674 -0.7103
vn -0.4291 -0.5254 -0.7348
vn -0.9225 -0.3825 -0.0525
vn -0.8488 -0.5048 -0.1574
vn -0.9230 -0.3530 -0.1535
vn -0.9400 -0.2893 -0.1807
vn -0.9427 -0.1652 -0.2899
vn -0.9355 -0.0431 -0.3507
vn -0.9723 0.2204 -0.0782
vn -0.9815 0.0370 -0.1878
vn -0.9619 0.0607 -0.2666
vn -0.9321 0.2415 -0.2698
vn -0.8434 -0.5225 -0.1251
vn -0.8592 -0.4600 -0.2240
vn -0.8523 -0.4514 -0.2643
vn -0.8666 -0.3476 -0.3581
vn -0.8888 -0.0087 -0.4581
vn -0.8272 -0.3097 -0.4689
vn -0.8549 -0.1685 -0.4907
vn -0.9928 0.1109 0.0456
vn -0.9832 0.1818 -0.0168
vn -0.9789 0.1512 -0.1376
vn -0.9405 -0.3039 0.1517
vn -0.9669 0.0501 0.2502
vn -0.9268 0.0703 0.3688
vn -0.9807 -0.1913 -0.0415
vn -0.9873 0.1540 0.0391
vn -0.9700 0.1506 0.1910
vn -0.8645 0.4616 -0.1989
vn -0.8967 -0.2427 -0.3702
vn -0.8979 -0.2425 -0.3673
vn -0.7431 -0.1439 -0.6535
vn -0.9300 0.3666 -0.0272
vn -0.8716 0.0238 -0.4896
vn -0.8963 0.4272 -0.1189
vn -0.6280 -0.1370 -0.7661
vn -0.8517 0.2974 -0.4314
vn -0.7497 0.0606 -0.6591
vn -0.7754 0.0108 -0.6314
vn -0.7072 0.0132 -0.7069
vn -0.9044 0.4006 -0.1472
vn -0.8621 0.4718 -0.1851
vn -0.8541 0.3644 -0.3711
vn -0.8559 0.3648 -0.3666
vn -0.8301 0.2367 -0.5048
vn -0.7639 0.4673 -0.4451
vn -0.7339 0.5641 -0.3785
vn -0.7680 0.2759 -0.5779
vn -0.7411 0.3308 -0.5842
vn -0.6723 0.7203 -0.1710
vn -0.6437 0.0436 -0.7641
vn -0.6661 0.6245 -0.4078
vn -0.7385 0.2199 -0.6374
vn -0.5934 0.2572 -0.7627
vn -0.3717 0.6843 -0.6274
vn -0.5630 0.8130 -0.1485
vn -0.5997 0.7243 -0.3403
vn -0.5361 0.6656 -0.5192
vn -0.5008 0.8397 -0.2101
vn -0.5056 0.8191 -0.2709
vn -0.4942 0.7304 -0.4714
vn -0.4878 0.4637 -0.7396
vn -0.5322 0.4855 -0.6936
vn -0.4869 0.4688 -0.7370
vn -0.1947 0.9370 -0.2901
vn -0.1940 0.7483 -0.6343
vn -0.2184 0.6850 -0.6950
vn -0.4839 0.6253 -0.6122
vn -0.3883 0.5410 -0.7460
vn -0.2015 0.8324 -0.5163
vn -0.1881 0.8237 -0.5349
vn -0.1874 0.7436 -0.6418
vn -0.3887 0.9070 -0.1620
vn -0.3371 0.9389 -0.0697
vn -0.7620 0.4813 -0.4332
vn -0.9161 0.3264 -0.2327
vn -0.9139 0.2053 -0.3503
vn -0.8798 0.0963 -0.4654
vn -0.7932 0.5357 -0.2894
vn -0.7995 0.4673 -0.3774
vn -0.7924 0.4867 -0.3678
vn -0.7820 0.3815 -0.4930
vn -0.7711 0.2067 -0.6022
vn -0.9680 -0.0215 -0.2500
vn -0.7930 0.2376 -0.5611
vn -0.6956 0.5762 -0.4292
vn -0.6874 0.4502 -0.5700
vn -0.9110 0.3119 -0.2700
vn -0.9995 -0.0297 0.0132
vn -0.9603 0.1795 -0.2133
vn -0.8106 0.0644 -0.5821
vn -0.6353 0.4039 -0.6582
vn -0.8126 0.2073 -0.5447
vn -0.8130 0.2973 -0.5006
vn -0.9510 -0.2008 -0.2351
vn -0.5819 0.1306 -0.8027
vn -0.5053 0.3444 -0.7913
vn -0.8417 -0.0624 -0.5363
vn -0.5311 0.3363 -0.7777
vn -0.6561 -0.0573 -0.7525
vn -0.7838 -0.0575 -0.6183
vn -0.8471 -0.3343 -0.4131
vn -0.3874 0.2563 -0.8856
vn -0.3969 0.1377 -0.9075
vn -0.3582 0.2101 -0.9097
vn -0.6957 -0.2000 -0.6899
vn -0.6994 -0.0659 -0.7117
vn -0.7098 -0.4236 -0.5628
vn -0.6933 -0.3453 -0.6326
vn -0.3395 0.1213 -0.9328
vn -0.2914 0.2298 -0.9286
vn -0.5578 -0.3735 -0.7412
vn -0.4802 -0.2797 -0.8313
vn -0.5872 -0.5041 -0.6333
vn -0.7453 0.0891 -0.6608
vn -0.5849 -0.2580 -0.7690
vn -0.7978 0.3401 -0.4978
vn -0.7975 0.0878 -0.5969
vn -0.9727 0.2280 0.0431
vn -0.9161 0.3927 -0.0811
vn -0.8478 0.5296 0.0287
vn -0.9538 0.0436 -0.2974
vn -0.6258 0.6075 -0.4892
vn -0.7642 0.5550 -0.3287
vn -0.7994 0.5938 -0.0909
vn -0.8520 0.5146 -0.0959
vn -0.7183 0.6780 -0.1563
vn -0.8479 0.3704 -0.3792
vn -0.8351 0.4038 -0.3736
vn -0.8178 0.1810 -0.5463
vn -0.4620 0.8380 -0.2905
vn -0.6880 0.7140 0.1301
vn -0.7053 0.2018 -0.6796
vn -0.7281 0.6275 -0.2759
vn -0.7021 0.5250 -0.4811
vn -0.6962 0.6067 -0.3836
vn -0.6695 0.0657 -0.7399
vn 0.0273 0.8232 -0.5671
vn -0.4289 0.8368 -0.3402
vn -0.6251 0.7749 -0.0937
vn -0.6986 0.7099 -0.0891
vn -0.6683 0.7157 -0.2027
vn -0.5535 0.7286 -0.4034
vn -0.5849 0.5606 -0.5862
vn -0.5811 0.2504 -0.7744
vn -0.5358 0.4003 -0.7434
vn -0.6141 0.4452 -0.6516
vn -0.5430 0.0197 -0.8395
vn -0.2808 0.7985 -0.5326
vn 0.0208 0.7804 -0.6249
vn -0.0325 0.9905 -0.1339
vn 0.1188 0.8124 -0.5709
vn 0.1062 0.7634 -0.6371
vn 0.0935 0.9926 0.0773
vn 0.1414 0.7865 -0.6012
vn 0.0156 0.9967 -0.0795
vn 0.3098 0.8100 -0.4979
vn 0.4346 0.8358 -0.3355
vn -0.1357 0.9864 -0.0923
vn 0.5340 0.8130 -0.2321
vn -0.2740 0.9493 0.1543
vn 0.5982 0.7919 -0.1224
vn 0.3864 0.9113 -0.1427
vn 0.1566 0.9414 -0.2986
vn 0.0272 0.9560 -0.2920
vn -0.2135 0.9556 0.2033
vn -0.0777 0.9916 -0.1030
vn 0.0172 0.9901 -0.1392
vn 0.0233 0.9168 -0.3986
vn 0.2267 0.9314 -0.2848
vn 0.2251 0.9679 -0.1118
vn 0.3428 0.9353 -0.0879
vn 0.1972 0.8965 -0.3967
vn -0.3791 -0.2990 -0.8757
vn 0.4554 0.8862 -0.0855
vn -0.1421 0.1307 -0.9812
vn -0.4476 -0.4493 -0.7732
vn -0.4182 -0.5291 -0.7383
vn -0.4497 -0.4547 -0.7688
vn -0.4020 0.0379 -0.9149
vn -0.4004 0.9161 -0.0213
vn -0.3929 -0.4901 -0.7781
vn -0.3373 -0.5669 -0.7516
vn -0.4665 -0.4944 -0.7334
vn -0.3656 -0.3654 -0.8561
vn -0.6508 0.0096 -0.7592
vn -0.4566 0.8712 0.1802
vn -0.4838 0.8742 0.0403
vn -0.1837 0.9818 0.0491
vn -0.4756 0.7542 -0.4527
vn -0.4483 0.4541 -0.7699
vn -0.4197 0.5430 -0.7273
vn -0.4496 0.5796 -0.6796
vn -0.2387 0.9476 0.2124
vn -0.1035 0.9847 0.1402
vn -0.1896 0.9395 0.2854
vn -0.1819 0.6459 -0.7415
vn -0.2120 0.9746 -0.0717
vn -0.1841 0.9708 -0.1535
vn -0.0268 0.9976 0.0646
vn -0.0585 0.9580 0.2806
vn -0.0462 0.9773 -0.2067
vn -0.0694 0.9025 -0.4251
vn 0.0912 0.9939 0.0626
vn -0.0279 0.7939 -0.6074
vn 0.0731 0.9730 -0.2188
vn 0.1101 0.9017 -0.4182
vn 0.0801 0.7943 -0.6023
vn 0.0208 0.9394 0.3421
vn -0.5608 0.8279 0.0083
vn -0.1161 0.9892 0.0897
vn -0.2664 0.8843 0.3833
vn -0.4636 0.8708 0.1637
vn -0.2526 0.9032 -0.3470
vn -0.4194 0.9021 -0.1016
vn -0.1404 0.8802 -0.4534
vn -0.1840 0.9198 -0.3466
vn -0.1790 0.7599 -0.6249
vn -0.4379 0.7993 0.4116
vn -0.6708 0.0501 -0.7400
vn -0.4116 0.8057 0.4260
vn -0.4397 0.8262 -0.3522
vn -0.2099 0.7882 -0.5785
vn -0.1275 0.8894 -0.4391
vn 0.0038 0.7602 -0.6496
vn -0.4589 -0.1133 -0.8812
vn -0.2445 -0.5422 -0.8039
vn -0.2802 -0.0982 -0.9549
vn -0.6976 -0.0610 -0.7139
vn -0.6970 -0.0609 -0.7144
vn -0.0506 -0.3340 -0.9412
vn -0.3009 -0.3897 -0.8704
vn -0.2394 -0.2328 -0.9426
vn -0.2858 -0.0478 -0.9571
vn -0.0341 -0.2119 -0.9767
vn 0.0648 -0.1017 -0.9927
vn -0.5458 -0.0680 -0.8352
vn -0.0404 -0.0382 -0.9985
vn -0.5471 0.1161 -0.8290
vn -0.3182 0.1330 -0.9387
vn -0.5010 0.2858 -0.8169
vn -0.0333 -0.1046 -0.9940
vn -0.3931 0.3056 -0.8672
vn -0.1935 -0.2253 -0.9549
vn -0.1347 -0.1058 -0.9852
vn -0.3154 0.3639 -0.8764
vn -0.0998 -0.0330 -0.9945
vn -0.3806 -0.0695 -0.9221
vn -0.1533 0.0493 -0.9869
vn -0.3560 0.0440 -0.9335
vn -0.3256 0.2176 -0.9201
vn -0.4564 0.1102 -0.8829
vn -0.0299 0.3745 -0.9268
vn 0.0516 0.0175 -0.9985
vn 0.0005 0.1741 -0.9847
vn -0.1690 0.5160 -0.8397
vn 0.0327 0.1070 -0.9937
vn -0.2214 0.2910 -0.9307
vn -0.1523 0.1443 -0.9777
vn 0.0036 0.4995 -0.8663
vn 0.3662 -0.4495 0.8147
vn -0.0034 0.0671 -0.9977
vn 0.5555 -0.1247 0.8221
vn 0.4695 -0.5666 0.6771
vn 0.3724 -0.8724 0.3167
vn 0.4137 -0.8834 0.2202
vn 0.8193 -0.1160 0.5616
vn 0.5805 -0.5202 0.6264
vn 0.6749 -0.5203 0.5233
vn 0.7903 -0.2443 0.5620
vn 0.8204 -0.4362 0.3697
vn 0.6707 -0.6898 0.2726
vn 0.9719 -0.1062 0.2099
vn 0.7953 -0.5517 0.2511
vn 0.3723 -0.8904 -0.2618
vn 0.6078 -0.6943 -0.3853
vn 0.5570 -0.7392 -0.3785
vn 0.4316 -0.8559 0.2851
vn 0.7366 -0.6438 0.2072
vn 0.6909 -0.5780 -0.4342
vn 0.8508 -0.5117 -0.1196
vn 0.6174 -0.7793 -0.1069
vn 0.8221 -0.5372 0.1884
vn 0.6520 -0.7100 0.2660
vn 0.6953 -0.7171 0.0475
vn 0.3990 -0.7155 0.5735
vn 0.6844 -0.7129 -0.1530
vn 0.8235 -0.5631 0.0690
vn 0.8508 -0.2696 -0.4511
vn 0.8022 -0.5764 -0.1558
vn 0.8305 -0.4588 -0.3159
vn 0.8272 -0.3581 -0.4331
vn 0.9322 -0.3551 -0.0704
vn 0.9011 -0.3572 0.2457
vn 0.9834 -0.1215 -0.1346
vn 0.2682 -0.6059 0.7490
vn 0.5524 -0.5609 0.6167
vn 0.8537 -0.5206 0.0152
vn 0.9556 -0.2529 -0.1514
vn 0.6469 -0.2954 0.7030
vn 0.9396 -0.0869 -0.3310
vn 0.9411 -0.0558 -0.3336
vn 0.6044 -0.4544 0.6544
vn 0.4273 -0.3306 0.8415
vn 0.7399 -0.3419 0.5794
vn 0.3969 -0.4214 0.8154
vn 0.3614 -0.4314 0.8266
vn 0.0024 -0.8656 0.5007
vn 0.5060 -0.1754 0.8445
vn 0.2042 -0.7640 0.6120
vn 0.0235 -0.9516 0.3066
vn 0.0066 -0.9906 0.1369
vn 0.2316 -0.8805 0.4137
vn 0.2228 -0.9549 0.1963
vn 0.3178 -0.9314 0.1773
vn 0.4082 -0.8827 0.2328
vn 0.3980 -0.8575 0.3260
vn 0.5212 -0.8505 0.0706
vn 0.2743 -0.7544 0.5964
vn 0.0086 -0.7811 0.6244
vn 0.1774 -0.6326 0.7539
vn 0.1896 -0.6337 0.7499
vn 0.2629 -0.5829 0.7688
vn 0.6035 -0.4406 0.6646
vn 0.2854 -0.7515 0.5948
vn 0.3470 -0.6586 0.6677
vn 0.3688 -0.7767 0.5106
vn 0.5273 -0.3559 0.7716
vn 0.4643 -0.5670 0.6804
vn 0.4860 -0.6395 0.5956
vn 0.5935 -0.2923 0.7499
vn 0.5847 -0.1992 0.7864
vn 0.5263 -0.5426 0.6547
vn 0.6118 -0.7647 0.2020
vn 0.6631 -0.3332 0.6703
vn 0.5988 -0.6008 0.5296
vn 0.6377 -0.5789 0.5080
vn 0.6792 -0.4757 0.5589
vn 0.5920 -0.7435 0.3109
vn 0.6856 -0.5802 0.4397
vn 0.7600 -0.6134 0.2149
vn 0.6470 -0.1083 0.7548
vn 0.6979 -0.3148 0.6434
vn 0.7538 -0.1172 0.6466
vn 0.7502 -0.3160 0.5808
vn 0.7592 -0.5135 0.3999
vn 0.7483 -0.6296 0.2091
vn 0.8611 -0.0931 0.4999
vn 0.7710 -0.4108 0.4866
vn 0.8431 -0.2010 0.4987
vn 0.9624 -0.2143 0.1671
vn 0.7743 -0.5111 0.3732
vn 0.8595 -0.3262 0.3936
vn 0.8635 -0.3147 0.3941
vn 0.8495 -0.4959 0.1801
vn 0.8771 -0.4102 0.2498
vn 0.8536 -0.5093 0.1093
vn 0.9210 -0.2544 0.2949
vn 0.9425 -0.3040 0.1388
vn 0.4099 0.8795 0.2417
vn 0.3682 0.8502 0.3762
vn 0.5610 0.0935 0.8225
vn 0.8225 0.0822 0.5628
vn 0.3894 0.4131 0.8232
vn 0.6665 0.2867 0.6882
vn 0.6293 0.4612 0.6255
vn 0.4604 0.6392 0.6160
vn 0.9946 -0.0887 -0.0537
vn 0.8077 0.4131 0.4206
vn 0.6025 0.6461 0.4685
vn 0.7873 0.5839 0.1981
vn 0.9520 0.1034 0.2881
vn 0.9406 0.2424 0.2376
vn 0.5777 0.7536 0.3135
vn 0.5893 0.5995 0.5415
vn 0.6618 0.5635 0.4945
vn 0.5514 0.6793 0.4842
vn 0.6678 0.6684 0.3276
vn 0.6075 0.7089 0.3584
vn 0.6397 0.7651 0.0736
vn 0.7157 0.6058 0.3476
vn 0.7067 0.5040 0.4966
vn 0.7798 0.5436 0.3105
vn 0.7033 0.6195 0.3486
vn 0.6883 0.7015 0.1845
vn 0.7870 0.6089 0.0990
vn 0.7979 0.5993 -0.0642
vn 0.8381 0.5206 0.1630
vn 0.9865 0.1119 -0.1191
vn 0.9389 0.3400 0.0536
vn 0.8308 0.3646 0.4206
vn 0.9082 0.2805 0.3106
vn 0.9648 0.0505 0.2581
vn 0.8922 0.4276 0.1457
vn 0.8805 0.4307 0.1980
vn 0.9907 0.0595 -0.1227
vn 0.8478 0.5252 0.0727
vn 0.7740 0.6269 0.0889
vn 0.9924 0.1141 0.0467
vn 0.9591 0.2676 0.0926
vn 0.9391 0.3428 0.0256
vn 0.9808 0.0474 0.1893
vn 0.9515 0.2513 -0.1773
vn 0.9383 0.3374 -0.0757
vn 0.8553 0.4955 -0.1513
vn 0.9352 0.2537 -0.2471
vn 0.9359 0.2173 -0.2773
vn 0.9606 0.0673 -0.2697
vn 0.9461 -0.1601 0.2814
vn 0.9740 -0.0824 0.2109
vn 0.9120 -0.1106 0.3950
vn 0.9312 0.0941 0.3523
vn 0.7211 0.4901 0.4897
vn 0.8389 0.2976 0.4558
vn 0.5943 0.7960 0.1150
vn 0.6430 -0.0700 0.7627
vn 0.7420 0.0856 0.6650
vn 0.5323 0.0063 0.8465
vn 0.6188 0.2925 0.7290
vn 0.4805 0.3371 0.8096
vn 0.5983 0.7849 0.1610
vn 0.6645 0.7047 0.2487
vn 0.8120 0.4313 0.3932
vn 0.6675 0.6827 0.2973
vn 0.5141 0.4720 0.7162
vn 0.4480 0.1926 0.8730
vn 0.6529 0.6104 0.4484
vn 0.3072 0.2416 0.9205
vn 0.4680 0.4638 0.7522
vn 0.4495 0.5754 0.6832
vn 0.9291 0.2401 0.2813
vn 0.5098 0.5633 0.6502
vn 0.5282 0.5969 0.6039
vn 0.6638 0.0554 0.7459
vn 0.5874 0.1997 0.7842
vn 0.5997 0.3232 0.7321
vn 0.5804 0.4523 0.6772
vn 0.6753 0.4690 0.5692
vn 0.6516 0.5608 0.5108
vn 0.5838 0.6045 0.5420
vn 0.7592 0.0663 0.6474
vn 0.9036 0.4277 -0.0225
vn 0.7754 0.1204 0.6199
vn 0.6512 0.1186 0.7496
vn 0.7598 0.1017 0.6422
vn 0.7744 0.2251 0.5912
vn 0.7469 0.2991 0.5939
vn 0.7625 0.5602 0.3237
vn 0.7928 0.6059 0.0652
vn 0.3825 0.3680 0.8475
vn 0.7931 0.5434 0.2752
vn 0.6157 0.7182 0.3241
vn 0.4477 0.3163 0.8364
vn 0.0746 0.4752 0.8767
vn 0.0265 0.6053 0.7956
vn 0.0081 0.8340 0.5516
vn -0.0006 0.9681 0.2507
vn -0.3497 0.7132 0.6074
vn 0.1695 0.9813 -0.0912
vn 0.0641 0.9975 -0.0297
vn 0.5309 0.3598 0.7673
vn -0.1780 0.4036 0.8975
vn -0.1867 0.9099 0.3705
vn -0.2515 0.6811 0.6876
vn -0.2471 0.9476 0.2024
vn -0.0108 0.0290 0.9995
vn -0.2640 0.9553 -0.1330
vn -0.0006 1.0000 0.0012
vn -0.0247 -0.0819 0.9963
vn -0.1100 0.3994 0.9101
vn -0.0539 0.7114 0.7007
vn -0.0668 0.9085 0.4125
vn 0.1410 0.9181 0.3703
vn 0.2962 0.1453 0.9440
vn 0.1057 -0.2160 0.9707
vn 0.2828 0.0329 0.9586
vn 0.0431 0.3435 0.9382
vn 0.2613 0.6537 0.7102
vn 0.3599 -0.1874 0.9140
vn 0.1635 0.9551 -0.2471
vn 0.3048 0.8891 0.3414
vn 0.3625 -0.1017 0.9264
vn 0.3657 0.6571 0.6592
vn 0.3773 0.9260 -0.0149
vn 0.3645 0.9081 -0.2061
vn 0.6248 -0.3825 0.6807
vn 0.4713 0.0263 0.8816
vn 0.4298 0.1995 0.8806
vn 0.6577 0.4661 0.5918
vn 0.4880 0.4936 0.7199
vn 0.7012 -0.0136 0.7129
vn 0.6171 0.6697 0.4130
vn 0.5374 0.7164 0.4450
vn 0.6041 0.7243 -0.3324
vn 0.6675 -0.2246 0.7100
vn 0.9010 0.4336 -0.0156
vn 0.6656 0.2395 0.7068
vn 0.6764 -0.4353 0.5942
vn 0.8582 0.0082 0.5132
vn 0.8620 0.1965 0.4672
vn 0.6785 0.2821 0.6782
vn 0.8786 -0.2281 0.4196
vn 0.8793 -0.2061 0.4294
vn 0.8890 0.2593 0.3775
vn 0.6788 0.6879 0.2569
vn 0.9197 -0.3295 0.2135
vn 0.8701 0.4510 0.1990
vn 0.6601 0.7278 0.1861
vn 0.9993 0.0355 -0.0154
vn 0.9625 -0.2670 -0.0476
vn 0.6891 0.7246 -0.0103
vn 0.8638 0.4393 -0.2467
vn 0.9551 0.0030 0.2964
vn 0.9523 -0.2703 0.1413
vn 0.9996 -0.0249 -0.0106
vn 0.9859 0.1671 -0.0048
vn 0.8600 0.0879 0.5027
vn 0.9845 -0.0202 -0.1743
vn 0.9522 0.2122 0.2195
vn 0.7566 0.3746 0.5360
vn 0.8684 0.2933 0.3997
vn 0.7683 0.4949 0.4060
vn 0.8752 0.3595 0.3238
vn 0.8519 0.4862 0.1947
vn 0.9370 0.0915 0.3372
vn 0.9784 0.0041 0.2066
vn 0.4832 -0.8572 -0.1779
vn 0.9007 0.1151 0.4189
vn 0.9032 0.2561 0.3446
vn 0.0206 -0.9553 -0.2948
vn 0.2413 -0.9704 -0.0050
vn 0.2165 -0.9551 -0.2021
vn 0.1049 -0.9688 0.2244
vn 0.3112 -0.9337 -0.1770
vn 0.3652 -0.9059 -0.2145
vn 0.3336 -0.8964 -0.2918
vn 0.0501 -0.9367 0.3466
vn 0.0418 -0.9800 0.1945
vn 0.1467 -0.9313 0.3334
vn 0.1500 -0.9660 0.2108
vn 0.5146 -0.8541 -0.0752
vn 0.7880 -0.6091 -0.0897
vn 0.3330 -0.9422 0.0368
vn 0.1969 -0.9091 0.3670
vn 0.2137 -0.9609 0.1759
vn 0.3077 -0.8884 0.3407
vn 0.3316 -0.8970 0.2924
vn 0.3987 -0.8791 0.2612
vn 0.5428 -0.8355 0.0849
vn 0.6149 -0.7822 -0.1007
vn 0.6418 -0.7327 -0.2266
vn 0.5768 -0.8120 -0.0898
vn 0.5596 -0.8120 0.1660
vn 0.4013 -0.8016 0.4432
vn 0.7658 -0.6431 0.0022
vn -0.1546 -0.9830 0.0994
vn 0.7859 -0.6166 0.0462
vn 0.4826 -0.8294 0.2813
vn 0.4468 -0.7781 0.4416
vn 0.4442 -0.7814 0.4383
vn 0.4981 -0.7997 0.3352
vn -0.2647 -0.8791 -0.3964
vn -0.1521 -0.9685 -0.1970
vn -0.1216 -0.9925 -0.0128
vn 0.1424 -0.9040 -0.4032
vn -0.1388 -0.8712 -0.4709
vn -0.0403 -0.9854 -0.1652
vn 0.0360 -0.9679 -0.2487
vn 0.0290 -0.9094 -0.4149
vn 0.1103 -0.9936 -0.0236
vn 0.1704 -0.9687 -0.1807
vn 0.4284 -0.8987 -0.0939
vn 0.2462 -0.9668 0.0679
vn 0.2180 -0.9598 -0.1769
vn 0.2317 -0.8886 -0.3958
vn 0.2904 -0.9535 -0.0807
vn 0.3281 -0.8988 -0.2909
vn 0.3166 -0.8909 -0.3257
vn 0.4351 -0.8974 0.0734
vn 0.1151 -0.8008 -0.5877
vn 0.4051 -0.8832 -0.2363
vn -0.2400 -0.7611 -0.6027
vn -0.1569 -0.7994 -0.5800
vn -0.0725 -0.7763 -0.6262
vn 0.0273 -0.8127 -0.5820
vn -0.2509 -0.6469 -0.7201
vn 0.2815 -0.8193 -0.4996
vn 0.2524 -0.7148 -0.6522
vn 0.4055 -0.7898 -0.4602
vn 0.4588 -0.7166 -0.5253
vn 0.4464 -0.6197 -0.6455
vn -0.1557 -0.3555 -0.9216
vn -0.2311 -0.5499 -0.8027
vn -0.2324 -0.3445 -0.9096
vn -0.1445 -0.1687 -0.9750
vn -0.0711 -0.7023 -0.7083
vn -0.0608 -0.5598 -0.8264
vn 0.1232 -0.6986 -0.7048
vn 0.0234 -0.5481 -0.8361
vn 0.0434 -0.3622 -0.9311
vn 0.0297 -0.3550 -0.9344
vn 0.1298 -0.5571 -0.8203
vn 0.2260 -0.3207 -0.9198
vn 0.1434 -0.3713 -0.9174
vn 0.2175 -0.1879 -0.9578
vn 0.2617 -0.6275 -0.7333
vn 0.2130 -0.5568 -0.8029
vn 0.2780 -0.4091 -0.8691
vn 0.3269 -0.4828 -0.8125
vn 0.3345 -0.4524 -0.8267
vn 0.3299 -0.2641 -0.9063
vn 0.6849 -0.4366 0.5833
vn 0.7297 -0.6708 0.1325
vn 0.8097 -0.5503 0.2039
vn 0.5837 -0.6427 0.4963
vn 0.9084 -0.4175 0.0211
vn 0.7817 -0.6006 0.1680
vn 0.8800 -0.3846 0.2786
vn 0.6278 -0.6715 0.3937
vn 0.7311 -0.5465 0.4085
vn 0.5271 -0.6880 0.4988
vn 0.5579 -0.6385 0.5302
vn 0.5768 -0.7180 0.3897
vn 0.5773 -0.7810 0.2383
vn 0.5734 -0.6224 0.5328
vn 0.4443 -0.6331 0.6339
vn 0.6984 -0.2415 0.6737
vn 0.2967 -0.5853 0.7546
vn 0.1575 -0.7487 0.6440
vn 0.3846 -0.8020 0.4571
vn 0.3654 -0.8156 0.4486
vn 0.3465 -0.4166 0.8404
vn 0.1964 -0.6204 0.7593
vn 0.2548 -0.4623 0.8493
vn 0.3249 -0.7516 0.5740
vn 0.3436 -0.6509 0.6770
vn 0.5442 -0.8318 0.1094
vn 0.2649 -0.8643 0.4276
vn 0.2946 -0.8826 0.3664
vn 0.3527 -0.3374 0.8728
vn 0.4388 -0.6375 0.6333
vn 0.4325 -0.7291 0.5304
vn 0.4646 -0.6692 0.5799
vn 0.4131 -0.8563 0.3098
vn 0.4710 -0.4667 0.7485
vn 0.5394 -0.3244 0.7771
vn 0.5426 -0.6288 0.5570
vn 0.5711 -0.5475 0.6117
vn 0.5273 -0.7539 0.3919
vn 0.5970 -0.6640 0.4503
vn 0.6491 -0.7297 0.2150
vn 0.4612 -0.8807 0.1079
vn 0.5390 -0.8375 -0.0902
vn 0.5141 -0.7904 -0.3330
vn 0.2627 -0.8791 -0.3976
vn 0.5584 -0.7971 -0.2299
vn 0.5126 -0.6278 -0.5857
vn 0.2696 -0.6451 -0.7149
vn 0.2818 -0.9554 -0.0884
vn 0.2921 -0.8251 -0.4836
vn 0.2868 -0.9496 0.1265
vn 0.2131 -0.9402 -0.2659
vn 0.2033 -0.6381 -0.7427
vn 0.1921 -0.7547 -0.6273
vn 0.3366 -0.7595 -0.5567
vn 0.2805 -0.9502 0.1358
vn 0.3045 -0.9524 0.0125
vn 0.2632 -0.9605 -0.0903
vn 0.3732 -0.8696 -0.3232
vn 0.5066 -0.8622 0.0061
vn 0.3280 -0.6153 -0.7168
vn 0.3687 -0.5585 -0.7431
vn 0.3963 -0.8629 -0.3136
vn 0.5058 -0.7492 -0.4276
vn 0.4633 -0.6196 -0.6336
vn 0.4310 -0.5402 -0.7228
vn 0.5197 -0.8437 0.1345
vn 0.6414 -0.7363 -0.2158
vn 0.5071 -0.8442 -0.1736
vn 0.5622 -0.6753 -0.4775
vn 0.5770 -0.5433 -0.6099
vn 0.5131 -0.4334 -0.7409
vn 0.6766 -0.7363 -0.0052
vn 0.1614 -0.7496 -0.6420
vn 0.6975 -0.6761 -0.2375
vn 0.6829 -0.5985 -0.4190
vn 0.6922 -0.4737 -0.5444
vn 0.6828 -0.3602 -0.6356
vn 0.4784 -0.4892 -0.7293
vn 0.4837 -0.3949 -0.7811
vn 0.1606 -0.5583 -0.8140
vn 0.1876 -0.4920 -0.8501
vn 0.0693 -0.5047 -0.8605
vn 0.8107 -0.3394 0.4770
vn 0.3260 -0.4148 -0.8495
vn 0.6621 -0.4598 0.5918
vn 0.8114 -0.4593 0.3614
vn 0.7140 -0.6544 0.2491
vn 0.9321 -0.3407 0.1226
vn 0.8323 -0.5395 0.1273
vn 0.8261 -0.5542 -0.1020
vn 0.8279 -0.4582 -0.3234
vn 0.8195 -0.3693 -0.4382
vn 0.8985 -0.4265 0.1036
vn 0.9308 -0.3508 -0.1026
vn 0.5202 0.7031 0.4849
vn 0.9139 -0.2615 -0.3104
vn 0.8722 0.4885 -0.0257
vn 0.8011 0.5912 -0.0931
vn 0.2504 0.9417 -0.2249
vn 0.4886 0.7679 0.4143
vn 0.0591 0.9945 0.0868
vn 0.1529 0.9875 -0.0374
vn 0.3899 0.9208 0.0059
vn -0.2168 0.8039 0.5538
vn -0.0077 0.9256 -0.3783
vn 0.2749 0.9377 -0.2126
vn 0.4109 0.9111 0.0334
vn 0.1290 0.9086 0.3972
vn 0.1547 0.9113 -0.3817
vn -0.0691 0.8280 0.5564
vn -0.0089 0.8986 -0.4386
vn 0.0610 0.7941 -0.6047
vn 0.3701 0.7961 0.4787
vn 0.6414 0.7637 -0.0731
vn 0.1068 0.9052 -0.4114
vn 0.1735 0.7561 -0.6311
vn 0.5909 0.7389 -0.3238
vn 0.4918 0.6188 -0.6126
vn 0.3584 0.8184 -0.4492
vn 0.7982 0.4726 -0.3736
vn 0.7698 0.6350 -0.0653
vn 0.3725 0.6989 -0.6105
vn 0.8162 0.5452 0.1911
vn 0.6542 0.5515 0.5176
vn 0.6070 0.5541 0.5697
vn 0.3158 0.6529 0.6885
vn 0.2564 0.7509 0.6086
vn 0.2856 0.8649 -0.4128
vn 0.7732 0.6327 0.0429
vn 0.6976 0.3515 -0.6243
vn 0.5603 0.4144 -0.7172
vn 0.4840 0.4823 -0.7301
vn 0.8863 0.3363 -0.3183
vn 0.5417 0.4887 0.6839
vn 0.6987 0.7105 0.0840
vn 0.6433 0.5859 0.4928
vn 0.6900 0.3816 -0.6150
vn 0.7065 0.4275 0.5640
vn 0.5976 0.2104 -0.7737
vn 0.8592 0.3971 -0.3226
vn 0.7448 0.3905 -0.5410
vn 0.5620 0.7830 0.2668
vn 0.7078 0.1742 -0.6846
vn 0.5937 0.6306 0.4999
vn 0.4957 0.7916 0.3573
vn 0.9114 -0.1151 -0.3951
vn 0.9246 0.1881 -0.3312
vn 0.8822 0.2150 -0.4188
vn 0.8676 0.0153 -0.4971
vn 0.8894 0.4386 -0.1287
vn 0.8537 0.3956 -0.3386
vn 0.7132 0.4979 -0.4934
vn 0.3270 0.8462 0.4206
vn 0.7446 -0.0200 -0.6672
vn 0.5590 0.8285 -0.0330
vn 0.5388 0.7823 0.3126
vn 0.6271 0.6812 0.3777
vn -0.2886 0.9575 0.0005
vn 0.0148 0.9658 0.2590
vn -0.1584 0.8949 0.4172
vn 0.1625 0.9156 0.3679
vn 0.0889 0.7818 -0.6171
vn -0.2653 0.9390 -0.2188
vn -0.0135 0.9999 -0.0059
vn 0.0279 0.8210 -0.5703
vn -0.1116 0.9599 0.2573
vn -0.0522 0.7814 -0.6219
vn -0.0680 0.9486 -0.3092
vn 0.0365 0.6955 -0.7176
vn 0.2228 0.6140 -0.7572
vn 0.3560 0.6338 -0.6867
vn 0.3239 0.6717 -0.6663
vn 0.0931 0.9386 0.3322
vn 0.2077 0.9757 0.0693
vn 0.1978 0.7670 -0.6105
vn 0.4259 0.6199 -0.6591
vn 0.2742 0.9416 -0.1954
vn 0.2645 0.9328 0.2448
vn 0.3081 0.9492 -0.0635
vn 0.3251 0.5299 -0.7832
vn 0.4225 0.6046 -0.6753
vn 0.4246 0.4856 -0.7641
vn 0.7277 0.6503 0.2180
vn 0.3624 0.4688 -0.8055
vn -0.0927 0.8936 -0.4391
vn 0.4432 0.7651 0.4671
vn 0.6056 0.7699 0.2013
vn 0.6094 0.7639 -0.2122
vn 0.5574 0.8303 0.0015
vn 0.6902 0.6972 -0.1940
vn 0.5860 0.5771 -0.5688
vn -0.2085 0.8411 -0.4991
vn 0.4443 0.7656 -0.4652
vn 0.7852 0.4021 0.4709
vn 0.8789 0.4393 0.1861
vn 0.7306 0.6030 -0.3203
vn 0.8802 0.4644 0.0984
vn 0.4579 0.8847 -0.0874
vn 0.6755 0.7055 -0.2143
vn 0.4161 0.8437 -0.3392
vn 0.6811 0.6977 0.2221
vn 0.0299 0.9035 -0.4275
vn -0.3885 0.9153 -0.1061
vn 0.1942 0.9205 0.3391
vn 0.6768 0.6759 0.2916
vn 0.6101 0.7922 -0.0165
vn 0.0347 0.9921 0.1204
vn 0.2079 0.9681 0.1401
vn 0.1858 0.6004 0.7778
vn -0.2451 0.9629 0.1129
vn -0.1032 0.9849 0.1389
vn -0.2684 0.9630 -0.0238
vn -0.2730 0.3172 -0.9082
vn -0.3148 0.2558 -0.9140
vn -0.2725 0.3217 -0.9068
vn -0.1538 -0.0717 -0.9855
vn -0.3076 0.2057 -0.9290
vn -0.4597 0.1223 -0.8796
vn -0.1817 0.2383 -0.9540
vn 0.0457 -0.0837 -0.9954
vn -0.4604 0.3498 -0.8159
vn -0.4291 0.3336 -0.8394
vn -0.2165 0.0978 -0.9714
vn -0.5494 0.2708 -0.7904
vn -0.5235 0.2281 -0.8209
vn 0.0072 0.0279 -0.9996
vn -0.5689 -0.1394 -0.8105
vn -0.3259 -0.2905 -0.8997
vn -0.5862 -0.1312 -0.7995
vn -0.5800 -0.1042 -0.8079
vn -0.2157 -0.4247 -0.8793
vn -0.4195 -0.3948 -0.8174
vn -0.5199 -0.2620 -0.8130
vn -0.3564 0.0554 -0.9327
vn -0.4619 -0.1275 -0.8777
vn 0.0051 -0.4138 -0.9104
vn -0.0434 -0.5892 -0.8068
vn -0.2983 -0.5305 -0.7935
vn -0.2465 -0.5400 -0.8048
vn 0.1273 -0.6331 -0.7635
vn -0.1879 -0.6863 -0.7026
vn 0.1971 0.5339 -0.8222
vn -0.1470 -0.3614 -0.9207
vn 0.1514 0.1810 -0.9718
vn 0.3318 0.3891 -0.8594
vn 0.3299 0.3947 -0.8575
vn -0.6177 0.6114 -0.4947
vn -0.2936 0.4544 -0.8410
vn -0.5257 0.5529 -0.6465
vn -0.6539 0.3457 -0.6730
vn -0.4670 0.7735 -0.4285
vn -0.6120 0.6679 -0.4235
vn -0.6540 0.6577 -0.3738
vn -0.5342 0.8221 -0.1968
vn -0.4097 0.6992 -0.5859
vn -0.5032 0.3499 -0.7902
vn -0.5899 0.3968 -0.7032
vn -0.1974 0.9442 -0.2636
vn -0.3477 0.4794 -0.8058
vn 0.5703 0.7606 0.3103
vn -0.2665 0.8489 -0.4564
vn -0.2101 0.3264 -0.9216
vn 0.2241 0.7022 0.6758
vn 0.7893 -0.0545 0.6116
vn 0.4207 0.6942 0.5840
vn 0.6704 0.2273 0.7063
vn 0.0701 0.4820 0.8734
vn 0.3014 0.4970 0.8137
vn 0.2884 0.2900 0.9126
vn -0.1405 0.6017 0.7862
vn 0.3720 -0.0728 0.9254
vn 0.3433 0.1350 0.9295
vn 0.2863 0.0436 0.9571
vn 0.2053 0.3123 0.9275
vn -0.2164 0.3575 0.9085
vn 0.2339 -0.2191 0.9473
vn -0.0175 0.1095 0.9938
vn -0.2949 0.0335 0.9549
vn -0.4613 0.1413 0.8759
vn 0.0299 -0.1119 0.9933
vn -0.2919 -0.1009 0.9511
vn 0.4394 -0.1397 0.8874
vn 0.2197 -0.0676 0.9732
vn 0.2910 0.0061 0.9567
vn -0.1583 -0.1452 0.9766
vn -0.1825 -0.1893 0.9648
vn 0.1933 -0.2396 0.9514
vn -0.1187 0.8769 0.4658
vn -0.1387 -0.2853 0.9484
vn 0.0098 -0.1906 0.9816
vn 0.0135 -0.4251 0.9050
vn -0.0818 0.7708 0.6318
vn -0.1890 0.7255 0.6618
vn -0.1208 0.9541 0.2742
vn -0.1574 0.9606 0.2292
vn -0.6098 0.7712 0.1828
vn -0.2939 0.8417 0.4529
vn -0.3719 0.8907 0.2614
vn -0.6080 0.7727 0.1826
vn -0.4016 0.6466 0.6485
vn -0.6179 0.4419 0.6503
vn -0.5625 0.6186 0.5485
vn -0.6261 0.6076 0.4887
vn -0.6553 0.5642 0.5022
vn -0.6866 0.6325 0.3584
vn -0.5995 0.2749 0.7517
vn -0.5785 0.4298 0.6933
vn -0.6212 0.7315 0.2811
vn -0.5818 0.8126 -0.0345
vn -0.4484 0.2913 0.8450
vn -0.2910 0.9195 0.2642
vn -0.5174 0.5572 0.6495
vn -0.4256 0.7732 0.4702
vn -0.4846 0.8639 0.1371
vn -0.4570 0.8891 0.0275
vn -0.2838 0.4552 0.8439
vn -0.3735 0.6028 0.7051
vn -0.2996 0.8936 0.3341
vn -0.1829 0.7356 0.6523
vn -0.3977 0.9175 -0.0069
vn -0.1792 0.2019 0.9629
vn -0.1496 0.5130 0.8453
vn 0.0085 0.9022 0.4312
vn -0.1340 0.9903 0.0377
vn -0.0413 0.2052 0.9779
vn 0.1169 0.7209 0.6831
vn 0.0114 0.7559 0.6546
vn -0.0882 0.9786 0.1860
vn -0.0522 0.9573 0.2843
vn -0.1076 0.8619 0.4956
vn -0.0992 0.8599 0.5008
vn 0.0363 0.9612 0.2736
vn -0.1316 0.9462 0.2956
vn -0.1044 0.9921 -0.0695
vn -0.2320 0.9616 0.1468
vn 0.0503 0.8770 0.4778
vn 0.0444 0.9986 -0.0284
vn -0.0035 0.9941 0.1087
vn -0.1174 0.9920 0.0467
vn 0.1408 0.9318 0.3346
vn -0.3157 0.9488 -0.0118
vn 0.0464 0.8781 0.4763
vn 0.0964 0.9947 -0.0357
vn -0.5215 0.8337 -0.1817
vn -0.1004 0.9949 -0.0043
vn 0.3155 0.9435 0.1011
vn 0.2095 0.9400 0.2692
vn -0.3316 0.8993 -0.2851
vn -0.0146 0.9942 -0.1070
vn 0.3355 0.9134 0.2306
vn 0.5706 0.8201 0.0430
vn 0.4698 0.8677 0.1623
vn -0.3334 0.9226 -0.1940
vn 0.0530 0.8769 -0.4778
vn -0.1791 0.8464 -0.5016
vn 0.3374 0.9267 0.1652
vn -0.0306 0.9499 -0.3112
vn 0.0062 0.9327 -0.3605
vn -0.1240 0.9890 -0.0808
vn -0.1811 0.9048 -0.3853
vn -0.0015 0.9877 -0.1564
vn 0.0703 0.9959 0.0563
vn 0.0036 0.8092 -0.5875
vn 0.0449 0.9562 -0.2893
vn 0.0748 0.9955 0.0582
vn 0.0621 0.9692 0.2384
vn -0.0169 -0.7192 -0.6946
vn -0.1042 -0.0875 -0.9907
vn -0.0734 -0.7447 -0.6633
vn -0.0627 -0.6044 -0.7942
vn 0.1354 -0.6310 -0.7638
vn -0.1153 0.1184 -0.9862
vn 0.0911 -0.7415 -0.6648
vn 0.0417 -0.0962 -0.9945
vn 0.0455 -0.5670 -0.8224
vn 0.0976 -0.2823 -0.9543
vn 0.0212 0.1621 -0.9866
vn 0.2059 0.1838 -0.9612
vn 0.2621 -0.5025 -0.8239
vn 0.1837 -0.2956 -0.9375
vn 0.3356 -0.6619 -0.6703
vn 0.3202 -0.7317 -0.6017
vn 0.3218 -0.0832 -0.9431
vn 0.3171 -0.5046 -0.8030
vn 0.3180 -0.2039 -0.9259
vn 0.3898 -0.6187 -0.6821
vn 0.3683 0.0731 -0.9268
vn 0.4159 0.2533 -0.8734
vn 0.3263 0.1710 -0.9297
vn 0.5488 -0.6320 -0.5472
vn 0.4321 -0.7455 -0.5075
vn 0.5519 -0.4533 -0.6999
vn 0.5045 -0.5801 -0.6395
vn 0.4999 -0.5366 -0.6799
vn 0.5588 -0.4647 -0.6869
vn 0.4712 -0.1165 -0.8743
vn 0.4815 -0.2733 -0.8328
vn 0.4452 0.0300 -0.8949
vn 0.3882 0.1770 -0.9044
vn 0.3708 -0.6542 -0.6592
vn 0.6124 -0.4471 -0.6520
vn 0.4763 -0.3424 -0.8099
vn 0.5064 -0.5434 -0.6695
vn 0.5277 -0.6358 -0.5632
vn 0.0670 -0.4105 -0.9094
vn 0.0622 -0.2829 -0.9571
vn 0.1040 -0.1250 -0.9867
vn 0.1035 0.1621 -0.9813
vn 0.1265 -0.6119 -0.7807
vn 0.3746 -0.6596 -0.6517
vn 0.2799 -0.7962 -0.5364
vn -0.0774 0.5988 -0.7971
vn 0.0743 0.2909 -0.9539
vn -0.1178 0.9556 -0.2700
vn 0.0134 0.9556 -0.2945
vn 0.0065 0.8175 -0.5759
vn 0.0321 0.5967 -0.8018
vn 0.0341 0.3367 -0.9410
vn 0.4483 0.8734 -0.1901
vn 0.1374 0.9446 -0.2982
vn 0.1645 0.8162 -0.5538
vn 0.2503 0.6623 -0.7061
vn 0.2333 0.5722 -0.7862
vn 0.3316 0.8251 -0.4574
vn 0.3265 0.4562 -0.8278
vn 0.2748 0.9396 -0.2041
vn 0.5394 0.7330 -0.4144
vn 0.4482 0.6841 -0.5755
vn 0.5262 0.6394 -0.5607
vn 0.4512 0.5778 -0.6801
vn 0.4609 0.5137 -0.7237
vn 0.3861 0.4364 -0.8127
vn 0.2459 0.5271 -0.8134
vn 0.2908 0.3962 -0.8709
vn -0.0415 0.8711 -0.4894
vn -0.0413 0.7260 -0.6865
vn 0.0083 0.5035 -0.8640
vn 0.0397 0.9844 -0.1716
vn -0.0747 0.7007 -0.7095
vn 0.1683 -0.1369 0.9762
vn 0.0941 0.5286 -0.8436
vn 0.1818 0.0523 0.9819
vn 0.2019 -0.4618 0.8637
vn 0.7321 -0.5291 0.4290
vn 0.7054 -0.2515 0.6627
vn 0.5378 -0.5513 0.6379
vn 0.8067 -0.3182 0.4980
vn 0.3182 -0.4400 0.8397
vn 0.4177 -0.1215 0.9004
vn 0.3524 0.0481 0.9346
vn 0.3905 -0.6295 0.6718
vn 0.6049 -0.7179 0.3446
vn 0.8952 -0.4351 0.0966
vn 0.4702 -0.1506 0.8696
vn 0.4727 -0.6138 0.6323
vn 0.5549 -0.6886 0.4668
vn 0.6558 -0.3082 0.6892
vn 0.8536 -0.5046 0.1292
vn 0.7449 -0.5959 0.2999
vn 0.6192 -0.5829 0.5262
vn 0.6900 -0.5277 0.4954
vn 0.6889 -0.7086 0.1527
vn 0.8938 0.0274 0.4476
vn 0.7363 -0.6763 -0.0223
vn 0.7311 -0.6821 -0.0146
vn 0.7247 0.0543 0.6869
vn 0.8694 -0.2362 0.4339
vn 0.8779 -0.1091 0.4663
vn 0.9898 -0.1398 -0.0260
vn 0.8839 -0.4479 0.1348
vn 0.8912 -0.4444 -0.0907
vn 0.9890 0.0878 0.1194
vn 0.1325 0.5244 0.8411
vn 0.0720 0.2972 0.9521
vn 0.7283 0.3367 0.5968
vn 0.1485 0.7315 0.6655
vn 0.1367 0.8926 0.4297
vn 0.0475 0.9901 0.1319
vn 0.2422 0.9687 -0.0538
vn 0.3853 0.5746 0.7220
vn 0.3025 0.7092 0.6368
vn 0.3212 0.9079 0.2693
vn 0.4897 0.1724 0.8547
vn 0.5147 0.5414 0.6648
vn 0.4385 0.7627 0.4753
vn 0.3868 0.8651 0.3194
vn 0.5968 0.3674 0.7134
vn 0.7334 0.6651 0.1406
vn 0.7126 0.5343 0.4547
vn 0.5815 0.6216 0.5248
vn 0.5935 0.7382 0.3206
vn 0.5808 0.7663 0.2747
vn 0.7228 0.6896 -0.0460
vn 0.6040 0.7798 0.1646
vn 0.8823 0.4695 -0.0343
vn 0.8863 0.2200 0.4075
vn 0.7460 0.5536 0.3701
vn 0.8832 0.3702 0.2878
vn 0.9840 0.1532 0.0906
vn 0.8346 -0.2681 -0.4813
vn 0.9809 0.1939 -0.0139
vn 0.7743 -0.5802 -0.2525
vn 0.8099 -0.2889 -0.5105
vn 0.6454 -0.6079 -0.4626
vn 0.9262 -0.1086 -0.3610
vn 0.9646 -0.2293 -0.1299
vn 0.9577 -0.1875 -0.2184
vn 0.9619 -0.1303 -0.2404
vn 0.9172 -0.1582 -0.3656
vn 0.9199 -0.3655 -0.1421
vn 0.9930 -0.1151 -0.0257
vn 0.8197 -0.5252 -0.2286
vn 0.8604 -0.4435 -0.2511
vn 0.9680 -0.1094 -0.2258
vn 0.7113 -0.7029 -0.0021
vn 0.7237 -0.6516 -0.2275
vn 0.7395 -0.5936 -0.3175
vn 0.7930 -0.6089 0.0186
vn 0.7214 -0.6558 -0.2227
vn 0.9016 -0.3973 -0.1713
vn 0.7959 -0.5783 -0.1790
vn 0.7938 -0.5011 -0.3447
vn 0.9613 -0.1097 -0.2529
vn 0.8850 -0.3282 -0.3303
vn 0.9521 -0.3059 -0.0034
vn 0.9937 0.1076 -0.0306
vn 0.9467 -0.3221 -0.0089
vn 0.9406 0.0679 -0.3325
vn 0.9399 -0.1857 -0.2865
vn 0.9975 -0.0653 -0.0279
vn 0.9405 -0.0589 -0.3348
vn 0.9675 0.2342 -0.0951
vn 0.4324 0.8367 -0.3363
vn 0.8814 -0.0858 -0.4645
vn 0.8349 0.4578 -0.3054
vn 0.9836 -0.0723 -0.1652
vn 0.3578 0.9254 0.1252
vn 0.3027 0.8993 -0.3156
vn 0.4341 0.8982 0.0696
vn 0.4638 0.8520 0.2428
vn 0.5493 0.7813 -0.2963
vn 0.4625 0.7598 -0.4569
vn 0.4269 0.7055 -0.5657
vn 0.5280 0.6724 -0.5188
vn 0.6115 0.7897 0.0490
vn 0.7972 0.5174 -0.3110
vn 0.7739 0.6204 0.1274
vn 0.6213 0.7363 0.2681
vn 0.7945 0.6039 0.0643
vn 0.7698 0.6382 -0.0042
vn 0.7146 0.6836 -0.1484
vn 0.5902 0.7687 -0.2464
vn 0.6328 0.6511 -0.4191
vn 0.5624 0.7317 -0.3850
vn 0.8029 0.5425 -0.2470
vn 0.7449 0.6525 -0.1389
vn 0.8054 0.5533 -0.2125
vn 0.9323 0.3615 -0.0054
vn 0.7911 0.1255 -0.5986
vn 0.7137 0.5918 -0.3746
vn 0.7522 0.4473 -0.4838
vn 0.9147 0.2662 -0.3041
vn 0.8795 0.4724 -0.0579
vn 0.9806 0.1816 -0.0740
vn 0.3779 -0.8283 -0.4137
vn 0.3321 -0.6371 -0.6956
vn 0.3344 -0.6388 -0.6929
vn 0.2619 -0.3834 -0.8856
vn 0.2899 -0.3319 -0.8977
vn 0.1708 0.0051 -0.9853
vn 0.4883 -0.7986 -0.3519
vn 0.6092 -0.6363 -0.4733
vn 0.5425 -0.5607 -0.6256
vn 0.6009 -0.4431 -0.6653
vn 0.4547 -0.2201 -0.8630
vn 0.6298 0.1575 -0.7606
vn 0.5028 0.0953 -0.8591
vn 0.8035 -0.5765 -0.1485
vn 0.7675 -0.6005 -0.2243
vn 0.7616 -0.5392 -0.3596
vn 0.8036 -0.4479 -0.3919
vn 0.7685 -0.3395 -0.5424
vn 0.7711 -0.2383 -0.5904
vn 0.9897 -0.1024 -0.1003
vn 0.9113 -0.3753 -0.1695
vn 0.9393 -0.0873 -0.3319
vn 0.8822 -0.3748 -0.2851
vn 0.9452 0.1200 -0.3037
vn 0.3059 0.3420 -0.8885
vn 0.3530 0.9309 -0.0944
vn 0.1407 0.9732 -0.1819
vn 0.3546 0.6191 -0.7007
vn 0.2809 0.4006 -0.8721
vn 0.4684 0.8624 -0.1921
vn 0.5738 0.6844 -0.4498
vn 0.3897 0.8423 -0.3723
vn 0.6140 0.3482 -0.7083
vn 0.8096 0.5522 -0.1989
vn 0.4801 0.8576 -0.1844
vn 0.7632 0.5642 -0.3151
vn 0.7797 0.3382 -0.5270
vn 0.6350 0.3915 -0.6659
vn 0.9263 0.3584 -0.1168
s 1
f 2//1 3//1 4//1
f 2//2 1//2 3//2
f 7//3 8//3 9//3
f 9//4 8//4 10//4
f 9//5 10//5 11//5
f 6//6 1//6 2//6
f 13//7 6//7 8//7
f 15//8 14//8 7//8
f 12//9 5//9 1//9
f 21//10 20//10 14//10
f 22//11 16//11 23//11
f 3//12 1//12 5//12
f 28//13 24//13 5//13
f 35//14 30//14 38//14
f 32//15 37//15 38//15
f 46//16 35//16 38//16
f 38//17 37//17 42//17
f 37//18 39//18 44//18
f 47//19 41//19 52//19
f 52//20 46//20 51//20
f 49//21 48//21 43//21
f 50//22 49//22 43//22
f 58//23 50//23 45//23
f 55//24 51//24 54//24
f 53//25 52//25 55//25
f 49//26 56//26 48//26
f 19//27 5//27 12//27
f 59//28 20//28 21//28
f 62//29 23//29 17//29
f 29//30 19//30 65//30
f 67//31 59//31 60//31
f 61//32 67//32 60//32
f 68//33 61//33 23//33
f 63//34 68//34 23//34
f 63//35 62//35 64//35
f 71//36 70//36 72//36
f 61//37 73//37 67//37
f 70//38 76//38 69//38
f 71//39 76//39 70//39
f 77//40 71//40 72//40
f 71//41 83//41 76//41
f 86//42 45//42 80//42
f 71//43 89//43 83//43
f 84//44 89//44 71//44
f 86//45 58//45 45//45
f 91//46 87//46 82//46
f 88//47 91//47 82//47
f 90//48 92//48 89//48
f 84//49 90//49 89//49
f 93//50 86//50 87//50
f 186//51 88//51 92//51
f 100//52 99//52 97//52
f 101//53 102//53 103//53
f 104//54 63//54 105//54
f 105//55 63//55 106//55
f 108//56 105//56 106//56
f 111//57 101//57 112//57
f 112//58 101//58 103//58
f 112//59 103//59 114//59
f 104//60 74//60 63//60
f 107//61 115//61 116//61
f 118//62 115//62 107//62
f 120//63 111//63 121//63
f 123//64 115//64 118//64
f 124//65 117//65 119//65
f 125//66 132//66 119//66
f 134//67 85//67 128//67
f 129//68 134//68 128//68
f 130//69 135//69 129//69
f 125//70 136//70 132//70
f 142//71 135//71 130//71
f 139//72 132//72 136//72
f 142//73 96//73 135//73
f 138//74 143//74 142//74
f 140//75 145//75 139//75
f 55//76 147//76 148//76
f 150//77 57//77 58//77
f 148//78 147//78 151//78
f 150//79 154//79 57//79
f 157//80 146//80 156//80
f 155//81 158//81 154//81
f 156//82 148//82 159//82
f 152//83 161//83 160//83
f 152//84 160//84 151//84
f 158//85 162//85 161//85
f 157//86 156//86 164//86
f 159//87 165//87 163//87
f 161//88 162//88 167//88
f 168//89 162//89 158//89
f 165//90 171//90 169//90
f 168//91 173//91 162//91
f 177//92 172//92 167//92
f 175//93 170//93 180//93
f 174//94 176//94 181//94
f 179//95 183//95 178//95
f 95//96 187//96 94//96
f 188//97 95//97 96//97
f 155//98 150//98 184//98
f 185//99 189//99 184//99
f 94//100 187//100 190//100
f 198//101 193//101 194//101
f 194//102 195//102 199//102
f 192//103 200//103 191//103
f 205//104 200//104 201//104
f 202//105 209//105 199//105
f 179//106 173//106 204//106
f 206//107 209//107 210//107
f 212//108 202//108 203//108
f 211//109 215//109 210//109
f 963//110 211//110 212//110
f 223//111 219//111 217//111
f 224//112 220//112 221//112
f 224//113 223//113 220//113
f 188//114 96//114 142//114
f 231//115 143//115 138//115
f 235//116 188//116 143//116
f 237//117 144//117 232//117
f 234//118 197//118 188//118
f 239//119 234//119 235//119
f 218//120 217//120 237//120
f 241//121 234//121 239//121
f 219//122 240//122 236//122
f 222//123 242//123 219//123
f 245//124 203//124 241//124
f 248//125 250//125 249//125
f 252//126 249//126 253//126
f 258//127 257//127 259//127
f 261//128 11//128 255//128
f 255//129 256//129 262//129
f 260//130 278//130 264//130
f 265//131 263//131 260//131
f 272//132 266//132 273//132
f 272//133 273//133 276//133
f 276//134 273//134 277//134
f 264//135 278//135 279//135
f 288//136 267//136 287//136
f 288//137 287//137 289//137
f 290//138 288//138 289//138
f 291//139 292//139 293//139
f 284//140 275//140 295//140
f 296//141 283//141 276//141
f 308//142 307//142 306//142
f 285//143 290//143 309//143
f 277//144 285//144 310//144
f 315//145 313//145 312//145
f 318//146 316//146 317//146
f 318//147 317//147 319//147
f 320//148 322//148 323//148
f 324//149 320//149 323//149
f 321//150 27//150 31//150
f 323//151 322//151 326//151
f 329//152 333//152 334//152
f 330//153 334//153 335//153
f 355//154 332//154 336//154
f 336//155 331//155 338//155
f 335//156 337//156 341//156
f 342//157 338//157 341//157
f 339//158 343//158 344//158
f 342//159 341//159 452//159
f 343//160 342//160 452//160
f 279//161 347//161 348//161
f 280//162 349//162 281//162
f 64//163 268//163 269//163
f 251//164 324//164 350//164
f 348//165 347//165 350//165
f 349//166 348//166 351//166
f 352//167 349//167 351//167
f 351//168 350//168 353//168
f 354//169 352//169 353//169
f 357//170 353//170 356//170
f 357//171 354//171 353//171
f 355//172 336//172 358//172
f 356//173 355//173 358//173
f 358//174 336//174 339//174
f 358//175 339//175 360//175
f 359//176 358//176 360//176
f 361//177 359//177 360//177
f 362//178 344//178 453//178
f 364//179 352//179 369//179
f 364//180 369//180 365//180
f 365//181 370//181 366//181
f 367//182 366//182 371//182
f 374//183 367//183 371//183
f 369//184 352//184 354//184
f 369//185 376//185 370//185
f 374//186 371//186 370//186
f 369//187 354//187 375//187
f 376//188 369//188 375//188
f 374//189 379//189 380//189
f 372//190 380//190 381//190
f 381//191 380//191 382//191
f 384//192 376//192 383//192
f 379//193 378//193 385//193
f 388//194 387//194 396//194
f 393//195 388//195 396//195
f 391//196 390//196 394//196
f 396//197 387//197 363//197
f 393//198 396//198 397//198
f 394//199 399//199 400//199
f 294//200 64//200 269//200
f 402//201 294//201 274//201
f 405//202 295//202 297//202
f 406//203 98//203 403//203
f 408//204 405//204 297//204
f 408//205 297//205 298//205
f 406//206 407//206 409//206
f 303//207 410//207 300//207
f 103//208 102//208 413//208
f 413//209 102//209 411//209
f 303//210 412//210 410//210
f 307//211 414//211 303//211
f 106//212 64//212 294//212
f 108//213 106//213 403//213
f 403//214 98//214 108//214
f 403//215 106//215 294//215
f 409//216 407//216 405//216
f 409//217 408//217 410//217
f 103//218 413//218 113//218
f 312//219 311//219 419//219
f 314//220 420//220 421//220
f 317//221 314//221 422//221
f 368//222 373//222 424//222
f 425//223 424//223 426//223
f 423//224 422//224 429//224
f 373//225 430//225 424//225
f 373//226 372//226 430//226
f 424//227 430//227 431//227
f 426//228 424//228 431//228
f 436//229 427//229 432//229
f 428//230 427//230 436//230
f 431//231 430//231 381//231
f 431//232 381//232 434//232
f 426//233 431//233 434//233
f 435//234 426//234 434//234
f 433//235 428//235 438//235
f 381//236 382//236 439//236
f 434//237 381//237 439//237
f 437//238 436//238 441//238
f 439//239 382//239 392//239
f 441//240 440//240 442//240
f 442//241 439//241 395//241
f 443//242 442//242 444//242
f 1//243 6//243 13//243 12//243
f 448//244 441//244 443//244
f 447//245 445//245 446//245
f 341//246 451//246 452//246
f 450//247 455//247 451//247
f 461//248 452//248 451//248
f 454//249 457//249 458//249
f 455//250 454//250 458//250
f 459//251 455//251 458//251
f 461//252 451//252 460//252
f 456//253 461//253 462//253
f 463//254 456//254 462//254
f 464//255 459//255 458//255
f 461//256 460//256 465//256
f 466//257 461//257 465//257
f 467//258 462//258 466//258
f 457//259 157//259 164//259
f 458//260 457//260 468//260
f 468//261 472//261 464//261
f 466//262 465//262 469//262
f 470//263 467//263 469//263
f 460//264 473//264 474//264
f 465//265 474//265 475//265
f 475//266 478//266 469//266
f 472//267 471//267 476//267
f 477//268 473//268 476//268
f 469//269 478//269 479//269
f 471//270 175//270 481//270
f 476//271 471//271 481//271
f 482//272 477//272 1043//272
f 478//273 482//273 479//273
f 480//274 479//274 483//274
f 363//275 362//275 484//275
f 463//276 467//276 486//276
f 486//277 467//277 470//277
f 485//278 486//278 487//278
f 486//279 470//279 488//279
f 480//280 483//280 492//280
f 488//281 492//281 490//281
f 396//282 363//282 484//282
f 397//283 396//283 494//283
f 398//284 495//284 399//284
f 498//285 400//285 497//285
f 401//286 400//286 498//286
f 494//287 499//287 500//287
f 495//288 397//288 500//288
f 501//289 495//289 500//289
f 496//290 501//290 506//290
f 503//291 498//291 502//291
f 499//292 484//292 485//292
f 500//293 499//293 504//293
f 505//294 500//294 504//294
f 501//295 500//295 505//295
f 501//296 505//296 506//296
f 502//297 506//297 507//297
f 499//298 485//298 508//298
f 509//299 507//299 513//299
f 510//300 509//300 514//300
f 516//301 512//301 515//301
f 513//302 512//302 516//302
f 517//303 513//303 516//303
f 518//304 509//304 513//304
f 514//305 509//305 518//305
f 511//306 489//306 515//306
f 518//307 513//307 517//307
f 515//308 491//308 493//308
f 498//309 503//309 523//309
f 523//310 503//310 524//310
f 524//311 527//311 526//311
f 525//312 526//312 528//312
f 526//313 530//313 531//313
f 533//314 518//314 517//314
f 530//315 514//315 534//315
f 531//316 535//316 536//316
f 529//317 531//317 536//317
f 529//318 536//318 537//318
f 532//319 542//319 538//319
f 448//320 543//320 544//320
f 545//321 446//321 544//321
f 549//322 547//322 528//322
f 555//323 551//323 552//323
f 553//324 556//324 552//324
f 557//325 554//325 551//325
f 557//326 559//326 554//326
f 628//327 557//327 555//327
f 558//328 560//328 556//328
f 564//329 561//329 562//329
f 565//330 563//330 566//330
f 566//331 563//331 564//331
f 565//332 566//332 568//332
f 572//333 573//333 561//333
f 574//334 572//334 563//334
f 563//335 572//335 561//335
f 576//336 574//336 563//336
f 575//337 576//337 577//337
f 577//338 576//338 565//338
f 572//339 581//339 579//339
f 574//340 582//340 572//340
f 582//341 586//341 581//341
f 584//342 581//342 590//342
f 591//343 586//343 582//343
f 551//344 587//344 588//344
f 137//345 133//345 590//345
f 592//346 593//346 141//346
f 558//347 553//347 594//347
f 596//348 558//348 595//348
f 578//349 577//349 597//349
f 597//350 577//350 565//350
f 569//351 598//351 568//351
f 599//352 597//352 568//352
f 599//353 598//353 600//353
f 583//354 578//354 601//354
f 602//355 597//355 603//355
f 605//356 600//356 606//356
f 608//357 603//357 609//357
f 607//358 553//358 583//358
f 608//359 611//359 607//359
f 613//360 609//360 614//360
f 615//361 605//361 606//361
f 611//362 594//362 553//362
f 612//363 616//363 611//363
f 613//364 617//364 612//364
f 619//365 614//365 615//365
f 616//366 595//366 594//366
f 617//367 624//367 616//367
f 620//368 617//368 618//368
f 614//369 621//369 618//369
f 622//370 625//370 621//370
f 629//371 560//371 558//371
f 632//372 627//372 628//372
f 633//373 560//373 629//373
f 627//374 635//374 634//374
f 627//375 634//375 631//375
f 632//376 635//376 627//376
f 221//377 238//377 630//377
f 638//378 221//378 639//378
f 639//379 630//379 634//379
f 635//380 641//380 640//380
f 635//381 640//381 634//381
f 640//382 642//382 639//382
f 643//383 641//383 636//383
f 645//384 224//384 638//384
f 642//385 645//385 638//385
f 640//386 646//386 642//386
f 644//387 648//387 643//387
f 228//388 224//388 645//388
f 651//389 642//389 646//389
f 652//390 651//390 646//390
f 559//391 626//391 593//391
f 593//392 626//392 631//392
f 596//393 629//393 558//393
f 596//394 656//394 629//394
f 655//395 656//395 596//395
f 637//396 633//396 656//396
f 657//397 656//397 655//397
f 658//398 644//398 637//398
f 662//399 658//399 660//399
f 661//400 662//400 660//400
f 666//401 662//401 661//401
f 663//402 666//402 661//402
f 667//403 666//403 668//403
f 671//404 624//404 620//404
f 680//405 671//405 672//405
f 681//406 675//406 676//406
f 683//407 676//407 673//407
f 683//408 677//408 689//408
f 679//409 684//409 678//409
f 684//410 679//410 680//410
f 685//411 680//411 675//411
f 686//412 685//412 682//412
f 682//413 685//413 675//413
f 687//414 682//414 681//414
f 687//415 681//415 683//415
f 682//416 687//416 688//416
f 689//417 687//417 683//417
f 661//418 660//418 690//418
f 678//419 690//419 659//419
f 690//420 678//420 684//420
f 685//421 691//421 684//421
f 686//422 682//422 692//422
f 692//423 682//423 688//423
f 691//424 663//424 690//424
f 693//425 691//425 685//425
f 693//426 665//426 663//426
f 694//427 669//427 665//427
f 698//428 692//428 688//428
f 692//429 695//429 686//429
f 701//430 698//430 696//430
f 701//431 696//431 699//431
f 1239//432 700//432 698//432
f 701//433 1239//433 698//433
f 702//434 701//434 699//434
f 703//435 308//435 306//435
f 705//436 703//436 293//436
f 704//437 703//437 706//437
f 706//438 705//438 708//438
f 709//439 293//439 292//439
f 709//440 292//440 316//440
f 709//441 318//441 710//441
f 707//442 709//442 711//442
f 712//443 416//443 721//443
f 564//444 562//444 715//444
f 716//445 706//445 717//445
f 718//446 717//446 714//446
f 114//447 417//447 720//447
f 720//448 712//448 721//448
f 722//449 571//449 720//449
f 725//450 713//450 726//450
f 725//451 726//451 727//451
f 716//452 717//452 728//452
f 718//453 729//453 717//453
f 719//454 715//454 725//454
f 730//455 725//455 727//455
f 731//456 719//456 730//456
f 716//457 732//457 727//457
f 737//458 319//458 423//458
f 738//459 710//459 737//459
f 711//460 714//460 707//460
f 740//461 714//461 711//461
f 718//462 714//462 740//462
f 737//463 423//463 741//463
f 741//464 423//464 429//464
f 738//465 737//465 742//465
f 743//466 739//466 742//466
f 750//467 742//467 746//467
f 750//468 743//468 742//468
f 748//469 747//469 743//469
f 741//470 745//470 749//470
f 750//471 748//471 743//471
f 748//472 751//472 744//472
f 752//473 751//473 748//473
f 749//474 754//474 746//474
f 749//475 753//475 754//475
f 750//476 755//476 756//476
f 752//477 757//477 751//477
f 754//478 753//478 761//478
f 754//479 758//479 755//479
f 754//480 761//480 758//480
f 756//481 759//481 762//481
f 762//482 766//482 767//482
f 438//483 445//483 768//483
f 761//484 753//484 768//484
f 768//485 447//485 769//485
f 761//486 770//486 764//486
f 771//487 569//487 719//487
f 772//488 598//488 569//488
f 775//489 772//489 771//489
f 606//490 600//490 772//490
f 773//491 734//491 776//491
f 736//492 733//492 778//492
f 779//493 774//493 776//493
f 606//494 775//494 784//494
f 780//495 777//495 736//495
f 775//496 779//496 785//496
f 786//497 782//497 787//497
f 788//498 782//498 783//498
f 784//499 789//499 606//499
f 787//500 788//500 790//500
f 790//501 788//501 791//501
f 789//502 619//502 615//502
f 794//503 787//503 795//503
f 796//504 795//504 790//504
f 799//505 793//505 800//505
f 795//506 801//506 794//506
f 796//507 802//507 795//507
f 802//508 796//508 803//508
f 863//509 623//509 805//509
f 806//510 800//510 807//510
f 781//511 778//511 809//511
f 781//512 809//512 811//512
f 783//513 812//513 813//513
f 788//514 783//514 814//514
f 814//515 783//515 813//515
f 817//516 813//516 816//516
f 797//517 791//517 814//517
f 824//518 818//518 823//518
f 826//519 818//519 824//519
f 821//520 819//520 827//520
f 820//521 821//521 828//521
f 822//522 828//522 829//522
f 824//523 823//523 831//523
f 833//524 803//524 804//524
f 836//525 766//525 765//525
f 834//526 766//526 836//526
f 837//527 835//527 840//527
f 841//528 837//528 843//528
f 842//529 841//529 844//529
f 843//530 840//530 846//530
f 841//531 847//531 844//531
f 841//532 843//532 847//532
f 848//533 844//533 847//533
f 845//534 532//534 538//534
f 852//535 845//535 538//535
f 846//536 862//536 852//536
f 843//537 846//537 847//537
f 848//538 847//538 850//538
f 846//539 854//539 855//539
f 856//540 850//540 847//540
f 856//541 847//541 855//541
f 546//542 545//542 859//542
f 859//543 545//543 548//543
f 840//544 861//544 862//544
f 862//545 550//545 532//545
f 863//546 805//546 864//546
f 864//547 806//547 807//547
f 677//548 674//548 863//548
f 867//549 677//549 866//549
f 677//550 867//550 869//550
f 869//551 867//551 870//551
f 828//552 874//552 875//552
f 829//553 828//553 875//553
f 829//554 876//554 823//554
f 829//555 875//555 880//555
f 829//556 880//556 876//556
f 831//557 876//557 877//557
f 876//558 880//558 882//558
f 876//559 882//559 877//559
f 877//560 882//560 887//560
f 883//561 839//561 842//561
f 887//562 888//562 937//562
f 883//563 842//563 889//563
f 884//564 890//564 891//564
f 894//565 888//565 887//565
f 889//566 895//566 896//566
f 891//567 890//567 896//567
f 897//568 894//568 893//568
f 894//569 897//569 888//569
f 895//570 851//570 898//570
f 896//571 898//571 899//571
f 900//572 905//572 899//572
f 901//573 905//573 1415//573
f 909//574 808//574 803//574
f 911//575 865//575 808//575
f 909//576 911//576 808//576
f 912//577 909//577 833//577
f 910//578 871//578 868//578
f 911//579 910//579 865//579
f 913//580 911//580 912//580
f 918//581 871//581 915//581
f 917//582 911//582 913//582
f 697//583 689//583 914//583
f 919//584 918//584 915//584
f 919//585 923//585 918//585
f 919//586 920//586 925//586
f 923//587 933//587 922//587
f 926//588 934//588 923//588
f 832//589 935//589 825//589
f 935//590 912//590 833//590
f 936//591 935//591 832//591
f 878//592 936//592 832//592
f 912//593 935//593 936//593
f 937//594 936//594 878//594
f 888//595 940//595 937//595
f 941//596 928//596 924//596
f 942//597 943//597 939//597
f 908//598 903//598 907//598
f 944//599 943//599 942//599
f 175//600 180//600 945//600
f 182//601 947//601 181//601
f 180//602 946//602 950//602
f 952//603 950//603 946//603
f 948//604 947//604 182//604
f 953//605 947//605 948//605
f 950//606 952//606 954//606
f 953//607 954//607 952//607
f 949//608 957//608 948//608
f 959//609 955//609 958//609
f 213//610 949//610 183//610
f 961//611 213//611 207//611
f 215//612 962//612 214//612
f 215//613 967//613 962//613
f 211//614 963//614 215//614
f 216//615 964//615 965//615
f 966//616 949//616 213//616
f 961//617 966//617 213//617
f 963//618 970//618 215//618
f 965//619 974//619 984//619
f 979//620 978//620 977//620
f 979//621 976//621 968//621
f 969//622 979//622 968//622
f 990//623 981//623 983//623
f 973//624 982//624 970//624
f 985//625 982//625 973//625
f 983//626 982//626 985//626
f 959//627 958//627 977//627
f 988//628 959//628 978//628
f 987//629 991//629 973//629
f 991//630 993//630 992//630
f 996//631 993//631 991//631
f 998//632 226//632 229//632
f 999//633 229//633 227//633
f 1000//634 999//634 230//634
f 1001//635 997//635 998//635
f 999//636 1002//636 998//636
f 1003//637 999//637 1000//637
f 1002//638 1004//638 1001//638
f 1007//639 1006//639 1005//639
f 964//640 247//640 1009//640
f 247//641 964//641 216//641
f 1009//642 247//642 225//642
f 1010//643 1011//643 986//643
f 986//644 1015//644 994//644
f 1011//645 1015//645 986//645
f 1012//646 1013//646 1011//646
f 1004//647 1014//647 1012//647
f 994//648 1015//648 1016//648
f 1018//649 1013//649 1014//649
f 1006//650 1014//650 1004//650
f 1019//651 1014//651 1006//651
f 1023//652 1007//652 1008//652
f 1017//653 1025//653 1026//653
f 1027//654 1024//654 1026//654
f 1028//655 1020//655 1021//655
f 1022//656 1029//656 1019//656
f 1031//657 1030//657 1023//657
f 1026//658 1025//658 1028//658
f 1033//659 1034//659 1032//659
f 1039//660 1035//660 1038//660
f 1039//661 1037//661 1035//661
f 1036//662 1038//662 1034//662
f 1042//663 1039//663 1041//663
f 481//664 175//664 945//664
f 1043//665 476//665 481//665
f 1046//666 481//666 1045//666
f 1043//667 1046//667 1048//667
f 482//668 1048//668 1049//668
f 1044//669 1049//669 1050//669
f 1051//670 1047//670 1045//670
f 1048//671 1047//671 1052//671
f 1053//672 1052//672 1051//672
f 1050//673 1049//673 1052//673
f 1054//674 956//674 960//674
f 483//675 1044//675 1055//675
f 492//676 1055//676 1056//676
f 490//677 1056//677 1058//677
f 1055//678 1044//678 1062//678
f 1055//679 1062//679 1063//679
f 1064//680 1063//680 1062//680
f 1065//681 1057//681 1063//681
f 1066//682 1059//682 1065//682
f 1068//683 1060//683 1067//683
f 1061//684 1060//684 1068//684
f 1069//685 1050//685 1053//685
f 1062//686 1050//686 1071//686
f 1071//687 1070//687 1073//687
f 1074//688 1064//688 1071//688
f 1075//689 1074//689 1072//689
f 1076//690 1064//690 1074//690
f 1083//691 1077//691 1076//691
f 1078//692 1077//692 1083//692
f 1078//693 1083//693 1085//693
f 1086//694 1078//694 1085//694
f 1084//695 993//695 1088//695
f 1088//696 993//696 1089//696
f 1091//697 1088//697 1089//697
f 1096//698 1067//698 1079//698
f 1094//699 1093//699 1096//699
f 1090//700 1087//700 1086//700
f 1097//701 1096//701 1087//701
f 1099//702 1097//702 1102//702
f 1101//703 1100//703 1099//703
f 1102//704 1090//704 1091//704
f 1103//705 1102//705 1091//705
f 1106//706 1105//706 1101//706
f 1089//707 996//707 1024//707
f 1116//708 1106//708 1108//708
f 1116//709 1109//709 1106//709
f 1115//710 1108//710 1103//710
f 1117//711 1116//711 1108//711
f 1118//712 1110//712 1117//712
f 1122//713 1120//713 539//713
f 1123//714 540//714 1121//714
f 1124//715 1132//715 1125//715
f 1128//716 541//716 1127//716
f 539//717 1092//717 1094//717
f 1122//718 539//718 1131//718
f 1123//719 1121//719 1137//719
f 1129//720 1134//720 1135//720
f 1122//721 1136//721 1120//721
f 1139//722 1132//722 1138//722
f 1132//723 1139//723 1140//723
f 1137//724 1136//724 1142//724
f 1138//725 1142//725 1144//725
f 1139//726 1138//726 1144//726
f 1140//727 1139//727 1145//727
f 1141//728 1133//728 1146//728
f 1098//729 1100//729 1148//729
f 1142//730 1143//730 1150//730
f 1144//731 1142//731 1150//731
f 1145//732 1151//732 1152//732
f 1154//733 1146//733 1153//733
f 1149//734 1148//734 1158//734
f 1155//735 1154//735 1171//735
f 1155//736 1171//736 1161//736
f 1164//737 1162//737 1165//737
f 1166//738 1160//738 1159//738
f 1168//739 1109//739 1111//739
f 1112//740 1169//740 1111//740
f 1166//741 1164//741 1173//741
f 1173//742 1165//742 1174//742
f 1172//743 1175//743 1169//743
f 1170//744 1176//744 1172//744
f 1114//745 1113//745 1177//745
f 1115//746 1114//746 1178//746
f 1117//747 1115//747 1179//747
f 1118//748 1117//748 1180//748
f 1181//749 1037//749 1039//749
f 1181//750 1178//750 1177//750
f 1183//751 1179//751 1178//751
f 1180//752 1179//752 1183//752
f 1182//753 1039//753 1042//753
f 1185//754 1180//754 1183//754
f 1186//755 230//755 649//755
f 1186//756 649//756 650//756
f 651//757 1187//757 650//757
f 652//758 1187//758 651//758
f 653//759 1187//759 652//759
f 1186//760 1000//760 230//760
f 1193//761 653//761 1189//761
f 1193//762 1187//762 653//762
f 1189//763 653//763 654//763
f 1186//764 1190//764 1000//764
f 1191//765 1186//765 1187//765
f 1188//766 1191//766 1187//766
f 1192//767 1188//767 1187//767
f 1194//768 1003//768 1190//768
f 1189//769 1196//769 1193//769
f 1194//770 1005//770 1003//770
f 1192//771 1195//771 1188//771
f 1008//772 1005//772 1194//772
f 1192//773 1201//773 1195//773
f 1200//774 1205//774 1207//774
f 1207//775 1023//775 1008//775
f 1211//776 654//776 664//776
f 1211//777 664//777 666//777
f 667//778 1211//778 666//778
f 1213//779 1211//779 667//779
f 1215//780 1214//780 668//780
f 669//781 1215//781 668//781
f 1217//782 1212//782 1213//782
f 1197//783 1189//783 1212//783
f 1217//784 1197//784 1212//784
f 1214//785 1218//785 1217//785
f 1219//786 1214//786 1215//786
f 1216//787 1220//787 1215//787
f 1218//788 1221//788 1217//788
f 1222//789 1218//789 1219//789
f 1221//790 1224//790 1197//790
f 1233//791 1223//791 1232//791
f 1235//792 1227//792 1226//792
f 1236//793 1233//793 1234//793
f 695//794 1230//794 694//794
f 702//795 1240//795 701//795
f 1241//796 1238//796 1239//796
f 1245//797 1241//797 1242//797
f 1247//798 1242//798 1243//798
f 1248//799 1234//799 1232//799
f 1250//800 1254//800 1234//800
f 1255//801 1252//801 1253//801
f 1254//802 1237//802 1234//802
f 1330//803 1254//803 1251//803
f 1208//804 1257//804 1031//804
f 1206//805 1258//805 1259//805
f 1262//806 1258//806 1209//806
f 1257//807 1036//807 1031//807
f 1260//808 1040//808 1036//808
f 1259//809 1262//809 1263//809
f 1210//810 1265//810 1209//810
f 1267//811 1042//811 1041//811
f 1274//812 1268//812 1270//812
f 1263//813 1271//813 1270//813
f 1264//814 1271//814 1263//814
f 1266//815 1272//815 1265//815
f 1269//816 1273//816 1267//816
f 1276//817 1275//817 1270//817
f 1272//818 1276//818 1271//818
f 1282//819 1272//819 1266//819
f 1269//820 1278//820 1277//820
f 1269//821 1277//821 1273//821
f 1278//822 1279//822 1284//822
f 1283//823 1287//823 1282//823
f 1284//824 1289//824 1290//824
f 1279//825 1285//825 1289//825
f 1287//826 1292//826 1281//826
f 1290//827 1289//827 1293//827
f 1293//828 1289//828 1291//828
f 1294//829 1291//829 1292//829
f 1297//830 1229//830 1227//830
f 1302//831 1236//831 1237//831
f 1296//832 1299//832 1228//832
f 1300//833 1296//833 1229//833
f 1301//834 1297//834 1235//834
f 1236//835 1301//835 1235//835
f 1304//836 1300//836 1297//836
f 1302//837 1305//837 1301//837
f 1308//838 1307//838 1305//838
f 1309//839 1305//839 1302//839
f 1312//840 1307//840 1308//840
f 1309//841 1313//841 1316//841
f 1315//842 1311//842 1306//842
f 1320//843 1315//843 1316//843
f 1321//844 1316//844 1317//844
f 1318//845 1295//845 1287//845
f 1324//846 1295//846 1318//846
f 1321//847 1326//847 1325//847
f 1322//848 1327//848 1326//848
f 1323//849 1328//849 1322//849
f 1237//850 1298//850 1302//850
f 1330//851 1329//851 1298//851
f 1329//852 1303//852 1298//852
f 1333//853 1329//853 1330//853
f 1334//854 1331//854 1332//854
f 1331//855 1335//855 1333//855
f 1335//856 1314//856 1310//856
f 1336//857 1335//857 1331//857
f 1314//858 1323//858 1317//858
f 1336//859 1323//859 1314//859
f 1294//860 1338//860 1291//860
f 1295//861 1341//861 1292//861
f 1342//862 1294//862 1341//862
f 1344//863 1339//863 1342//863
f 1343//864 1341//864 1295//864
f 1343//865 1295//865 1324//865
f 1325//866 1345//866 1324//866
f 1326//867 1346//867 1345//867
f 1327//868 1347//868 1346//868
f 1345//869 1348//869 1343//869
f 1350//870 1345//870 1346//870
f 1119//871 1351//871 1112//871
f 1356//872 853//872 852//872
f 1356//873 852//873 1355//873
f 854//874 853//874 1357//874
f 1357//875 856//875 855//875
f 1358//876 856//876 1357//876
f 1355//877 1130//877 1135//877
f 1357//878 1361//878 1362//878
f 1359//879 1364//879 1365//879
f 1361//880 1360//880 1368//880
f 1362//881 1369//881 1370//881
f 1371//882 1362//882 1370//882
f 1365//883 1364//883 1372//883
f 1374//884 1383//884 1376//884
f 1369//885 1361//885 1377//885
f 1380//886 1369//886 1378//886
f 1370//887 1369//887 1380//887
f 1387//888 1384//888 1386//888
f 1387//889 1375//889 1376//889
f 1388//890 1375//890 1386//890
f 1389//891 1388//891 1385//891
f 1391//892 1390//892 1381//892
f 1392//893 1382//893 1390//893
f 1161//894 1383//894 1156//894
f 1398//895 1397//895 1396//895
f 1398//896 1385//896 1397//896
f 1379//897 1399//897 1400//897
f 1403//898 1402//898 1394//898
f 1403//899 1394//899 1395//899
f 1353//900 1394//900 1352//900
f 1410//901 1398//901 1353//901
f 1406//902 1399//902 1405//902
f 1400//903 1399//903 1406//903
f 1400//904 1406//904 1407//904
f 1409//905 1353//905 1354//905
f 1353//906 1409//906 1410//906
f 1411//907 1405//907 1410//907
f 1413//908 904//908 858//908
f 905//909 1414//909 1415//909
f 1418//910 908//910 907//910
f 1418//911 907//911 1417//911
f 1419//912 858//912 1365//912
f 1421//913 1414//913 1420//913
f 1422//914 1416//914 906//914
f 1423//915 1428//915 1492//915
f 1425//916 1419//916 1372//916
f 1421//917 1420//917 1426//917
f 1427//918 1423//918 1417//918
f 1372//919 1382//919 1430//919
f 1433//920 1426//920 1432//920
f 1436//921 1428//921 1434//921
f 1437//922 1390//922 1391//922
f 1437//923 1392//923 1390//923
f 1439//924 1438//924 1446//924
f 1442//925 1434//925 1435//925
f 1439//926 1446//926 1447//926
f 1439//927 1447//927 1449//927
f 1450//928 1440//928 1449//928
f 1442//929 1451//929 1434//929
f 1443//930 1452//930 1453//930
f 1447//931 1445//931 1455//931
f 1456//932 1447//932 1455//932
f 1456//933 1448//933 1449//933
f 1457//934 1448//934 1456//934
f 1460//935 1457//935 1459//935
f 1465//936 934//936 929//936
f 1466//937 932//937 933//937
f 1470//938 1466//938 933//938
f 1465//939 1470//939 933//939
f 1468//940 1473//940 1470//940
f 1469//941 1474//941 1468//941
f 1475//942 1469//942 1471//942
f 1477//943 1474//943 1469//943
f 1253//944 1247//944 1472//944
f 1476//945 1470//945 1473//945
f 1475//946 1477//946 1469//946
f 1476//947 1473//947 1478//947
f 1477//948 1479//948 1474//948
f 1480//949 1472//949 1476//949
f 1482//950 1479//950 1477//950
f 1480//951 1485//951 1253//951
f 1486//952 1480//952 1481//952
f 1487//953 1481//953 1479//953
f 1483//954 1488//954 1482//954
f 1481//955 1490//955 1486//955
f 1487//956 1490//956 1481//956
f 1491//957 1488//957 1483//957
f 1492//958 944//958 908//958
f 1492//959 908//959 1418//959
f 1494//960 931//960 943//960
f 1494//961 1464//961 931//961
f 1494//962 1493//962 1464//962
f 1464//963 1493//963 1495//963
f 1471//964 1467//964 1495//964
f 1429//965 1496//965 1493//965
f 1429//966 1436//966 1496//966
f 1493//967 1498//967 1495//967
f 1493//968 1496//968 1498//968
f 1496//969 1444//969 1499//969
f 1498//970 1500//970 1471//970
f 1497//971 1453//971 1499//971
f 1501//972 1502//972 1500//972
f 1499//973 1453//973 1503//973
f 1499//974 1503//974 1504//974
f 1501//975 1505//975 1502//975
f 1504//976 1507//976 1505//976
f 1505//977 1508//977 1483//977
f 1507//978 1508//978 1505//978
f 1509//979 1118//979 1180//979
f 1511//980 1510//980 1509//980
f 1354//981 1514//981 1409//981
f 1512//982 1180//982 1185//982
f 1509//983 1180//983 1512//983
f 1513//984 1509//984 1512//984
f 1514//985 1511//985 1513//985
f 1409//986 1514//986 1515//986
f 1516//987 1184//987 1182//987
f 1512//988 1185//988 1517//988
f 1518//989 1512//989 1517//989
f 1519//990 1513//990 1518//990
f 1267//991 1273//991 1521//991
f 1522//992 1516//992 1521//992
f 1525//993 1520//993 1524//993
f 1521//994 1277//994 1526//994
f 1523//995 1522//995 1528//995
f 1528//996 1529//996 1524//996
f 1277//997 1284//997 1288//997
f 1527//998 1526//998 1534//998
f 1533//999 1532//999 1537//999
f 1527//1000 1534//1000 1538//1000
f 1540//1001 1288//1001 1290//1001
f 1540//1002 1534//1002 1288//1002
f 1538//1003 1534//1003 1540//1003
f 1533//1004 1537//1004 1542//1004
f 1541//1005 1539//1005 1538//1005
f 1535//1006 1541//1006 1536//1006
f 1538//1007 1540//1007 1680//1007
f 1540//1008 1290//1008 1293//1008
f 1543//1009 1546//1009 1547//1009
f 1544//1010 1547//1010 1548//1010
f 1549//1011 1545//1011 1548//1011
f 1520//1012 1525//1012 1550//1012
f 1515//1013 1520//1013 1550//1013
f 1548//1014 1547//1014 1553//1014
f 1550//1015 1556//1015 1557//1015
f 1551//1016 1558//1016 1552//1016
f 1562//1017 1552//1017 1558//1017
f 1557//1018 1530//1018 1568//1018
f 1564//1019 1558//1019 1561//1019
f 1567//1020 1563//1020 1566//1020
f 1572//1021 1561//1021 1569//1021
f 1565//1022 1564//1022 1570//1022
f 1569//1023 1568//1023 1542//1023
f 1571//1024 1566//1024 1574//1024
f 1328//1025 1575//1025 1327//1025
f 1454//1026 1577//1026 1578//1026
f 1555//1027 1549//1027 1554//1027
f 1584//1028 1578//1028 1577//1028
f 1584//1029 1585//1029 1586//1029
f 1578//1030 1584//1030 1586//1030
f 1555//1031 1560//1031 1588//1031
f 1581//1032 1590//1032 1591//1032
f 1588//1033 1593//1033 1585//1033
f 1593//1034 1588//1034 1599//1034
f 1594//1035 1593//1035 1600//1035
f 1597//1036 1595//1036 1602//1036
f 1598//1037 1603//1037 1604//1037
f 1605//1038 1601//1038 1600//1038
f 1607//1039 1601//1039 1605//1039
f 1602//1040 1609//1040 1610//1040
f 1614//1041 1613//1041 1490//1041
f 1615//1042 1487//1042 1488//1042
f 1614//1043 1618//1043 1613//1043
f 1616//1044 1334//1044 1332//1044
f 1623//1045 1619//1045 1620//1045
f 1622//1046 1633//1046 1626//1046
f 1627//1047 1633//1047 1622//1047
f 1631//1048 1642//1048 1630//1048
f 1632//1049 1635//1049 1631//1049
f 1633//1050 1637//1050 1636//1050
f 1643//1051 1647//1051 1642//1051
f 1635//1052 1648//1052 1643//1052
f 1644//1053 1649//1053 1636//1053
f 1639//1054 1650//1054 1644//1054
f 1646//1055 1650//1055 1639//1055
f 1651//1056 1646//1056 1638//1056
f 1652//1057 1507//1057 1504//1057
f 1504//1058 1506//1058 1652//1058
f 1653//1059 1491//1059 1508//1059
f 1652//1060 1655//1060 1657//1060
f 1583//1061 1587//1061 1658//1061
f 1659//1062 1654//1062 1658//1062
f 1657//1063 1655//1063 1659//1063
f 1624//1064 1621//1064 1656//1064
f 1658//1065 1587//1065 1592//1065
f 1662//1066 1660//1066 1659//1066
f 1661//1067 1658//1067 1663//1067
f 1662//1068 1659//1068 1664//1068
f 1666//1069 1629//1069 1624//1069
f 1668//1070 1664//1070 1663//1070
f 1669//1071 1665//1071 1664//1071
f 1669//1072 1664//1072 1668//1072
f 1671//1073 1665//1073 1669//1073
f 1645//1074 1638//1074 1670//1074
f 1673//1075 1674//1075 1672//1075
f 1673//1076 1667//1076 1674//1076
f 1672//1077 1674//1077 1675//1077
f 1680//1078 1679//1078 1538//1078
f 1540//1079 1337//1079 1681//1079
f 1681//1080 1684//1080 1680//1080
f 1681//1081 1337//1081 1685//1081
f 1686//1082 1340//1082 1339//1082
f 1676//1083 1682//1083 1687//1083
f 1679//1084 1684//1084 1688//1084
f 1681//1085 1685//1085 1684//1085
f 1686//1086 1689//1086 1340//1086
f 1683//1087 1687//1087 1716//1087
f 1692//1088 1687//1088 1691//1088
f 1692//1089 1716//1089 1687//1089
f 1691//1090 1688//1090 1694//1090
f 1701//1091 1694//1091 1700//1091
f 1698//1092 1694//1092 1701//1092
f 1696//1093 1702//1093 1700//1093
f 1704//1094 1699//1094 1698//1094
f 1704//1095 1698//1095 1701//1095
f 1701//1096 1702//1096 1703//1096
f 1542//1097 1678//1097 1706//1097
f 1573//1098 1708//1098 1709//1098
f 1574//1099 1709//1099 1710//1099
f 1606//1100 1571//1100 1710//1100
f 1712//1101 1706//1101 1678//1101
f 1707//1102 1706//1102 1712//1102
f 1708//1103 1713//1103 1709//1103
f 1710//1104 1714//1104 1715//1104
f 1711//1105 1710//1105 1715//1105
f 1712//1106 1678//1106 1716//1106
f 1719//1107 1718//1107 1713//1107
f 1715//1108 1714//1108 1720//1108
f 1721//1109 1715//1109 1720//1109
f 1711//1110 1715//1110 1721//1110
f 1727//1111 1723//1111 1719//1111
f 1726//1112 1722//1112 1697//1112
f 1728//1113 1727//1113 1726//1113
f 1724//1114 1727//1114 1728//1114
f 1735//1115 1350//1115 1347//1115
f 1737//1116 1736//1116 1731//1116
f 1732//1117 1737//1117 1731//1117
f 1344//1118 1349//1118 1738//1118
f 1690//1119 1344//1119 1738//1119
f 1740//1120 1739//1120 1690//1120
f 1742//1121 1747//1121 1741//1121
f 1742//1122 1736//1122 1737//1122
f 1743//1123 1737//1123 1732//1123
f 1746//1124 1744//1124 1743//1124
f 1750//1125 1747//1125 1742//1125
f 1750//1126 1749//1126 1747//1126
f 1750//1127 1742//1127 1743//1127
f 1744//1128 1750//1128 1743//1128
f 1754//1129 1753//1129 1757//1129
f 1756//1130 1755//1130 1746//1130
f 1759//1131 1703//1131 1696//1131
f 1759//1132 1696//1132 1747//1132
f 1748//1133 1759//1133 1747//1133
f 1762//1134 1760//1134 1703//1134
f 1749//1135 1762//1135 1748//1135
f 1764//1136 1763//1136 1760//1136
f 1765//1137 1749//1137 1750//1137
f 1767//1138 1763//1138 1764//1138
f 1768//1139 1751//1139 1763//1139
f 1769//1140 1765//1140 1744//1140
f 1769//1141 1766//1141 1765//1141
f 1752//1142 1769//1142 1744//1142
f 1768//1143 1767//1143 1753//1143
f 1768//1144 1753//1144 1754//1144
f 1761//1145 1705//1145 1760//1145
f 1607//1146 1606//1146 1770//1146
f 1607//1147 1771//1147 1608//1147
f 1771//1148 1607//1148 1770//1148
f 1772//1149 1608//1149 1771//1149
f 1611//1150 1610//1150 1773//1150
f 1606//1151 1711//1151 1774//1151
f 1773//1152 1610//1152 1778//1152
f 1774//1153 1711//1153 1721//1153
f 1779//1154 1775//1154 1771//1154
f 1780//1155 1775//1155 1779//1155
f 1784//1156 1782//1156 1783//1156
f 1773//1157 1778//1157 1809//1157
f 1787//1158 1789//1158 1780//1158
f 1787//1159 1780//1159 1779//1159
f 1789//1160 1729//1160 1761//1160
f 1789//1161 1725//1161 1729//1161
f 1786//1162 1725//1162 1789//1162
f 1790//1163 1761//1163 1763//1163
f 1790//1164 1789//1164 1761//1164
f 1791//1165 1647//1165 1648//1165
f 1793//1166 1646//1166 1651//1166
f 1794//1167 1733//1167 1576//1167
f 1792//1168 1797//1168 1796//1168
f 1793//1169 1797//1169 1650//1169
f 1745//1170 1733//1170 1794//1170
f 1797//1171 1802//1171 1801//1171
f 1804//1172 1756//1172 1746//1172
f 1805//1173 1758//1173 1757//1173
f 1807//1174 1667//1174 1806//1174
f 1674//1175 1667//1175 1807//1175
f 1675//1176 1674//1176 1807//1176
f 1810//1177 1809//1177 1811//1177
f 1807//1178 1811//1178 1808//1178
f 1799//1179 1793//1179 1808//1179
f 1812//1180 1758//1180 1803//1180
f 1812//1181 1803//1181 1811//1181
f 19//1182 12//1182 14//1182 20//1182
f 7//1183 14//1183 12//1183
f 13//1184 7//1184 12//1184
f 13//1185 8//1185 7//1185
f 9//1186 15//1186 7//1186
f 16//1187 15//1187 9//1187
f 17//1188 16//1188 9//1188
f 17//1189 9//1189 11//1189
f 18//1190 17//1190 11//1190
f 26//1191 27//1191 4//1191 3//1191
f 15//1192 21//1192 14//1192
f 15//1193 22//1193 21//1193
f 16//1194 22//1194 15//1194
f 17//1195 23//1195 16//1195
f 62//1196 17//1196 18//1196
f 3//1197 5//1197 24//1197
f 26//1198 24//1198 25//1198
f 26//1199 3//1199 24//1199
f 28//1200 34//1200 25//1200 24//1200
f 25//1201 32//1201 30//1201
f 31//1202 25//1202 30//1202
f 31//1203 26//1203 25//1203
f 31//1204 27//1204 26//1204
f 34//1205 39//1205 32//1205
f 25//1206 34//1206 32//1206
f 29//1207 33//1207 34//1207 28//1207
f 34//1208 33//1208 39//1208
f 35//1209 36//1209 31//1209 30//1209
f 35//1210 46//1210 41//1210 36//1210
f 32//1211 38//1211 30//1211
f 39//1212 37//1212 32//1212
f 40//1213 39//1213 33//1213
f 43//1214 42//1214 37//1214 44//1214
f 48//1215 56//1215 54//1215 51//1215
f 44//1216 39//1216 40//1216
f 45//1217 44//1217 40//1217
f 52//1218 41//1218 46//1218
f 46//1219 38//1219 42//1219
f 42//1220 43//1220 48//1220
f 50//1221 43//1221 44//1221
f 45//1222 50//1222 44//1222
f 51//1223 42//1223 48//1223
f 51//1224 46//1224 42//1224
f 52//1225 51//1225 55//1225
f 47//1226 52//1226 53//1226
f 49//1227 50//1227 57//1227 56//1227
f 59//1228 21//1228 22//1228 60//1228
f 58//1229 57//1229 50//1229
f 5//1230 19//1230 29//1230 28//1230
f 23//1231 60//1231 22//1231
f 61//1232 60//1232 23//1232
f 63//1233 23//1233 62//1233
f 268//1234 64//1234 62//1234
f 66//1235 19//1235 20//1235 69//1235
f 66//1236 65//1236 19//1236
f 70//1237 59//1237 67//1237 72//1237
f 59//1238 69//1238 20//1238
f 65//1239 75//1239 33//1239
f 65//1240 33//1240 29//1240
f 66//1241 75//1241 65//1241
f 59//1242 70//1242 69//1242
f 66//1243 69//1243 76//1243 75//1243
f 73//1244 72//1244 67//1244
f 68//1245 73//1245 61//1245
f 74//1246 73//1246 68//1246
f 63//1247 74//1247 68//1247
f 75//1248 40//1248 33//1248
f 77//1249 72//1249 73//1249 78//1249
f 78//1250 73//1250 74//1250 79//1250
f 40//1251 75//1251 80//1251 45//1251
f 81//1252 75//1252 76//1252 82//1252
f 75//1253 81//1253 80//1253
f 71//1254 77//1254 78//1254 84//1254
f 76//1255 83//1255 82//1255
f 84//1256 78//1256 79//1256 85//1256
f 86//1257 80//1257 81//1257 87//1257
f 92//1258 90//1258 94//1258 186//1258
f 81//1259 82//1259 87//1259
f 83//1260 88//1260 82//1260
f 83//1261 89//1261 88//1261
f 89//1262 92//1262 88//1262
f 90//1263 84//1263 85//1263
f 86//1264 93//1264 58//1264
f 91//1265 93//1265 87//1265
f 88//1266 186//1266 91//1266
f 95//1267 90//1267 85//1267 96//1267
f 95//1268 94//1268 90//1268
f 105//1269 108//1269 107//1269 104//1269
f 100//1270 97//1270 98//1270
f 101//1271 99//1271 100//1271
f 102//1272 101//1272 100//1272
f 64//1273 106//1273 63//1273
f 107//1274 108//1274 97//1274 99//1274
f 108//1275 98//1275 97//1275
f 99//1276 118//1276 107//1276
f 99//1277 101//1277 110//1277 109//1277
f 99//1278 109//1278 118//1278
f 112//1279 122//1279 121//1279 111//1279
f 111//1280 110//1280 101//1280
f 114//1281 103//1281 113//1281
f 104//1282 116//1282 74//1282
f 104//1283 107//1283 116//1283
f 117//1284 118//1284 109//1284
f 110//1285 119//1285 117//1285
f 110//1286 117//1286 109//1286
f 111//1287 119//1287 110//1287
f 120//1288 119//1288 111//1288
f 120//1289 121//1289 127//1289 126//1289
f 114//1290 122//1290 112//1290
f 116//1291 115//1291 79//1291
f 116//1292 79//1292 74//1292
f 123//1293 118//1293 117//1293
f 120//1294 125//1294 119//1294
f 120//1295 126//1295 125//1295
f 79//1296 115//1296 128//1296 85//1296
f 128//1297 115//1297 123//1297
f 123//1298 117//1298 130//1298 129//1298
f 129//1299 128//1299 123//1299
f 125//1300 133//1300 137//1300 136//1300
f 124//1301 131//1301 130//1301
f 124//1302 130//1302 117//1302
f 124//1303 132//1303 131//1303
f 119//1304 132//1304 124//1304
f 126//1305 133//1305 125//1305
f 134//1306 129//1306 135//1306 96//1306
f 134//1307 96//1307 85//1307
f 142//1308 130//1308 131//1308 138//1308
f 131//1309 132//1309 139//1309 138//1309
f 136//1310 137//1310 141//1310 140//1310
f 136//1311 140//1311 139//1311
f 56//1312 149//1312 147//1312 54//1312
f 139//1313 144//1313 138//1313
f 139//1314 145//1314 144//1314
f 147//1315 55//1315 54//1315
f 148//1316 53//1316 55//1316
f 148//1317 146//1317 53//1317
f 152//1318 151//1318 147//1318 149//1318
f 57//1319 149//1319 56//1319
f 153//1320 149//1320 57//1320 154//1320
f 153//1321 152//1321 149//1321
f 161//1322 166//1322 165//1322 160//1322
f 155//1323 154//1323 150//1323
f 156//1324 146//1324 148//1324
f 154//1325 161//1325 153//1325
f 161//1326 152//1326 153//1326
f 154//1327 158//1327 161//1327
f 148//1328 151//1328 159//1328
f 159//1329 151//1329 160//1329
f 156//1330 159//1330 163//1330
f 165//1331 159//1331 160//1331
f 163//1332 169//1332 170//1332 156//1332
f 161//1333 167//1333 166//1333
f 171//1334 176//1334 174//1334 169//1334
f 164//1335 156//1335 170//1335
f 169//1336 163//1336 165//1336
f 172//1337 165//1337 166//1337
f 165//1338 172//1338 171//1338
f 167//1339 172//1339 166//1339
f 167//1340 162//1340 173//1340
f 170//1341 169//1341 174//1341
f 175//1342 164//1342 170//1342
f 171//1343 172//1343 177//1343 176//1343
f 177//1344 178//1344 183//1344 182//1344
f 178//1345 167//1345 173//1345
f 167//1346 178//1346 177//1346
f 173//1347 179//1347 178//1347
f 170//1348 174//1348 180//1348
f 177//1349 181//1349 176//1349
f 182//1350 181//1350 177//1350
f 150//1351 58//1351 93//1351 184//1351
f 93//1352 91//1352 185//1352 184//1352
f 189//1353 185//1353 186//1353 195//1353
f 186//1354 185//1354 91//1354
f 188//1355 187//1355 95//1355
f 184//1356 189//1356 155//1356
f 191//1357 155//1357 189//1357 192//1357
f 186//1358 190//1358 195//1358
f 94//1359 190//1359 186//1359
f 191//1360 158//1360 155//1360
f 195//1361 190//1361 187//1361 196//1361
f 189//1362 193//1362 192//1362
f 189//1363 194//1363 193//1363
f 195//1364 194//1364 189//1364
f 187//1365 188//1365 197//1365 196//1365
f 168//1366 158//1366 191//1366 200//1366
f 196//1367 199//1367 195//1367
f 192//1368 193//1368 201//1368 200//1368
f 196//1369 197//1369 203//1369 202//1369
f 198//1370 201//1370 193//1370
f 194//1371 199//1371 198//1371
f 196//1372 202//1372 199//1372
f 168//1373 200//1373 204//1373 173//1373
f 201//1374 198//1374 206//1374 205//1374
f 200//1375 205//1375 204//1375
f 198//1376 199//1376 209//1376 206//1376
f 204//1377 205//1377 207//1377 179//1377
f 208//1378 205//1378 206//1378 210//1378
f 205//1379 208//1379 207//1379
f 209//1380 202//1380 212//1380 211//1380
f 211//1381 210//1381 209//1381
f 218//1382 238//1382 221//1382 220//1382
f 179//1383 213//1383 183//1383
f 207//1384 213//1384 179//1384
f 210//1385 214//1385 208//1385
f 210//1386 215//1386 214//1386
f 216//1387 963//1387 212//1387
f 218//1388 220//1388 217//1388
f 229//1389 223//1389 224//1389 227//1389
f 223//1390 222//1390 219//1390
f 220//1391 223//1391 217//1391
f 222//1392 226//1392 225//1392
f 226//1393 222//1393 223//1393
f 229//1394 226//1394 223//1394
f 145//1395 140//1395 232//1395 144//1395
f 224//1396 228//1396 227//1396
f 228//1397 230//1397 227//1397
f 143//1398 188//1398 142//1398
f 144//1399 231//1399 138//1399
f 232//1400 140//1400 141//1400 233//1400
f 232//1401 233//1401 238//1401 237//1401
f 188//1402 235//1402 234//1402
f 231//1403 235//1403 143//1403
f 144//1404 236//1404 231//1404
f 237//1405 217//1405 236//1405
f 237//1406 236//1406 144//1406
f 235//1407 231//1407 240//1407 242//1407
f 235//1408 242//1408 239//1408
f 243//1409 241//1409 242//1409 222//1409
f 236//1410 240//1410 231//1410
f 238//1411 218//1411 237//1411
f 234//1412 241//1412 197//1412
f 242//1413 241//1413 239//1413
f 219//1414 242//1414 240//1414
f 219//1415 236//1415 217//1415
f 241//1416 203//1416 197//1416
f 243//1417 244//1417 245//1417 241//1417
f 203//1418 245//1418 244//1418 212//1418
f 222//1419 244//1419 243//1419
f 244//1420 222//1420 225//1420 246//1420
f 212//1421 244//1421 247//1421 216//1421
f 4//1422 250//1422 248//1422 2//1422
f 246//1423 225//1423 247//1423
f 246//1424 247//1424 244//1424
f 6//1425 252//1425 254//1425 8//1425
f 254//1426 255//1426 10//1426 8//1426
f 254//1427 252//1427 253//1427
f 248//1428 252//1428 6//1428 2//1428
f 256//1429 255//1429 254//1429
f 255//1430 11//1430 10//1430
f 259//1431 260//1431 256//1431 258//1431
f 252//1432 248//1432 249//1432
f 253//1433 249//1433 257//1433
f 258//1434 254//1434 253//1434
f 258//1435 253//1435 257//1435
f 256//1436 254//1436 258//1436
f 264//1437 266//1437 265//1437 260//1437
f 255//1438 262//1438 261//1438
f 263//1439 262//1439 256//1439
f 263//1440 256//1440 260//1440
f 265//1441 262//1441 263//1441
f 261//1442 268//1442 18//1442 11//1442
f 262//1443 269//1443 268//1443 261//1443
f 265//1444 271//1444 270//1444 262//1444
f 270//1445 269//1445 262//1445
f 266//1446 272//1446 271//1446 265//1446
f 271//1447 275//1447 274//1447 270//1447
f 273//1448 266//1448 267//1448
f 274//1449 269//1449 270//1449
f 271//1450 272//1450 283//1450 275//1450
f 347//1451 279//1451 278//1451 259//1451
f 257//1452 249//1452 251//1452
f 259//1453 257//1453 347//1453
f 278//1454 260//1454 259//1454
f 280//1455 281//1455 282//1455 264//1455
f 264//1456 279//1456 280//1456
f 273//1457 267//1457 285//1457 277//1457
f 266//1458 264//1458 282//1458
f 267//1459 266//1459 282//1459
f 268//1460 62//1460 18//1460
f 275//1461 284//1461 274//1461
f 272//1462 276//1462 283//1462
f 275//1463 283//1463 296//1463 295//1463
f 282//1464 281//1464 286//1464
f 267//1465 282//1465 286//1465
f 287//1466 267//1466 286//1466
f 285//1467 267//1467 288//1467
f 290//1468 285//1468 288//1468
f 294//1469 269//1469 274//1469
f 296//1470 276//1470 299//1470 298//1470
f 297//1471 295//1471 296//1471
f 298//1472 297//1472 296//1472
f 299//1473 302//1473 301//1473 298//1473
f 299//1474 276//1474 277//1474
f 300//1475 301//1475 304//1475 303//1475
f 302//1476 305//1476 304//1476 301//1476
f 304//1477 305//1477 291//1477 306//1477
f 306//1478 303//1478 304//1478
f 306//1479 307//1479 303//1479
f 299//1480 310//1480 311//1480 302//1480
f 292//1481 291//1481 305//1481
f 309//1482 310//1482 285//1482
f 299//1483 277//1483 310//1483
f 302//1484 311//1484 313//1484 305//1484
f 313//1485 315//1485 316//1485 292//1485
f 312//1486 313//1486 311//1486
f 315//1487 312//1487 314//1487
f 292//1488 305//1488 313//1488
f 27//1489 322//1489 320//1489 250//1489
f 317//1490 316//1490 315//1490
f 317//1491 315//1491 314//1491
f 320//1492 249//1492 250//1492
f 251//1493 249//1493 320//1493
f 250//1494 4//1494 27//1494
f 27//1495 321//1495 322//1495
f 329//1496 321//1496 31//1496 36//1496
f 251//1497 320//1497 324//1497
f 325//1498 322//1498 321//1498 329//1498
f 323//1499 326//1499 328//1499 324//1499
f 330//1500 327//1500 326//1500 325//1500
f 328//1501 326//1501 327//1501
f 326//1502 322//1502 325//1502
f 331//1503 332//1503 327//1503 330//1503
f 41//1504 333//1504 329//1504 36//1504
f 332//1505 328//1505 327//1505
f 338//1506 331//1506 330//1506 335//1506
f 334//1507 325//1507 329//1507
f 330//1508 325//1508 334//1508
f 53//1509 345//1509 340//1509 47//1509
f 336//1510 332//1510 331//1510
f 333//1511 41//1511 47//1511
f 337//1512 334//1512 333//1512
f 335//1513 334//1513 337//1513
f 336//1514 338//1514 342//1514
f 340//1515 333//1515 47//1515
f 340//1516 337//1516 333//1516
f 341//1517 338//1517 335//1517
f 343//1518 336//1518 342//1518
f 343//1519 339//1519 336//1519
f 345//1520 346//1520 337//1520 340//1520
f 349//1521 280//1521 279//1521 348//1521
f 341//1522 337//1522 346//1522
f 453//1523 344//1523 343//1523
f 347//1524 257//1524 251//1524
f 332//1525 350//1525 324//1525 328//1525
f 281//1526 349//1526 352//1526
f 350//1527 347//1527 251//1527
f 348//1528 350//1528 351//1528
f 355//1529 356//1529 353//1529 350//1529
f 352//1530 351//1530 353//1530
f 355//1531 350//1531 332//1531
f 356//1532 358//1532 359//1532 357//1532
f 362//1533 363//1533 361//1533 344//1533
f 354//1534 357//1534 359//1534
f 344//1535 360//1535 339//1535
f 361//1536 360//1536 344//1536
f 364//1537 286//1537 281//1537 352//1537
f 367//1538 374//1538 372//1538 289//1538
f 286//1539 364//1539 365//1539
f 287//1540 286//1540 366//1540
f 287//1541 366//1541 367//1541
f 289//1542 287//1542 367//1542
f 368//1543 290//1543 289//1543
f 366//1544 286//1544 365//1544
f 289//1545 372//1545 373//1545 368//1545
f 359//1546 383//1546 375//1546 354//1546
f 370//1547 365//1547 369//1547
f 371//1548 366//1548 370//1548
f 374//1549 370//1549 378//1549
f 377//1550 370//1550 376//1550
f 378//1551 370//1551 377//1551
f 379//1552 374//1552 378//1552
f 380//1553 372//1553 374//1553
f 377//1554 384//1554 385//1554 378//1554
f 376//1555 375//1555 383//1555
f 377//1556 376//1556 384//1556
f 361//1557 387//1557 383//1557 359//1557
f 386//1558 380//1558 379//1558
f 382//1559 380//1559 386//1559
f 384//1560 388//1560 389//1560 385//1560
f 387//1561 388//1561 383//1561
f 388//1562 384//1562 383//1562
f 385//1563 389//1563 390//1563 379//1563
f 379//1564 390//1564 391//1564 386//1564
f 391//1565 392//1565 382//1565 386//1565
f 394//1566 395//1566 392//1566 391//1566
f 389//1567 388//1567 393//1567
f 397//1568 398//1568 389//1568 393//1568
f 363//1569 387//1569 361//1569
f 398//1570 399//1570 390//1570 389//1570
f 400//1571 401//1571 395//1571 394//1571
f 399//1572 394//1572 390//1572
f 402//1573 274//1573 284//1573 295//1573
f 294//1574 402//1574 404//1574 403//1574
f 402//1575 295//1575 405//1575 404//1575
f 403//1576 404//1576 407//1576 406//1576
f 408//1577 298//1577 300//1577 410//1577
f 406//1578 100//1578 98//1578
f 406//1579 409//1579 411//1579 102//1579
f 301//1580 300//1580 298//1580
f 102//1581 100//1581 406//1581
f 410//1582 412//1582 411//1582 409//1582
f 411//1583 412//1583 414//1583 413//1583
f 420//1584 314//1584 312//1584 419//1584
f 303//1585 414//1585 412//1585
f 415//1586 413//1586 414//1586
f 415//1587 414//1587 307//1587
f 416//1588 415//1588 307//1588
f 407//1589 404//1589 405//1589
f 408//1590 409//1590 405//1590
f 415//1591 113//1591 413//1591
f 417//1592 114//1592 113//1592
f 417//1593 113//1593 415//1593
f 368//1594 309//1594 290//1594
f 309//1595 418//1595 310//1595
f 368//1596 418//1596 309//1596
f 419//1597 310//1597 418//1597
f 311//1598 310//1598 419//1598
f 425//1599 418//1599 368//1599 424//1599
f 422//1600 314//1600 421//1600
f 319//1601 317//1601 422//1601
f 423//1602 319//1602 422//1602
f 427//1603 428//1603 422//1603 421//1603
f 425//1604 419//1604 418//1604
f 420//1605 419//1605 425//1605
f 420//1606 425//1606 426//1606
f 421//1607 420//1607 426//1607
f 395//1608 401//1608 444//1608 442//1608
f 429//1609 422//1609 428//1609
f 432//1610 426//1610 435//1610
f 432//1611 421//1611 426//1611
f 427//1612 421//1612 432//1612
f 433//1613 429//1613 428//1613
f 381//1614 430//1614 372//1614
f 436//1615 432//1615 435//1615
f 436//1616 435//1616 440//1616
f 428//1617 436//1617 437//1617
f 440//1618 435//1618 434//1618
f 441//1619 436//1619 440//1619
f 442//1620 434//1620 439//1620
f 442//1621 440//1621 434//1621
f 395//1622 439//1622 392//1622
f 443//1623 441//1623 442//1623
f 448//1624 446//1624 445//1624 441//1624
f 438//1625 428//1625 437//1625
f 445//1626 437//1626 441//1626
f 445//1627 438//1627 437//1627
f 146//1628 449//1628 345//1628 53//1628
f 449//1629 450//1629 346//1629 345//1629
f 346//1630 450//1630 451//1630 341//1630
f 449//1631 454//1631 455//1631 450//1631
f 453//1632 343//1632 452//1632
f 454//1633 449//1633 146//1633
f 461//1634 456//1634 453//1634 452//1634
f 157//1635 457//1635 454//1635 146//1635
f 455//1636 459//1636 460//1636 451//1636
f 457//1637 471//1637 472//1637 468//1637
f 460//1638 459//1638 464//1638
f 462//1639 461//1639 466//1639
f 463//1640 462//1640 467//1640
f 464//1641 458//1641 468//1641
f 473//1642 460//1642 464//1642
f 469//1643 467//1643 466//1643
f 471//1644 457//1644 164//1644
f 474//1645 477//1645 478//1645 475//1645
f 473//1646 464//1646 472//1646
f 474//1647 465//1647 460//1647
f 475//1648 469//1648 465//1648
f 471//1649 164//1649 175//1649
f 476//1650 473//1650 472//1650
f 477//1651 474//1651 473//1651
f 479//1652 480//1652 470//1652 469//1652
f 456//1653 463//1653 362//1653 453//1653
f 1043//1654 477//1654 476//1654
f 482//1655 478//1655 477//1655
f 488//1656 489//1656 487//1656 486//1656
f 484//1657 362//1657 463//1657
f 484//1658 463//1658 485//1658
f 486//1659 485//1659 463//1659
f 480//1660 488//1660 470//1660
f 496//1661 497//1661 400//1661 399//1661
f 490//1662 489//1662 488//1662
f 492//1663 488//1663 480//1663
f 491//1664 489//1664 490//1664
f 484//1665 494//1665 396//1665
f 495//1666 398//1666 397//1666
f 495//1667 501//1667 496//1667 399//1667
f 499//1668 494//1668 484//1668
f 500//1669 397//1669 494//1669
f 496//1670 506//1670 502//1670 497//1670
f 499//1671 508//1671 511//1671 504//1671
f 498//1672 497//1672 502//1672
f 502//1673 509//1673 510//1673 503//1673
f 505//1674 504//1674 511//1674
f 507//1675 506//1675 505//1675
f 509//1676 502//1676 507//1676
f 487//1677 511//1677 508//1677 485//1677
f 512//1678 513//1678 507//1678 505//1678
f 512//1679 505//1679 511//1679
f 524//1680 525//1680 522//1680 523//1680
f 489//1681 511//1681 487//1681
f 512//1682 511//1682 515//1682
f 491//1683 515//1683 489//1683
f 519//1684 516//1684 515//1684
f 517//1685 516//1685 520//1685
f 519//1686 515//1686 493//1686
f 520//1687 516//1687 519//1687
f 521//1688 517//1688 520//1688
f 444//1689 401//1689 498//1689
f 522//1690 443//1690 444//1690
f 523//1691 444//1691 498//1691
f 522//1692 444//1692 523//1692
f 510//1693 524//1693 503//1693
f 514//1694 518//1694 540//1694 534//1694
f 525//1695 524//1695 526//1695
f 514//1696 527//1696 510//1696
f 527//1697 524//1697 510//1697
f 514//1698 530//1698 527//1698
f 530//1699 526//1699 527//1699
f 528//1700 526//1700 531//1700
f 529//1701 528//1701 531//1701
f 537//1702 542//1702 532//1702 529//1702
f 535//1703 531//1703 530//1703
f 443//1704 522//1704 543//1704 448//1704
f 539//1705 533//1705 521//1705
f 533//1706 517//1706 521//1706
f 540//1707 518//1707 533//1707
f 535//1708 530//1708 534//1708
f 541//1709 536//1709 535//1709
f 537//1710 536//1710 541//1710
f 545//1711 546//1711 447//1711 446//1711
f 544//1712 446//1712 448//1712
f 543//1713 525//1713 547//1713 544//1713
f 543//1714 522//1714 525//1714
f 529//1715 532//1715 550//1715 549//1715
f 548//1716 545//1716 547//1716
f 545//1717 544//1717 547//1717
f 528//1718 547//1718 525//1718
f 548//1719 547//1719 549//1719
f 550//1720 548//1720 549//1720
f 549//1721 528//1721 529//1721
f 628//1722 555//1722 556//1722 560//1722
f 552//1723 556//1723 555//1723
f 555//1724 557//1724 551//1724
f 553//1725 558//1725 556//1725
f 566//1726 567//1726 569//1726 568//1726
f 564//1727 563//1727 561//1727
f 567//1728 566//1728 564//1728
f 573//1729 571//1729 562//1729 561//1729
f 573//1730 572//1730 570//1730
f 121//1731 122//1731 580//1731 579//1731
f 576//1732 575//1732 574//1732
f 565//1733 576//1733 563//1733
f 578//1734 575//1734 577//1734
f 579//1735 580//1735 570//1735 572//1735
f 580//1736 122//1736 114//1736
f 720//1737 580//1737 114//1737
f 570//1738 720//1738 571//1738 573//1738
f 570//1739 580//1739 720//1739
f 588//1740 574//1740 575//1740 589//1740
f 572//1741 582//1741 581//1741
f 574//1742 588//1742 582//1742
f 575//1743 578//1743 583//1743 589//1743
f 126//1744 127//1744 585//1744 584//1744
f 581//1745 584//1745 585//1745 579//1745
f 121//1746 579//1746 585//1746 127//1746
f 588//1747 589//1747 552//1747 551//1747
f 588//1748 587//1748 582//1748
f 584//1749 590//1749 133//1749
f 584//1750 133//1750 126//1750
f 586//1751 590//1751 581//1751
f 591//1752 582//1752 587//1752
f 551//1753 591//1753 587//1753
f 552//1754 589//1754 583//1754 553//1754
f 586//1755 592//1755 137//1755 590//1755
f 592//1756 554//1756 559//1756 593//1756
f 592//1757 586//1757 591//1757
f 554//1758 592//1758 591//1758
f 551//1759 554//1759 591//1759
f 592//1760 141//1760 137//1760
f 600//1761 605//1761 604//1761 599//1761
f 594//1762 595//1762 558//1762
f 597//1763 565//1763 568//1763
f 599//1764 568//1764 598//1764
f 597//1765 601//1765 578//1765
f 602//1766 601//1766 597//1766
f 599//1767 603//1767 597//1767
f 604//1768 603//1768 599//1768
f 610//1769 605//1769 615//1769 614//1769
f 601//1770 607//1770 583//1770
f 608//1771 607//1771 601//1771
f 602//1772 608//1772 601//1772
f 603//1773 608//1773 602//1773
f 604//1774 609//1774 603//1774
f 610//1775 609//1775 604//1775
f 605//1776 610//1776 604//1776
f 607//1777 611//1777 553//1777
f 612//1778 611//1778 608//1778
f 609//1779 612//1779 608//1779
f 613//1780 612//1780 609//1780
f 610//1781 614//1781 609//1781
f 559//1782 557//1782 627//1782 626//1782
f 611//1783 616//1783 594//1783
f 617//1784 616//1784 612//1784
f 618//1785 617//1785 613//1785
f 614//1786 618//1786 613//1786
f 621//1787 620//1787 618//1787
f 619//1788 621//1788 614//1788
f 622//1789 621//1789 619//1789
f 623//1790 622//1790 619//1790
f 616//1791 624//1791 595//1791
f 620//1792 624//1792 617//1792
f 621//1793 625//1793 620//1793
f 628//1794 560//1794 633//1794 632//1794
f 628//1795 627//1795 557//1795
f 627//1796 631//1796 626//1796
f 641//1797 632//1797 633//1797 636//1797
f 631//1798 634//1798 630//1798
f 641//1799 635//1799 632//1799
f 636//1800 637//1800 644//1800 643//1800
f 633//1801 637//1801 636//1801
f 630//1802 639//1802 221//1802
f 634//1803 640//1803 639//1803
f 638//1804 224//1804 221//1804
f 642//1805 638//1805 639//1805
f 641//1806 643//1806 640//1806
f 646//1807 640//1807 643//1807 647//1807
f 645//1808 642//1808 650//1808 649//1808
f 643//1809 648//1809 647//1809
f 649//1810 228//1810 645//1810
f 652//1811 646//1811 647//1811 653//1811
f 642//1812 651//1812 650//1812
f 649//1813 230//1813 228//1813
f 653//1814 647//1814 648//1814 654//1814
f 630//1815 233//1815 593//1815 631//1815
f 141//1816 593//1816 233//1816
f 658//1817 637//1817 656//1817 659//1817
f 238//1818 233//1818 630//1818
f 595//1819 655//1819 596//1819
f 629//1820 656//1820 633//1820
f 648//1821 644//1821 658//1821 662//1821
f 657//1822 659//1822 656//1822
f 659//1823 660//1823 658//1823
f 655//1824 595//1824 624//1824 670//1824
f 662//1825 664//1825 648//1825
f 666//1826 664//1826 662//1826
f 664//1827 654//1827 648//1827
f 663//1828 668//1828 666//1828
f 665//1829 668//1829 663//1829
f 625//1830 622//1830 673//1830 676//1830
f 671//1831 670//1831 624//1831
f 672//1832 671//1832 620//1832
f 625//1833 672//1833 620//1833
f 673//1834 622//1834 623//1834 674//1834
f 672//1835 625//1835 676//1835 675//1835
f 675//1836 680//1836 672//1836
f 655//1837 670//1837 678//1837 657//1837
f 674//1838 677//1838 673//1838
f 679//1839 670//1839 671//1839 680//1839
f 670//1840 679//1840 678//1840
f 694//1841 693//1841 686//1841 695//1841
f 682//1842 675//1842 681//1842
f 683//1843 681//1843 676//1843
f 677//1844 683//1844 673//1844
f 678//1845 659//1845 657//1845
f 680//1846 685//1846 684//1846
f 690//1847 660//1847 659//1847
f 684//1848 691//1848 690//1848
f 690//1849 663//1849 661//1849
f 691//1850 693//1850 663//1850
f 686//1851 693//1851 685//1851
f 693//1852 694//1852 665//1852
f 688//1853 689//1853 697//1853 696//1853
f 688//1854 687//1854 689//1854
f 291//1855 293//1855 703//1855 306//1855
f 696//1856 698//1856 688//1856
f 699//1857 696//1857 697//1857
f 700//1858 695//1858 692//1858
f 698//1859 700//1859 692//1859
f 416//1860 307//1860 308//1860
f 417//1861 415//1861 712//1861 720//1861
f 704//1862 416//1862 308//1862
f 703//1863 704//1863 308//1863
f 705//1864 706//1864 703//1864
f 708//1865 705//1865 707//1865
f 709//1866 316//1866 318//1866
f 705//1867 293//1867 709//1867
f 707//1868 705//1868 709//1868
f 710//1869 711//1869 709//1869
f 416//1870 712//1870 415//1870
f 704//1871 721//1871 416//1871
f 713//1872 721//1872 704//1872
f 713//1873 704//1873 706//1873
f 707//1874 714//1874 708//1874
f 716//1875 713//1875 706//1875
f 717//1876 706//1876 708//1876
f 714//446 717//446 708//446
f 567//1877 564//1877 715//1877
f 719//1878 567//1878 715//1878
f 719//1879 569//1879 567//1879
f 721//1880 723//1880 722//1880 720//1880
f 722//1881 723//1881 724//1881 562//1881
f 562//1882 571//1882 722//1882
f 721//1883 713//1883 724//1883 723//1883
f 724//1884 713//1884 725//1884 715//1884
f 715//1885 562//1885 724//1885
f 730//1886 732//1886 734//1886 731//1886
f 716//1887 726//1887 713//1887
f 727//1888 726//1888 716//1888
f 729//1889 728//1889 717//1889
f 730//1890 719//1890 725//1890
f 728//1891 732//1891 716//1891
f 730//1892 727//1892 732//1892
f 733//1893 728//1893 729//1893
f 732//1894 728//1894 735//1894 734//1894
f 718//1895 740//1895 744//1895 729//1895
f 735//1896 728//1896 733//1896
f 733//1897 736//1897 735//1897
f 710//1898 318//1898 319//1898
f 737//1899 710//1899 319//1899
f 738//1900 711//1900 710//1900
f 739//1901 711//1901 738//1901
f 739//1902 740//1902 711//1902
f 738//1903 742//1903 739//1903
f 741//1904 742//1904 737//1904
f 739//1905 747//1905 740//1905
f 739//1906 743//1906 747//1906
f 433//1907 745//1907 741//1907 429//1907
f 744//1908 751//1908 733//1908 729//1908
f 741//1909 746//1909 742//1909
f 744//1910 740//1910 747//1910
f 748//1911 744//1911 747//1911
f 759//1912 756//1912 755//1912 758//1912
f 745//1913 433//1913 438//1913
f 746//1914 741//1914 749//1914
f 755//1915 750//1915 746//1915
f 753//1916 745//1916 438//1916
f 749//1917 745//1917 753//1917
f 755//1918 746//1918 754//1918
f 748//1919 756//1919 760//1919
f 748//1920 750//1920 756//1920
f 752//1921 748//1921 760//1921
f 768//1922 769//1922 770//1922 761//1922
f 765//1923 759//1923 758//1923
f 766//1924 762//1924 759//1924
f 760//1925 762//1925 763//1925
f 760//1926 756//1926 762//1926
f 764//1927 758//1927 761//1927
f 765//1928 758//1928 764//1928
f 766//1929 759//1929 765//1929
f 753//1930 438//1930 768//1930
f 768//1931 445//1931 447//1931
f 734//1932 735//1932 777//1932 776//1932
f 771//1933 719//1933 731//1933
f 772//1934 569//1934 771//1934
f 772//1935 600//1935 598//1935
f 773//1936 731//1936 734//1936
f 774//1937 771//1937 731//1937
f 773//1938 774//1938 731//1938
f 774//1939 775//1939 771//1939
f 775//1940 606//1940 772//1940
f 778//1941 781//1941 780//1941 736//1941
f 736//1942 777//1942 735//1942
f 773//1943 776//1943 774//1943
f 774//1944 779//1944 775//1944
f 776//1945 777//1945 782//1945 779//1945
f 781//1946 783//1946 782//1946 780//1946
f 782//1947 777//1947 780//1947
f 792//1948 785//1948 786//1948 787//1948
f 775//1949 785//1949 784//1949
f 786//1950 785//1950 779//1950
f 786//1951 779//1951 782//1951
f 788//1952 787//1952 782//1952
f 606//1953 789//1953 615//1953
f 784//1954 785//1954 789//1954
f 791//1955 797//1955 796//1955 790//1955
f 785//1956 793//1956 789//1956
f 785//1957 792//1957 793//1957
f 794//1958 792//1958 787//1958
f 795//1959 787//1959 790//1959
f 798//1960 789//1960 793//1960 799//1960
f 789//1961 623//1961 619//1961
f 798//1962 623//1962 789//1962
f 793//1963 792//1963 794//1963 800//1963
f 797//1964 804//1964 803//1964 796//1964
f 801//1965 800//1965 794//1965
f 802//1966 801//1966 795//1966
f 798//1967 799//1967 806//1967 805//1967
f 798//1968 805//1968 623//1968
f 801//1969 802//1969 808//1969 807//1969
f 800//1970 806//1970 799//1970
f 801//1971 807//1971 800//1971
f 733//1972 751//1972 757//1972 778//1972
f 803//1973 808//1973 802//1973
f 757//1974 752//1974 810//1974 809//1974
f 757//1975 809//1975 778//1975
f 781//1976 811//1976 812//1976 783//1976
f 811//1977 809//1977 810//1977
f 815//1978 820//1978 812//1978 811//1978
f 814//1979 791//1979 788//1979
f 810//1980 752//1980 760//1980
f 815//1981 810//1981 760//1981
f 811//1982 810//1982 815//1982
f 812//1983 820//1983 816//1983 813//1983
f 763//1984 762//1984 819//1984 815//1984
f 818//1985 814//1985 813//1985
f 817//1986 818//1986 813//1986
f 818//1987 797//1987 814//1987
f 815//1988 760//1988 763//1988
f 815//1989 819//1989 821//1989 820//1989
f 797//1990 818//1990 826//1990 825//1990
f 822//1991 817//1991 816//1991
f 817//1992 823//1992 818//1992
f 822//1993 823//1993 817//1993
f 825//1994 804//1994 797//1994
f 835//1995 838//1995 765//1995 764//1995
f 819//1996 762//1996 767//1996
f 827//1997 819//1997 767//1997
f 816//1998 820//1998 828//1998
f 822//1999 816//1999 828//1999
f 829//2000 823//2000 822//2000
f 824//2001 831//2001 830//2001
f 826//2002 832//2002 825//2002
f 826//2003 830//2003 832//2003
f 826//2004 824//2004 830//2004
f 833//2005 804//2005 825//2005
f 834//2006 767//2006 766//2006
f 765//2007 838//2007 836//2007
f 836//2008 841//2008 839//2008 834//2008
f 838//2009 835//2009 837//2009
f 836//2010 838//2010 841//2010
f 844//2011 848//2011 849//2011 842//2011
f 837//2012 841//2012 838//2012
f 842//2013 839//2013 841//2013
f 843//2014 837//2014 840//2014
f 846//2015 840//2015 862//2015
f 850//2016 856//2016 857//2016 848//2016
f 852//2017 862//2017 845//2017
f 851//2018 849//2018 848//2018
f 854//2019 852//2019 853//2019
f 854//2020 846//2020 852//2020
f 855//2021 847//2021 846//2021
f 769//2022 859//2022 860//2022 770//2022
f 857//2023 851//2023 848//2023
f 769//2024 447//2024 546//2024
f 859//2025 769//2025 546//2025
f 770//2026 860//2026 835//2026 764//2026
f 861//2027 840//2027 860//2027 859//2027
f 861//2028 859//2028 548//2028
f 550//2029 862//2029 861//2029 548//2029
f 840//2030 835//2030 860//2030
f 866//2031 863//2031 864//2031 867//2031
f 845//2032 862//2032 532//2032
f 863//2033 674//2033 623//2033
f 806//2034 864//2034 805//2034
f 865//2035 864//2035 807//2035
f 808//2036 865//2036 807//2036
f 866//2037 677//2037 863//2037
f 834//2038 872//2038 827//2038 767//2038
f 864//2039 868//2039 867//2039
f 865//2040 868//2040 864//2040
f 868//2041 870//2041 867//2041
f 871//2042 870//2042 868//2042
f 870//2043 871//2043 869//2043
f 872//2044 873//2044 821//2044 827//2044
f 821//2045 873//2045 874//2045 828//2045
f 879//2046 881//2046 874//2046 873//2046
f 831//2047 823//2047 876//2047
f 830//2048 878//2048 832//2048
f 830//2049 877//2049 878//2049
f 830//2050 831//2050 877//2050
f 873//2051 872//2051 879//2051
f 839//2052 872//2052 834//2052
f 879//2053 872//2053 839//2053
f 937//2054 878//2054 877//2054 887//2054
f 875//2055 874//2055 881//2055
f 880//2056 875//2056 881//2056
f 883//2057 884//2057 881//2057 879//2057
f 883//2058 879//2058 839//2058
f 884//2059 885//2059 880//2059 881//2059
f 885//2060 886//2060 882//2060 880//2060
f 883//2061 889//2061 890//2061 884//2061
f 886//2062 887//2062 882//2062
f 884//2063 891//2063 892//2063 885//2063
f 885//2064 892//2064 893//2064 886//2064
f 894//2065 887//2065 886//2065 893//2065
f 842//2066 849//2066 895//2066 889//2066
f 904//2067 900//2067 899//2067 898//2067
f 890//2068 889//2068 896//2068
f 851//2069 895//2069 849//2069
f 898//2070 896//2070 895//2070
f 899//2071 901//2071 892//2071 891//2071
f 899//2072 891//2072 896//2072
f 893//2073 901//2073 902//2073 897//2073
f 893//2074 892//2074 901//2074
f 902//2075 903//2075 888//2075 897//2075
f 851//2076 857//2076 904//2076 898//2076
f 869//2077 871//2077 918//2077 914//2077
f 904//2078 857//2078 858//2078
f 901//2079 899//2079 905//2079
f 901//2080 1415//2080 906//2080
f 902//2081 901//2081 906//2081
f 903//2082 902//2082 907//2082
f 833//2083 909//2083 803//2083
f 910//2084 868//2084 865//2084
f 912//2085 911//2085 909//2085
f 869//2086 689//2086 677//2086
f 914//2087 689//2087 869//2087
f 916//2088 910//2088 911//2088 917//2088
f 910//2089 915//2089 871//2089
f 916//2090 915//2090 910//2090
f 919//2091 915//2091 916//2091 920//2091
f 920//2092 916//2092 917//2092 921//2092
f 921//2093 917//2093 913//2093 924//2093
f 697//2094 914//2094 922//2094 699//2094
f 921//2095 925//2095 920//2095
f 922//2096 914//2096 918//2096 923//2096
f 925//2097 927//2097 930//2097 929//2097
f 919//2098 925//2098 923//2098
f 924//2099 925//2099 921//2099
f 925//2100 926//2100 923//2100
f 924//2101 927//2101 925//2101
f 928//2102 927//2102 924//2102
f 925//2103 929//2103 926//2103
f 930//2104 927//2104 928//2104 931//2104
f 699//2105 922//2105 932//2105 702//2105
f 913//2106 912//2106 936//2106 938//2106
f 922//2107 933//2107 932//2107
f 934//2108 933//2108 923//2108
f 825//2109 935//2109 833//2109
f 936//2110 937//2110 940//2110 939//2110
f 924//2111 913//2111 938//2111 941//2111
f 936//2112 939//2112 938//2112
f 940//2113 888//2113 903//2113 942//2113
f 939//2114 941//2114 938//2114
f 940//2115 942//2115 939//2115
f 928//2116 941//2116 939//2116 943//2116
f 942//2117 903//2117 908//2117 944//2117
f 946//2118 180//2118 174//2118 181//2118
f 943//2119 931//2119 928//2119
f 950//2120 951//2120 945//2120 180//2120
f 181//2121 947//2121 946//2121
f 183//2122 948//2122 182//2122
f 949//2123 948//2123 183//2123
f 950//2124 955//2124 956//2124 951//2124
f 947//2125 952//2125 946//2125
f 953//2126 952//2126 947//2126
f 955//2127 950//2127 954//2127
f 954//2128 953//2128 958//2128 955//2128
f 953//2129 948//2129 957//2129
f 956//2130 955//2130 959//2130 960//2130
f 958//2131 953//2131 957//2131
f 961//2132 207//2132 208//2132 214//2132
f 961//2133 962//2133 967//2133 976//2133
f 214//2134 962//2134 961//2134
f 216//2135 965//2135 963//2135
f 970//2136 971//2136 967//2136 215//2136
f 967//2137 968//2137 976//2137
f 969//2138 968//2138 971//2138 972//2138
f 971//2139 968//2139 967//2139
f 971//2140 970//2140 982//2140 972//2140
f 970//2141 963//2141 965//2141 973//2141
f 949//2142 966//2142 975//2142 957//2142
f 965//2143 984//2143 973//2143
f 966//2144 961//2144 976//2144 975//2144
f 975//2145 958//2145 957//2145
f 988//2146 978//2146 969//2146 980//2146
f 976//2147 977//2147 975//2147
f 976//2148 979//2148 977//2148
f 979//2149 969//2149 978//2149
f 980//2150 969//2150 972//2150 981//2150
f 972//2151 982//2151 983//2151 981//2151
f 959//2152 988//2152 989//2152 960//2152
f 984//2153 974//2153 986//2153
f 987//2154 973//2154 984//2154
f 975//2155 977//2155 958//2155
f 977//2156 978//2156 959//2156
f 991//2157 992//2157 983//2157 985//2157
f 980//2158 989//2158 988//2158
f 1072//2159 989//2159 980//2159
f 985//2160 973//2160 991//2160
f 994//2161 995//2161 991//2161 987//2161
f 992//2162 990//2162 983//2162
f 987//2163 984//2163 986//2163
f 987//2164 986//2164 994//2164
f 225//2165 226//2165 998//2165 997//2165
f 996//2166 991//2166 995//2166
f 1010//2167 1009//2167 997//2167 1001//2167
f 999//2168 998//2168 229//2168
f 230//2169 999//2169 227//2169
f 998//2170 1002//2170 1001//2170
f 1003//2171 1002//2171 999//2171
f 1003//2172 1005//2172 1002//2172
f 1005//2173 1006//2173 1002//2173
f 1002//2174 1006//2174 1004//2174
f 1005//2175 1008//2175 1007//2175
f 974//2176 965//2176 964//2176
f 225//2177 997//2177 1009//2177
f 974//2178 964//2178 1009//2178
f 974//2179 1009//2179 1010//2179
f 1010//2180 986//2180 974//2180
f 1018//2181 1020//2181 1016//2181 1015//2181
f 1001//2182 1012//2182 1010//2182
f 1012//2183 1011//2183 1010//2183
f 1004//2184 1012//2184 1001//2184
f 994//2185 1016//2185 995//2185
f 1015//2186 1011//2186 1013//2186
f 1012//2187 1014//2187 1013//2187
f 995//2188 1016//2188 1017//2188
f 996//2189 995//2189 1017//2189
f 1015//2190 1013//2190 1018//2190
f 1022//2191 1006//2191 1007//2191 1023//2191
f 1016//2192 1020//2192 1017//2192
f 1018//2193 1014//2193 1019//2193
f 1021//2194 1018//2194 1019//2194
f 1021//2195 1020//2195 1018//2195
f 1019//2196 1006//2196 1022//2196
f 1029//2197 1021//2197 1019//2197
f 1029//2198 1023//2198 1030//2198 1033//2198
f 996//2199 1017//2199 1024//2199
f 1017//2200 1020//2200 1025//2200
f 1017//2201 1026//2201 1024//2201
f 1020//2202 1028//2202 1025//2202
f 1032//2203 1021//2203 1029//2203
f 1022//2204 1023//2204 1029//2204
f 1026//2205 1035//2205 1037//2205 1027//2205
f 1028//2206 1021//2206 1032//2206
f 1028//2207 1035//2207 1026//2207
f 1039//2208 1038//2208 1040//2208 1041//2208
f 1032//2209 1029//2209 1033//2209
f 1034//2210 1028//2210 1032//2210
f 1034//2211 1035//2211 1028//2211
f 1030//2212 1036//2212 1033//2212
f 1036//2213 1034//2213 1033//2213
f 1031//2214 1036//2214 1030//2214
f 1034//2215 1038//2215 1035//2215
f 1036//2216 1040//2216 1038//2216
f 1049//2217 1044//2217 483//2217 479//2217
f 1049//2218 479//2218 482//2218
f 945//2219 951//2219 1045//2219 481//2219
f 1045//2220 951//2220 956//2220 1051//2220
f 1046//2221 1043//2221 481//2221
f 1047//2222 1046//2222 1045//2222
f 1047//2223 1048//2223 1046//2223
f 1048//2224 482//2224 1043//2224
f 980//2225 981//2225 1075//2225 1072//2225
f 1051//2226 1052//2226 1047//2226
f 1052//2227 1049//2227 1048//2227
f 1053//2228 1050//2228 1052//2228
f 956//2229 1054//2229 1051//2229
f 1054//2230 1053//2230 1051//2230
f 1055//2231 492//2231 483//2231
f 1056//2232 490//2232 492//2232
f 1057//2233 1058//2233 1056//2233
f 491//2234 490//2234 1058//2234
f 1059//2235 493//2235 1058//2235
f 493//2236 491//2236 1058//2236
f 1062//2237 1044//2237 1050//2237
f 1063//2238 1056//2238 1055//2238
f 1057//2239 1056//2239 1063//2239
f 1065//2240 1059//2240 1057//2240
f 1059//2241 1058//2241 1057//2241
f 1060//2242 493//2242 1059//2242
f 1067//2243 1060//2243 1059//2243
f 1071//2244 1050//2244 1069//2244
f 1064//2245 1062//2245 1071//2245
f 1074//2246 1073//2246 1072//2246
f 1074//2247 1071//2247 1073//2247
f 1065//2248 1063//2248 1064//2248
f 1064//2249 1076//2249 1077//2249 1065//2249
f 1075//2250 1076//2250 1074//2250
f 1077//2251 1078//2251 1079//2251 1066//2251
f 1077//2252 1066//2252 1065//2252
f 1080//2253 960//2253 989//2253 1081//2253
f 1079//2254 1067//2254 1066//2254
f 1067//2255 1059//2255 1066//2255
f 1080//2256 1054//2256 960//2256
f 1080//2257 1053//2257 1054//2257
f 1080//2258 1069//2258 1053//2258
f 1076//2259 1075//2259 1082//2259 1083//2259
f 1081//2260 1070//2260 1080//2260
f 1070//2261 1069//2261 1080//2261
f 1070//2262 1071//2262 1069//2262
f 1073//2263 1070//2263 1081//2263
f 1073//2264 1081//2264 1072//2264
f 1072//2265 1081//2265 989//2265
f 1075//2266 981//2266 990//2266
f 1082//2267 1075//2267 990//2267
f 990//2268 992//2268 1084//2268 1082//2268
f 1083//2269 1082//2269 1084//2269 1085//2269
f 1078//2270 1086//2270 1087//2270 1079//2270
f 1088//2271 1086//2271 1085//2271
f 493//2272 1060//2272 520//2272 519//2272
f 1084//2273 992//2273 993//2273
f 1088//2274 1085//2274 1084//2274
f 996//2275 1089//2275 993//2275
f 1090//2276 1086//2276 1088//2276
f 1091//2277 1090//2277 1088//2277
f 1060//2278 1061//2278 521//2278 520//2278
f 1068//2279 1094//2279 1092//2279 1061//2279
f 1093//2280 1094//2280 1068//2280
f 1067//2281 1096//2281 1093//2281 1068//2281
f 1094//2282 1096//2282 1097//2282 1095//2282
f 1097//2283 1099//2283 1100//2283 1098//2283
f 1096//2284 1079//2284 1087//2284
f 1098//2285 1095//2285 1097//2285
f 1102//2286 1087//2286 1090//2286
f 1097//2287 1087//2287 1102//2287
f 1109//2288 1116//2288 1110//2288 1111//2288
f 1104//2289 1099//2289 1102//2289
f 1101//2290 1099//2290 1104//2290
f 1105//2291 1100//2291 1101//2291
f 1107//2292 1091//2292 1089//2292
f 1103//2293 1091//2293 1107//2293
f 1104//2294 1102//2294 1103//2294
f 1103//2295 1108//2295 1104//2295
f 1108//2296 1106//2296 1104//2296
f 1106//2297 1101//2297 1104//2297
f 1109//2298 1105//2298 1106//2298
f 1111//2299 1110//2299 1119//2299 1112//2299
f 1027//2300 1107//2300 1024//2300
f 1107//2301 1089//2301 1024//2301
f 1113//2302 1107//2302 1027//2302
f 1113//2303 1114//2303 1107//2303
f 1114//2304 1103//2304 1107//2304
f 1117//2305 1110//2305 1116//2305
f 1119//2306 1110//2306 1118//2306
f 533//2307 1120//2307 1121//2307 540//2307
f 1092//2308 539//2308 1061//2308
f 539//2309 521//2309 1061//2309
f 1120//2310 533//2310 539//2310
f 1123//2311 1124//2311 534//2311 540//2311
f 1124//2312 1125//2312 535//2312 534//2312
f 535//2313 1125//2313 1127//2313 541//2313
f 541//2314 1128//2314 1129//2314 537//2314
f 1127//2315 1125//2315 1126//2315
f 542//2316 1129//2316 1130//2316 538//2316
f 542//2317 537//2317 1129//2317
f 539//2318 1094//2318 1095//2318 1131//2318
f 1123//2319 1137//2319 1132//2319 1124//2319
f 1126//2320 1133//2320 1128//2320 1127//2320
f 1126//2321 1125//2321 1132//2321
f 1128//2322 1133//2322 1134//2322 1129//2322
f 1120//2323 1136//2323 1137//2323 1121//2323
f 1130//2324 1129//2324 1135//2324
f 1134//2325 1133//2325 1141//2325 1135//2325
f 1136//2326 1122//2326 1131//2326
f 1132//2327 1137//2327 1138//2327
f 1140//2328 1126//2328 1132//2328
f 1133//2329 1126//2329 1140//2329
f 1140//2330 1145//2330 1146//2330 1133//2330
f 1098//2331 1131//2331 1095//2331
f 1136//2332 1131//2332 1098//2332
f 1143//2333 1142//2333 1136//2333
f 1138//2334 1137//2334 1142//2334
f 1144//2335 1145//2335 1139//2335
f 1098//2336 1148//2336 1149//2336 1136//2336
f 1147//2337 1135//2337 1141//2337
f 1152//2338 1153//2338 1146//2338 1145//2338
f 1143//2339 1136//2339 1149//2339
f 1151//2340 1145//2340 1144//2340
f 1154//2341 1155//2341 1141//2341 1146//2341
f 1155//2342 1156//2342 1147//2342 1141//2342
f 1105//2343 1158//2343 1148//2343 1100//2343
f 1157//2344 1143//2344 1149//2344
f 1157//2345 1150//2345 1143//2345
f 1151//2346 1150//2346 1159//2346 1160//2346
f 1151//2347 1144//2347 1150//2347
f 1149//2348 1162//2348 1163//2348 1157//2348
f 1160//2349 1153//2349 1151//2349
f 1153//2350 1152//2350 1151//2350
f 1155//2351 1161//2351 1156//2351
f 1149//2352 1158//2352 1162//2352
f 1166//2353 1170//2353 1171//2353 1167//2353
f 1163//2354 1150//2354 1157//2354
f 1158//2355 1105//2355 1109//2355
f 1162//2356 1164//2356 1163//2356
f 1164//2357 1159//2357 1163//2357
f 1159//2358 1150//2358 1163//2358
f 1165//2359 1158//2359 1109//2359
f 1165//2360 1162//2360 1158//2360
f 1164//2361 1166//2361 1159//2361
f 1167//2362 1153//2362 1160//2362
f 1168//2363 1165//2363 1109//2363
f 1166//2364 1167//2364 1160//2364
f 1154//2365 1153//2365 1167//2365
f 1111//2366 1169//2366 1168//2366
f 1174//2367 1168//2367 1169//2367 1175//2367
f 1171//2368 1154//2368 1167//2368
f 1161//2369 1171//2369 1170//2369
f 1173//2370 1164//2370 1165//2370
f 1168//2371 1174//2371 1165//2371
f 1174//2372 1175//2372 1176//2372 1173//2372
f 1173//2373 1176//2373 1170//2373 1166//2373
f 1113//2374 1027//2374 1037//2374 1177//2374
f 1175//2375 1172//2375 1176//2375
f 1181//2376 1182//2376 1183//2376 1178//2376
f 1115//2377 1103//2377 1114//2377
f 1177//2378 1178//2378 1114//2378
f 1117//2379 1108//2379 1115//2379
f 1178//2380 1179//2380 1115//2380
f 1179//2381 1180//2381 1117//2381
f 1181//2382 1177//2382 1037//2382
f 1182//2383 1181//2383 1039//2383
f 1199//2384 1194//2384 1195//2384 1200//2384
f 1182//2385 1184//2385 1183//2385
f 1184//2386 1185//2386 1183//2386
f 1187//2387 1186//2387 650//2387
f 1190//2388 1003//2388 1000//2388
f 1186//2389 1191//2389 1190//2389
f 1193//2390 1192//2390 1187//2390
f 1191//2391 1194//2391 1190//2391
f 1191//2392 1195//2392 1194//2392
f 1191//2393 1188//2393 1195//2393
f 1193//2394 1196//2394 1192//2394
f 1197//2395 1196//2395 1189//2395
f 1196//2396 1198//2396 1192//2396
f 1196//2397 1197//2397 1198//2397
f 1199//2398 1008//2398 1194//2398
f 1207//2399 1205//2399 1208//2399 1031//2399
f 1195//2400 1201//2400 1200//2400
f 1198//2401 1201//2401 1192//2401
f 1197//2402 1202//2402 1198//2402
f 1198//2403 1203//2403 1201//2403
f 1198//2404 1202//2404 1203//2404
f 1202//2405 1210//2405 1203//2405
f 1201//2406 1204//2406 1200//2406
f 1199//2407 1207//2407 1008//2407
f 1200//2408 1207//2408 1199//2408
f 1200//2409 1206//2409 1205//2409
f 1204//2410 1206//2410 1200//2410
f 1201//2411 1203//2411 1204//2411
f 1207//2412 1031//2412 1023//2412
f 1189//2413 654//2413 1211//2413 1212//2413
f 1206//2414 1208//2414 1205//2414
f 1204//2415 1258//2415 1206//2415
f 1203//2416 1209//2416 1204//2416
f 1209//2417 1258//2417 1204//2417
f 1203//2418 1210//2418 1209//2418
f 669//2419 668//2419 665//2419
f 667//2420 668//2420 1214//2420 1213//2420
f 1213//2421 1212//2421 1211//2421
f 1219//2422 1220//2422 1223//2422 1222//2422
f 669//2423 1216//2423 1215//2423
f 1214//2424 1217//2424 1213//2424
f 1219//2425 1218//2425 1214//2425
f 1220//2426 1219//2426 1215//2426
f 1217//2427 1221//2427 1197//2427
f 1218//2428 1222//2428 1221//2428
f 1224//2429 1225//2429 1229//2429 1228//2429
f 1224//2430 1202//2430 1197//2430
f 1222//2431 1225//2431 1221//2431
f 1223//2432 1226//2432 1222//2432
f 1225//2433 1224//2433 1221//2433
f 1222//2434 1227//2434 1225//2434
f 1226//2435 1227//2435 1222//2435
f 1224//2436 1228//2436 1202//2436
f 1220//2437 1231//2437 1232//2437 1223//2437
f 1227//2438 1229//2438 1225//2438
f 1230//2439 669//2439 694//2439
f 669//2440 1230//2440 1216//2440
f 1230//2441 1231//2441 1216//2441
f 1231//2442 1220//2442 1216//2442
f 695//2443 700//2443 1238//2443 1230//2443
f 1223//2444 1233//2444 1226//2444
f 1234//2445 1233//2445 1232//2445
f 1233//2446 1235//2446 1226//2446
f 1233//2447 1236//2447 1235//2447
f 1234//2448 1237//2448 1236//2448
f 1241//2449 1239//2449 1240//2449 1242//2449
f 1239//2450 1238//2450 700//2450
f 1240//2451 1239//2451 701//2451
f 1240//2452 702//2452 1243//2452 1242//2452
f 1230//2453 1238//2453 1244//2453 1231//2453
f 1238//2454 1241//2454 1245//2454 1244//2454
f 1232//2455 1231//2455 1244//2455 1248//2455
f 1245//2456 1246//2456 1244//2456
f 1245//2457 1247//2457 1246//2457
f 1242//2458 1247//2458 1245//2458
f 1248//2459 1244//2459 1246//2459 1249//2459
f 1251//2460 1249//2460 1247//2460 1252//2460
f 1247//2461 1249//2461 1246//2461
f 1247//2462 1253//2462 1252//2462
f 1248//2463 1250//2463 1234//2463
f 1249//2464 1250//2464 1248//2464
f 1252//2465 1255//2465 1256//2465 1330//2465
f 1249//2466 1254//2466 1250//2466
f 1249//2467 1251//2467 1254//2467
f 1252//2468 1330//2468 1251//2468
f 1040//2469 1268//2469 1269//2469 1041//2469
f 1206//2470 1259//2470 1208//2470
f 1259//2471 1257//2471 1208//2471
f 1262//2472 1259//2472 1258//2472
f 1257//2473 1260//2473 1036//2473
f 1257//2474 1261//2474 1260//2474
f 1261//2475 1040//2475 1260//2475
f 1259//2476 1263//2476 1257//2476
f 1263//2477 1261//2477 1257//2477
f 1262//2478 1209//2478 1264//2478
f 1262//2479 1264//2479 1263//2479
f 1209//2480 1265//2480 1264//2480
f 1210//2481 1266//2481 1265//2481
f 1261//2482 1268//2482 1040//2482
f 1268//2483 1261//2483 1263//2483 1270//2483
f 1269//2484 1267//2484 1041//2484
f 1279//2485 1278//2485 1274//2485 1275//2485
f 1276//2486 1270//2486 1271//2486
f 1264//2487 1265//2487 1272//2487
f 1264//2488 1272//2488 1271//2488
f 1269//2489 1268//2489 1274//2489
f 1274//2490 1270//2490 1275//2490
f 1269//2491 1274//2491 1278//2491
f 1280//2492 1275//2492 1276//2492 1281//2492
f 1275//2493 1280//2493 1279//2493
f 1266//2494 1210//2494 1228//2494 1299//2494
f 1272//2495 1281//2495 1276//2495
f 1272//2496 1282//2496 1281//2496
f 1277//2497 1278//2497 1284//2497
f 1280//2498 1285//2498 1279//2498
f 1281//2499 1286//2499 1280//2499
f 1286//2500 1285//2500 1280//2500
f 1282//2501 1287//2501 1281//2501
f 1284//2502 1279//2502 1289//2502
f 1284//2503 1290//2503 1288//2503
f 1286//2504 1291//2504 1285//2504
f 1291//2505 1289//2505 1285//2505
f 1281//2506 1292//2506 1286//2506
f 1292//2507 1291//2507 1286//2507
f 1287//2508 1295//2508 1292//2508
f 1228//2509 1210//2509 1202//2509
f 1229//2510 1296//2510 1228//2510
f 1235//2511 1297//2511 1227//2511
f 1304//2512 1297//2512 1301//2512 1307//2512
f 1297//2513 1300//2513 1229//2513
f 1302//2514 1301//2514 1236//2514
f 1298//2515 1303//2515 1302//2515
f 1299//2516 1296//2516 1300//2516 1306//2516
f 1305//2517 1307//2517 1301//2517
f 1299//2518 1282//2518 1266//2518
f 1306//2519 1300//2519 1304//2519 1307//2519
f 1309//2520 1302//2520 1303//2520 1310//2520
f 1305//2521 1309//2521 1308//2521
f 1308//2522 1309//2522 1316//2522 1312//2522
f 1299//2523 1283//2523 1282//2523
f 1299//2524 1311//2524 1283//2524
f 1306//2525 1311//2525 1299//2525
f 1312//2526 1306//2526 1307//2526
f 1283//2527 1311//2527 1319//2527 1318//2527
f 1310//2528 1313//2528 1309//2528
f 1310//2529 1314//2529 1313//2529
f 1312//2530 1315//2530 1306//2530
f 1312//2531 1316//2531 1315//2531
f 1313//2532 1317//2532 1316//2532
f 1314//2533 1317//2533 1313//2533
f 1318//2534 1287//2534 1283//2534
f 1319//2535 1315//2535 1320//2535 1324//2535
f 1315//2536 1319//2536 1311//2536
f 1316//2537 1321//2537 1320//2537
f 1317//2538 1322//2538 1321//2538
f 1323//2539 1322//2539 1317//2539
f 1319//2540 1324//2540 1318//2540
f 1330//2541 1256//2541 1332//2541 1331//2541
f 1320//2542 1325//2542 1324//2542
f 1321//2543 1325//2543 1320//2543
f 1322//2544 1326//2544 1321//2544
f 1328//2545 1327//2545 1322//2545
f 1254//2546 1298//2546 1237//2546
f 1330//2547 1298//2547 1254//2547
f 1330//2548 1331//2548 1333//2548
f 1310//2549 1303//2549 1333//2549 1335//2549
f 1329//2550 1333//2550 1303//2550
f 1338//2551 1339//2551 1340//2551 1293//2551
f 1335//2552 1336//2552 1314//2552
f 1293//2553 1291//2553 1338//2553
f 1338//2554 1294//2554 1342//2554 1339//2554
f 1294//2555 1292//2555 1341//2555
f 1344//2556 1342//2556 1348//2556 1349//2556
f 1342//2557 1341//2557 1343//2557
f 1324//2558 1345//2558 1343//2558
f 1325//2559 1326//2559 1345//2559
f 1326//2560 1327//2560 1346//2560
f 1348//2561 1342//2561 1343//2561
f 1348//2562 1345//2562 1350//2562 1349//2562
f 1351//2563 1510//2563 1354//2563 1352//2563
f 1346//2564 1347//2564 1350//2564
f 1351//2565 1352//2565 1112//2565
f 1118//2566 1351//2566 1119//2566
f 1130//2567 1355//2567 852//2567 538//2567
f 1353//2568 1352//2568 1354//2568
f 856//2569 1358//2569 1359//2569 857//2569
f 1357//2570 855//2570 854//2570
f 853//2571 1360//2571 1361//2571 1357//2571
f 858//2572 857//2572 1359//2572
f 1366//2573 1356//2573 1355//2573
f 1360//2574 853//2574 1356//2574
f 1362//2575 1363//2575 1358//2575 1357//2575
f 1358//2576 1363//2576 1364//2576 1359//2576
f 1367//2577 1368//2577 1360//2577 1356//2577
f 1365//2578 858//2578 1359//2578
f 1366//2579 1355//2579 1135//2579
f 1366//2580 1367//2580 1356//2580
f 1362//2581 1371//2581 1364//2581 1363//2581
f 1361//2582 1369//2582 1362//2582
f 1147//2583 1373//2583 1366//2583 1135//2583
f 1366//2584 1373//2584 1374//2584 1367//2584
f 1368//2585 1376//2585 1377//2585 1361//2585
f 1374//2586 1376//2586 1368//2586
f 1374//2587 1368//2587 1367//2587
f 1377//2588 1376//2588 1375//2588
f 1377//2589 1375//2589 1378//2589 1369//2589
f 1373//2590 1156//2590 1383//2590 1374//2590
f 1379//2591 1380//2591 1378//2591
f 1381//2592 1371//2592 1380//2592
f 1371//2593 1370//2593 1380//2593
f 1382//2594 1364//2594 1371//2594
f 1372//2595 1364//2595 1382//2595
f 1156//2596 1373//2596 1147//2596
f 1388//2597 1389//2597 1378//2597 1375//2597
f 1387//2598 1386//2598 1375//2598
f 1387//2599 1383//2599 1384//2599
f 1387//2600 1376//2600 1383//2600
f 1388//2601 1386//2601 1385//2601
f 1371//2602 1381//2602 1390//2602 1382//2602
f 1379//2603 1378//2603 1389//2603
f 1379//2604 1381//2604 1380//2604
f 1393//2605 1404//2605 1384//2605 1383//2605
f 1401//2606 1391//2606 1381//2606
f 1404//2607 1395//2607 1384//2607
f 1394//2608 1396//2608 1397//2608 1395//2608
f 1385//2609 1386//2609 1395//2609 1397//2609
f 1398//2610 1399//2610 1389//2610 1385//2610
f 1395//2611 1386//2611 1384//2611
f 1379//2612 1400//2612 1401//2612 1381//2612
f 1379//2613 1389//2613 1399//2613
f 1172//2614 1169//2614 1402//2614 1403//2614
f 1402//2615 1169//2615 1112//2615
f 1172//2616 1404//2616 1393//2616 1170//2616
f 1403//2617 1404//2617 1172//2617
f 1402//2618 1112//2618 1352//2618 1394//2618
f 1393//2619 1161//2619 1170//2619
f 1393//2620 1383//2620 1161//2620
f 1410//2621 1405//2621 1399//2621 1398//2621
f 1404//2622 1403//2622 1395//2622
f 1353//2623 1396//2623 1394//2623
f 1398//2624 1396//2624 1353//2624
f 1400//2625 1407//2625 1408//2625 1401//2625
f 1413//2626 1414//2626 900//2626 904//2626
f 1406//2627 1405//2627 1411//2627
f 1406//2628 1411//2628 1544//2628
f 1412//2629 1407//2629 1406//2629
f 1417//2630 907//2630 902//2630 1416//2630
f 905//2631 900//2631 1414//2631
f 1419//2632 1420//2632 1414//2632 1413//2632
f 1416//2633 902//2633 906//2633
f 1413//2634 858//2634 1419//2634
f 1421//2635 1422//2635 906//2635 1415//2635
f 1415//2636 1414//2636 1421//2636
f 1422//2637 1417//2637 1416//2637
f 1417//2638 1422//2638 1433//2638 1427//2638
f 1423//2639 1492//2639 1418//2639
f 1423//2640 1418//2640 1417//2640
f 1419//2641 1365//2641 1372//2641
f 1420//2642 1419//2642 1425//2642
f 1421//2643 1426//2643 1433//2643 1422//2643
f 1424//2644 1492//2644 1428//2644 1429//2644
f 1420//2645 1431//2645 1432//2645 1426//2645
f 1425//2646 1372//2646 1430//2646
f 1431//2647 1420//2647 1425//2647
f 1428//2648 1423//2648 1435//2648 1434//2648
f 1442//2649 1435//2649 1427//2649
f 1433//2650 1442//2650 1427//2650
f 1392//2651 1437//2651 1446//2651 1438//2651
f 1435//2652 1423//2652 1427//2652
f 1436//2653 1429//2653 1428//2653
f 1430//2654 1382//2654 1392//2654
f 1392//2655 1438//2655 1425//2655 1430//2655
f 1431//2656 1438//2656 1441//2656 1432//2656
f 1438//2657 1431//2657 1425//2657
f 1441//2658 1438//2658 1439//2658
f 1442//2659 1433//2659 1441//2659 1440//2659
f 1443//2660 1444//2660 1436//2660 1434//2660
f 1441//2661 1433//2661 1432//2661
f 1391//2662 1401//2662 1408//2662 1437//2662
f 1408//2663 1445//2663 1446//2663 1437//2663
f 1440//2664 1441//2664 1439//2664 1449//2664
f 1445//2665 1447//2665 1446//2665
f 1450//2666 1448//2666 1457//2666 1451//2666
f 1450//2667 1449//2667 1448//2667
f 1450//2668 1451//2668 1442//2668 1440//2668
f 1407//2669 1454//2669 1445//2669 1408//2669
f 1443//2670 1434//2670 1451//2670
f 1452//2671 1443//2671 1451//2671
f 1455//2672 1458//2672 1459//2672 1456//2672
f 1454//2673 1455//2673 1445//2673
f 1456//2674 1449//2674 1447//2674
f 1452//2675 1451//2675 1457//2675
f 1454//2676 1407//2676 1412//2676
f 1458//2677 1455//2677 1454//2677
f 1460//2678 1461//2678 1452//2678 1457//2678
f 1459//2679 1457//2679 1456//2679
f 1452//2680 1461//2680 1462//2680 1453//2680
f 1463//2681 929//2681 931//2681 1464//2681
f 931//2682 929//2682 930//2682
f 926//2683 929//2683 934//2683
f 1243//2684 702//2684 932//2684 1466//2684
f 929//2685 1463//2685 1465//2685
f 1468//2686 1465//2686 1463//2686 1469//2686
f 933//2687 934//2687 1465//2687
f 1243//2688 1466//2688 1472//2688 1247//2688
f 1463//2689 1467//2689 1469//2689
f 1463//2690 1464//2690 1467//2690
f 1468//2691 1470//2691 1465//2691
f 1467//2692 1471//2692 1469//2692
f 1482//2693 1477//2693 1475//2693 1483//2693
f 1470//2694 1472//2694 1466//2694
f 1474//2695 1473//2695 1468//2695
f 1470//2696 1476//2696 1472//2696
f 1474//2697 1478//2697 1473//2697
f 1479//2698 1478//2698 1474//2698
f 1472//2699 1480//2699 1253//2699
f 1481//2700 1480//2700 1476//2700
f 1478//2701 1481//2701 1476//2701
f 1487//2702 1479//2702 1482//2702 1488//2702
f 1479//2703 1481//2703 1478//2703
f 1253//2704 1484//2704 1255//2704
f 1485//2705 1484//2705 1253//2705
f 1486//2706 1485//2706 1480//2706
f 1485//2707 1486//2707 1613//2707 1489//2707
f 1484//2708 1256//2708 1255//2708
f 1485//2709 1489//2709 1484//2709
f 1493//2710 1494//2710 1424//2710 1429//2710
f 1490//2711 1613//2711 1486//2711
f 944//2712 1494//2712 943//2712
f 1424//2713 1494//2713 944//2713
f 1492//2714 1424//2714 944//2714
f 1498//2715 1499//2715 1501//2715 1500//2715
f 1464//2716 1495//2716 1467//2716
f 1471//2717 1495//2717 1498//2717
f 1500//2718 1475//2718 1471//2718
f 1496//2719 1436//2719 1444//2719
f 1496//2720 1499//2720 1498//2720
f 1497//2721 1499//2721 1444//2721
f 1443//2722 1453//2722 1497//2722 1444//2722
f 1504//2723 1505//2723 1501//2723 1499//2723
f 1475//2724 1502//2724 1483//2724
f 1475//2725 1500//2725 1502//2725
f 1462//2726 1506//2726 1503//2726 1453//2726
f 1502//2727 1505//2727 1483//2727
f 1118//2728 1509//2728 1510//2728 1351//2728
f 1504//2729 1503//2729 1506//2729
f 1483//2730 1508//2730 1491//2730
f 1510//2731 1511//2731 1514//2731 1354//2731
f 1182//2732 1042//2732 1267//2732 1516//2732
f 1511//2733 1509//2733 1513//2733
f 1185//2734 1184//2734 1516//2734 1517//2734
f 1513//2735 1519//2735 1520//2735 1514//2735
f 1513//2736 1512//2736 1518//2736
f 1522//2737 1523//2737 1518//2737 1517//2737
f 1520//2738 1515//2738 1514//2738
f 1521//2739 1516//2739 1267//2739
f 1522//2740 1517//2740 1516//2740
f 1526//2741 1527//2741 1522//2741 1521//2741
f 1523//2742 1519//2742 1518//2742
f 1524//2743 1520//2743 1519//2743
f 1521//2744 1273//2744 1277//2744
f 1523//2745 1528//2745 1524//2745 1519//2745
f 1532//2746 1533//2746 1530//2746 1524//2746
f 1530//2747 1525//2747 1524//2747
f 1529//2748 1528//2748 1531//2748
f 1532//2749 1524//2749 1529//2749
f 1288//2750 1534//2750 1526//2750 1277//2750
f 1535//2751 1531//2751 1528//2751 1522//2751
f 1535//2752 1522//2752 1527//2752
f 1536//2753 1537//2753 1532//2753 1529//2753
f 1536//2754 1529//2754 1531//2754
f 1527//2755 1538//2755 1539//2755 1535//2755
f 1410//2756 1543//2756 1544//2756 1411//2756
f 1531//2757 1535//2757 1536//2757
f 1537//2758 1536//2758 1541//2758
f 1541//2759 1535//2759 1539//2759
f 1543//2760 1410//2760 1409//2760
f 1515//2761 1546//2761 1543//2761 1409//2761
f 1545//2762 1406//2762 1544//2762
f 1412//2763 1406//2763 1545//2763
f 1548//2764 1562//2764 1559//2764 1554//2764
f 1547//2765 1544//2765 1543//2765
f 1545//2766 1544//2766 1548//2766
f 1549//2767 1548//2767 1554//2767
f 1550//2768 1546//2768 1515//2768
f 1546//2769 1550//2769 1551//2769
f 1553//2770 1547//2770 1546//2770
f 1553//2771 1546//2771 1551//2771
f 1553//2772 1551//2772 1552//2772
f 1548//2773 1553//2773 1552//2773
f 1556//2774 1550//2774 1525//2774
f 1551//2775 1550//2775 1557//2775
f 1562//2776 1548//2776 1552//2776
f 1559//2777 1560//2777 1555//2777 1554//2777
f 1530//2778 1557//2778 1556//2778 1525//2778
f 1565//2779 1566//2779 1563//2779 1562//2779
f 1558//2780 1551//2780 1557//2780
f 1562//2781 1558//2781 1564//2781
f 1563//2782 1559//2782 1562//2782
f 1560//2783 1559//2783 1563//2783
f 1561//2784 1557//2784 1568//2784
f 1558//2785 1557//2785 1561//2785
f 1565//2786 1562//2786 1564//2786
f 1561//2787 1572//2787 1570//2787 1564//2787
f 1560//2788 1563//2788 1567//2788
f 1568//2789 1530//2789 1533//2789
f 1561//2790 1568//2790 1569//2790
f 1573//2791 1574//2791 1565//2791 1570//2791
f 1571//2792 1567//2792 1566//2792
f 1568//2793 1533//2793 1542//2793
f 1707//2794 1573//2794 1572//2794
f 1570//2795 1572//2795 1573//2795
f 1412//2796 1545//2796 1577//2796 1454//2796
f 1574//2797 1566//2797 1565//2797
f 1458//2798 1578//2798 1579//2798 1459//2798
f 1578//2799 1458//2799 1454//2799
f 1579//2800 1581//2800 1582//2800 1460//2800
f 1460//2801 1459//2801 1579//2801
f 1580//2802 1462//2802 1461//2802
f 1577//2803 1545//2803 1549//2803
f 1581//2804 1579//2804 1578//2804
f 1582//2805 1583//2805 1580//2805 1461//2805
f 1582//2806 1461//2806 1460//2806
f 1555//2807 1584//2807 1577//2807 1549//2807
f 1586//2808 1589//2808 1590//2808 1581//2808
f 1585//2809 1584//2809 1555//2809
f 1581//2810 1578//2810 1586//2810
f 1583//2811 1582//2811 1587//2811
f 1585//2812 1555//2812 1588//2812
f 1589//2813 1586//2813 1585//2813
f 1591//2814 1592//2814 1587//2814 1582//2814
f 1582//2815 1581//2815 1591//2815
f 1593//2816 1594//2816 1589//2816 1585//2816
f 1594//2817 1596//2817 1590//2817 1589//2817
f 1590//2818 1596//2818 1597//2818 1591//2818
f 1597//2819 1596//2819 1595//2819
f 1597//2820 1598//2820 1592//2820 1591//2820
f 1567//2821 1599//2821 1588//2821 1560//2821
f 1595//2822 1596//2822 1600//2822 1601//2822
f 1605//2823 1600//2823 1593//2823
f 1597//2824 1602//2824 1603//2824 1598//2824
f 1600//2825 1596//2825 1594//2825
f 1599//2826 1606//2826 1607//2826 1605//2826
f 1599//2827 1567//2827 1571//2827
f 1605//2828 1593//2828 1599//2828
f 1606//2829 1599//2829 1571//2829
f 1608//2830 1609//2830 1602//2830 1595//2830
f 1601//2831 1607//2831 1608//2831
f 1608//2832 1595//2832 1601//2832
f 1603//2833 1610//2833 1611//2833 1604//2833
f 1603//2834 1602//2834 1610//2834
f 1256//2835 1484//2835 1489//2835 1332//2835
f 1614//2836 1490//2836 1487//2836 1615//2836
f 1489//2837 1612//2837 1332//2837
f 1613//2838 1612//2838 1489//2838
f 1617//2839 1616//2839 1612//2839 1618//2839
f 1491//2840 1615//2840 1488//2840
f 1612//2841 1616//2841 1332//2841
f 1614//2842 1615//2842 1620//2842 1619//2842
f 1613//2843 1618//2843 1612//2843
f 1619//2844 1618//2844 1614//2844
f 1620//2845 1615//2845 1491//2845 1621//2845
f 1623//2846 1620//2846 1621//2846 1624//2846
f 1618//2847 1622//2847 1617//2847
f 1619//2848 1622//2848 1618//2848
f 1625//2849 1616//2849 1617//2849 1626//2849
f 1625//2850 1334//2850 1616//2850
f 1619//2851 1623//2851 1634//2851 1627//2851
f 1622//2852 1626//2852 1617//2852
f 1619//2853 1627//2853 1622//2853
f 1336//2854 1331//2854 1334//2854 1630//2854
f 1623//2855 1628//2855 1634//2855
f 1624//2856 1629//2856 1628//2856
f 1624//2857 1628//2857 1623//2857
f 1631//2858 1630//2858 1625//2858 1632//2858
f 1625//2859 1630//2859 1334//2859
f 1632//2860 1626//2860 1633//2860 1636//2860
f 1626//2861 1632//2861 1625//2861
f 1630//2862 1642//2862 1336//2862
f 1632//2863 1636//2863 1635//2863
f 1637//2864 1627//2864 1634//2864 1639//2864
f 1627//2865 1637//2865 1633//2865
f 1634//2866 1628//2866 1640//2866 1639//2866
f 1640//2867 1628//2867 1629//2867 1638//2867
f 1642//2868 1631//2868 1635//2868 1643//2868
f 1323//2869 1641//2869 1328//2869
f 1336//2870 1641//2870 1323//2870
f 1642//2871 1641//2871 1336//2871
f 1576//2872 1328//2872 1641//2872 1647//2872
f 1637//2873 1644//2873 1636//2873
f 1639//2874 1644//2874 1637//2874
f 1640//2875 1646//2875 1639//2875
f 1638//2876 1646//2876 1640//2876
f 1648//2877 1635//2877 1636//2877 1649//2877
f 1642//2878 1647//2878 1641//2878
f 1648//2879 1647//2879 1643//2879
f 1653//2880 1508//2880 1507//2880 1652//2880
f 1638//2881 1645//2881 1651//2881
f 1506//2882 1462//2882 1580//2882
f 1583//2883 1654//2883 1506//2883 1580//2883
f 1506//2884 1654//2884 1655//2884 1652//2884
f 1653//2885 1652//2885 1657//2885 1656//2885
f 1621//2886 1491//2886 1653//2886 1656//2886
f 1592//2887 1598//2887 1663//2887 1658//2887
f 1658//2888 1654//2888 1583//2888
f 1659//2889 1655//2889 1654//2889
f 1657//2890 1659//2890 1660//2890
f 1657//2891 1660//2891 1656//2891
f 1661//2892 1659//2892 1658//2892
f 1660//2893 1624//2893 1656//2893
f 1604//2894 1668//2894 1663//2894 1598//2894
f 1661//2895 1663//2895 1664//2895
f 1661//2896 1664//2896 1659//2896
f 1662//2897 1664//2897 1665//2897
f 1662//2898 1665//2898 1660//2898
f 1660//2899 1665//2899 1666//2899
f 1660//2900 1666//2900 1624//2900
f 1666//2901 1665//2901 1671//2901 1670//2901
f 1629//2902 1666//2902 1670//2902 1638//2902
f 1667//2903 1673//2903 1669//2903 1668//2903
f 1673//2904 1672//2904 1669//2904
f 1645//2905 1670//2905 1671//2905 1672//2905
f 1604//2906 1611//2906 1667//2906 1668//2906
f 1671//2907 1669//2907 1672//2907
f 1541//2908 1676//2908 1677//2908 1537//2908
f 1672//2909 1675//2909 1645//2909
f 1677//2910 1678//2910 1542//2910 1537//2910
f 1679//2911 1676//2911 1541//2911 1538//2911
f 1337//2912 1340//2912 1689//2912 1685//2912
f 1540//2913 1293//2913 1337//2913
f 1540//2914 1681//2914 1680//2914
f 1340//2915 1337//2915 1293//2915
f 1676//2916 1679//2916 1682//2916
f 1683//2917 1677//2917 1676//2917
f 1683//2918 1678//2918 1677//2918
f 1679//2919 1680//2919 1684//2919
f 1685//2920 1689//2920 1695//2920 1693//2920
f 1344//2921 1686//2921 1339//2921
f 1683//2922 1676//2922 1687//2922
f 1679//2923 1688//2923 1682//2923
f 1693//2924 1684//2924 1685//2924
f 1688//2925 1691//2925 1687//2925 1682//2925
f 1344//2926 1690//2926 1686//2926
f 1693//2927 1695//2927 1700//2927 1694//2927
f 1688//2928 1684//2928 1693//2928
f 1694//2929 1688//2929 1693//2929
f 1695//2930 1689//2930 1686//2930 1700//2930
f 1697//2931 1692//2931 1698//2931 1699//2931
f 1690//2932 1700//2932 1686//2932
f 1690//2933 1696//2933 1700//2933
f 1697//2934 1716//2934 1692//2934
f 1698//2935 1691//2935 1694//2935
f 1698//2936 1692//2936 1691//2936
f 1701//2937 1703//2937 1705//2937 1704//2937
f 1702//2938 1701//2938 1700//2938
f 1696//2939 1703//2939 1702//2939
f 1705//2940 1699//2940 1704//2940
f 1569//2941 1706//2941 1707//2941 1572//2941
f 1706//2942 1569//2942 1542//2942
f 1717//2943 1716//2943 1697//2943 1722//2943
f 1708//2944 1573//2944 1707//2944
f 1574//2945 1573//2945 1709//2945
f 1571//2946 1574//2946 1710//2946
f 1711//2947 1606//2947 1710//2947
f 1712//2948 1713//2948 1707//2948
f 1713//2949 1708//2949 1707//2949
f 1714//2950 1710//2950 1709//2950
f 1716//2951 1678//2951 1683//2951
f 1717//2952 1713//2952 1712//2952
f 1718//2953 1709//2953 1713//2953
f 1714//2954 1709//2954 1718//2954
f 1717//2955 1712//2955 1716//2955
f 1723//2956 1727//2956 1724//2956 1720//2956
f 1722//2957 1719//2957 1717//2957
f 1719//2958 1713//2958 1717//2958
f 1723//2959 1718//2959 1719//2959
f 1714//2960 1718//2960 1723//2960
f 1724//2961 1725//2961 1721//2961 1720//2961
f 1720//2962 1714//2962 1723//2962
f 1728//2963 1729//2963 1725//2963 1724//2963
f 1699//2964 1726//2964 1697//2964
f 1727//2965 1719//2965 1722//2965
f 1727//2966 1722//2966 1726//2966
f 1726//2967 1699//2967 1705//2967 1728//2967
f 1730//2968 1347//2968 1327//2968 1731//2968
f 1729//2969 1728//2969 1705//2969
f 1732//2970 1731//2970 1575//2970 1733//2970
f 1575//2971 1731//2971 1327//2971
f 1575//2972 1328//2972 1576//2972 1733//2972
f 1736//2973 1735//2973 1730//2973 1731//2973
f 1350//2974 1734//2974 1349//2974
f 1735//2975 1734//2975 1350//2975
f 1735//2976 1736//2976 1734//2976
f 1347//2977 1730//2977 1735//2977
f 1738//2978 1734//2978 1740//2978 1690//2978
f 1734//2979 1738//2979 1349//2979
f 1741//2980 1740//2980 1736//2980 1742//2980
f 1740//2981 1741//2981 1739//2981
f 1736//2982 1740//2982 1734//2982
f 1732//2983 1733//2983 1745//2983 1743//2983
f 1737//2984 1743//2984 1742//2984
f 1696//2985 1739//2985 1741//2985 1747//2985
f 1745//2986 1746//2986 1743//2986
f 1739//2987 1696//2987 1690//2987
f 1752//2988 1744//2988 1755//2988 1756//2988
f 1747//2989 1749//2989 1748//2989
f 1750//2990 1744//2990 1765//2990
f 1753//2991 1752//2991 1756//2991 1757//2991
f 1759//2992 1748//2992 1762//2992 1703//2992
f 1746//2993 1755//2993 1744//2993
f 1757//2994 1758//2994 1754//2994
f 1749//2995 1765//2995 1766//2995 1762//2995
f 1763//2996 1761//2996 1760//2996
f 1764//2997 1760//2997 1762//2997
f 1764//2998 1762//2998 1766//2998 1767//2998
f 1767//2999 1766//2999 1769//2999 1753//2999
f 1768//3000 1763//3000 1767//3000
f 1771//3001 1775//3001 1776//3001 1772//3001
f 1753//3002 1769//3002 1752//3002
f 1768//3003 1754//3003 1751//3003
f 1703//3004 1760//3004 1705//3004
f 1609//3005 1608//3005 1772//3005
f 1774//3006 1770//3006 1606//3006
f 1772//3007 1776//3007 1777//3007 1609//3007
f 1777//3008 1778//3008 1610//3008 1609//3008
f 1775//3009 1781//3009 1782//3009 1776//3009
f 1779//3010 1770//3010 1774//3010
f 1779//3011 1771//3011 1770//3011
f 1780//3012 1781//3012 1775//3012
f 1776//3013 1782//3013 1784//3013 1777//3013
f 1790//3014 1788//3014 1781//3014 1780//3014
f 1783//3015 1778//3015 1784//3015
f 1778//3016 1777//3016 1784//3016
f 1785//3017 1778//3017 1783//3017
f 1785//3018 1809//3018 1778//3018
f 1786//3019 1721//3019 1725//3019
f 1786//3020 1774//3020 1721//3020
f 1786//3021 1787//3021 1779//3021
f 1786//3022 1779//3022 1774//3022
f 1751//3023 1754//3023 1783//3023 1782//3023
f 1782//3024 1788//3024 1751//3024
f 1782//3025 1781//3025 1788//3025
f 1783//3026 1754//3026 1758//3026 1785//3026
f 1802//3027 1797//3027 1798//3027 1803//3027
f 1789//3028 1787//3028 1786//3028
f 1790//3029 1780//3029 1789//3029
f 1788//3030 1790//3030 1763//3030
f 1788//3031 1763//3031 1751//3031
f 1761//3032 1729//3032 1705//3032
f 1791//3033 1576//3033 1647//3033
f 1648//3034 1792//3034 1791//3034
f 1649//3035 1792//3035 1648//3035
f 1644//3036 1792//3036 1649//3036
f 1650//3037 1792//3037 1644//3037
f 1646//3038 1793//3038 1650//3038
f 1791//3039 1794//3039 1576//3039
f 1791//3040 1795//3040 1794//3040
f 1792//3041 1795//3041 1791//3041
f 1792//3042 1796//3042 1795//3042
f 1650//3043 1797//3043 1792//3043
f 1799//3044 1798//3044 1797//3044
f 1799//3045 1797//3045 1793//3045
f 1745//3046 1800//3046 1746//3046
f 1794//3047 1800//3047 1745//3047
f 1795//3048 1800//3048 1794//3048
f 1795//3049 1801//3049 1800//3049
f 1795//3050 1796//3050 1801//3050
f 1796//3051 1797//3051 1801//3051
f 1756//3052 1804//3052 1805//3052 1757//3052
f 1800//3053 1804//3053 1746//3053
f 1805//3054 1804//3054 1801//3054 1802//3054
f 1801//3055 1804//3055 1800//3055
f 1805//3056 1802//3056 1803//3056 1758//3056
f 1793//3057 1651//3057 1645//3057 1808//3057
f 1806//3058 1611//3058 1773//3058
f 1806//3059 1667//3059 1611//3059
f 1675//3060 1807//3060 1808//3060
f 1675//3061 1808//3061 1645//3061
f 1810//3062 1806//3062 1773//3062
f 1810//3063 1811//3063 1807//3063
f 1810//3064 1807//3064 1806//3064
f 1799//3065 1808//3065 1798//3065
f 1812//3066 1809//3066 1785//3066
f 1809//3067 1810//3067 1773//3067
f 1811//3068 1809//3068 1812//3068
f 1798//3069 1811//3069 1803//3069
f 1798//3070 1808//3070 1811//3070
f 1812//3071 1785//3071 1758//3071
